Внешний код,Название,Символьный код,Активность,Сортировка,Текст анонса,Тип текста,Картинка анонса,Детальный текст,Тип текста,Детальная картинка,Производитель,Партномер,Тип,Модельный ряд,Ёмкость_пикофарад_пФ,Код,Корпус,Точность (погрешность) от,Точность (погрешность) до,Диапазон рабочих температур °C от,Диапазон рабочих температур °C до,№ ТУ на серию,Обозначение КД,Номинальное напряжение_В,Особенности продукции,Применение для электрических цепей,Область применения,Уровни гарантии качества,Дополнительные фото,Datasheet,Документация,Подписи Документация,Заменяет,Заголовок h1,title,description,Название секции 1 уровень,XML_ID секции 1 уровень
"Обязательное
svch-kondensatory_№","Строка
Обязательное
СВЧ-конденсатор - серия - ёмкость","Строка
","да/нет (галочка)
Варианты значений:
Y
N
","Число
Комментарий:
Шаг 10 или 100","HTML/текст
","Техническое свойство
Варианты заполнения: html или text","Файл
","HTML/текст
","Техническое свойство
Варианты заполнения: html или text","Файл
","Строка
Обязательное
","Строка
","Строка
","Строка
","Число
Комментарий:
[!!] самый главный параметр","Строка
","Строка
","Строка
","Строка
","Строка
","Строка
","Строка
","Строка
","Строка
","HTML/текст
","HTML/текст
","HTML/текст
","HTML/текст
","Файл
Множественное
","Файл
","Файл
Множественное
Комментарий:
Подписи для всех:
Руководство по применению####
Маркировка####
Наборы инструментов####
Инструкция по установке####
Составные элементы####
Информация по серии####

Файлы для всех:
Руководство по применению ЭКБ ТЕСТ.pdf####
Маркировка ЭКБ ТЕСТ.pdf####
Наборы иструментов и датчиков для моделирования ЭКБ ТЕСТ.pdf####
Иструкция по установке ЭКБ ТЕСТ.pdf####
Составные элементы мощных чип-конд. для ВП ЭКБ ТЕСТ.pdf####
Общая по серии а ЭКБ ТЕСТ.pdf####",,"Привязка к элементам по XML_ID
Множественное
","Строка
","Строка
","Строка
",Строка,Привязка по XML_ID
IE_XML_ID,IE_NAME,IE_CODE,IE_ACTIVE,IE_SORT,IE_PREVIEW_TEXT,IE_PREVIEW_TEXT_TYPE,IE_PREVIEW_PICTURE,IE_DETAIL_TEXT,IE_DETAIL_TEXT_TYPE,IE_DETAIL_PICTURE,MANUFACTURER,PARTNUMBER,TYPE,THE_LINEUP,PICOPARAD_PF,CODE,FRAME,ACCURACY_FROM,ACCURACY_TO,THE_RANGE_OF_OPERATING_TEMPERATURES_FROM,THE_RANGE_OF_OPERATING_TEMPERATURES_TO,NUMBER_FOR_THE_SERIES,DESIGNATION,RATED_VOLTAGE,FEATURES_OF_PRODUCTS,APPLICATION_FOR_ELECTRIC_CIRCUITS,APPLICATION_AREA,QUALITY_GUARANTEE_LEVELS,PHOTOS,DATASHEET,DOCS,DOCS_DSCR,REPLACES,H1,TITLE,DESCRIPTION,IC_GROUP0,IC_XML_ID0
demo_svch-kondensatory_1,ДЕМО элемент,demo-element,Y,100,"<p>Мы работали с поисковыми системами на всех этапах их становления и прошли путь от обмена ссылками до работы с поведенческим фактором.</p>
<p>За более чем 15 лет работы в различных условиях мы сформировали уникальный ценный опыт. Нам есть о чем вспомнить, однако самые яркие случаи из практики для нас — это вернувшиеся клиенты, которые поработали с другими компаниями и в итоге все-таки выбрали нас.</p>
<p>К нам возвращаются, нас рекомендуют друзьям. И мы делаем все, чтобы оправдывать оказанное доверие.</p>",html,demo_1.jpeg,"<p>Мы работали с поисковыми системами на всех этапах их становления и прошли путь от обмена ссылками до работы с поведенческим фактором.</p>
<p>За более чем 15 лет работы в различных условиях мы сформировали уникальный ценный опыт. Нам есть о чем вспомнить, однако самые яркие случаи из практики для нас — это вернувшиеся клиенты, которые поработали с другими компаниями и в итоге все-таки выбрали нас.</p>
<p>К нам возвращаются, нас рекомендуют друзьям. И мы делаем все, чтобы оправдывать оказанное доверие.</p>",html,demo_1.jpeg,Сайты для SEO,Сайты для SEO,Сайты для SEO,Сайты для SEO,1,Сайты для SEO,Сайты для SEO,Сайты для SEO,Сайты для SEO,Сайты для SEO,Сайты для SEO,Сайты для SEO,Сайты для SEO,Сайты для SEO,"<p>Мы работали с поисковыми системами на всех этапах их становления и прошли путь от обмена ссылками до работы с поведенческим фактором.</p>
<p>За более чем 15 лет работы в различных условиях мы сформировали уникальный ценный опыт. Нам есть о чем вспомнить, однако самые яркие случаи из практики для нас — это вернувшиеся клиенты, которые поработали с другими компаниями и в итоге все-таки выбрали нас.</p>
<p>К нам возвращаются, нас рекомендуют друзьям. И мы делаем все, чтобы оправдывать оказанное доверие.</p>","<p>Мы работали с поисковыми системами на всех этапах их становления и прошли путь от обмена ссылками до работы с поведенческим фактором.</p>
<p>За более чем 15 лет работы в различных условиях мы сформировали уникальный ценный опыт. Нам есть о чем вспомнить, однако самые яркие случаи из практики для нас — это вернувшиеся клиенты, которые поработали с другими компаниями и в итоге все-таки выбрали нас.</p>
<p>К нам возвращаются, нас рекомендуют друзьям. И мы делаем все, чтобы оправдывать оказанное доверие.</p>","<p>Мы работали с поисковыми системами на всех этапах их становления и прошли путь от обмена ссылками до работы с поведенческим фактором.</p>
<p>За более чем 15 лет работы в различных условиях мы сформировали уникальный ценный опыт. Нам есть о чем вспомнить, однако самые яркие случаи из практики для нас — это вернувшиеся клиенты, которые поработали с другими компаниями и в итоге все-таки выбрали нас.</p>
<p>К нам возвращаются, нас рекомендуют друзьям. И мы делаем все, чтобы оправдывать оказанное доверие.</p>","<p>Мы работали с поисковыми системами на всех этапах их становления и прошли путь от обмена ссылками до работы с поведенческим фактором.</p>
<p>За более чем 15 лет работы в различных условиях мы сформировали уникальный ценный опыт. Нам есть о чем вспомнить, однако самые яркие случаи из практики для нас — это вернувшиеся клиенты, которые поработали с другими компаниями и в итоге все-таки выбрали нас.</p>
<p>К нам возвращаются, нас рекомендуют друзьям. И мы делаем все, чтобы оправдывать оказанное доверие.</p>",demo_1.jpeg####demo_2.jpeg####demo_3.jpeg,demo_1.jpeg,demo_1.jpeg####demo_2.jpeg####demo_3.jpeg,Оценка спроса####Маркетинговое исследование####Образ бренда,element_1####element_2####element_3,ДЕМО заголовок элемента,ДЕМО title страницы,ДЕМО description страницы,ДЕМО Секция 1,demo_svch-kondensatory_section_1
svch-kondensatory_1,"СВЧ-конденсатор ARC70A 0,1 пФ",svch-kondensator-arc70a-0-1-pf,Y,200,"<p>Серия ARC70 - это сверхвысокочастотные/высокочастотные многослойные керамические чип-конденсаторы, температурный коэффициент которых составляет 0±30 м.д. / °С.</p>",html,14.jpg,"<p>Серия ARC70 - это сверхвысокочастотные/высокочастотные многослойные керамические чип-конденсаторы, температурный коэффициент которых составляет 0±30 м.д. / °С.</p>",html,14.jpg,ЭКБ ТЕСТ,0R1,Сверх-высокочастотные многослойные керамические чип-конденсаторы для ВП,ARC70,"0,1",0R1,0505,±0.05 пФ,±0.5 пФ,-55,200,ТКЕС.434410.002ТУ,ТКЕС.434410.001,150 В Код 151 или 300 В Код 301,"<p>Высококачественные, высокое значение тока высокой частоты (ТВЧ)/напряжения тока, высокое значение радиочастотной мощности, низкое значение эквивалентного последовательного сопротивления (ESR)/ эквивалентной последовательной индуктивности (ESL), низкий уровень шума, повышенная степень надёжности.</p>","<p>Высокочастотные / микроволновые / радиочастотные усилители, усилители с низким уровнем помех, индуктивно-емкостные сглаживающие фильтры и так далее.</p>","<p>Модули радиотехнической разведки и радиоэлектронной борьбы для военных сверхвысокочастотных радиолокационных станций с фазированной антенной решеткой, военные коротковолновые, ультракоротковолновые, микроволновые системы связи.</p>","<p>Государственный военный стандарт, 7 специальный уровень качества, стандарт качества военной продукции.</p>",,ARC70A ЭКБ ТЕСТ.pdf,Руководство по применению ЭКБ ТЕСТ.pdf####Маркировка ЭКБ ТЕСТ.pdf####Наборы иструментов и датчиков для моделирования ЭКБ ТЕСТ.pdf####Иструкция по установке ЭКБ ТЕСТ.pdf####Составные элементы мощных чип-конд. для ВП ЭКБ ТЕСТ.pdf####Общая по серии а ЭКБ ТЕСТ.pdf,Руководство по применению####Маркировка####Наборы инструментов####Инструкция по установке####Составные элементы####Информация по серии####,svch-kondensatory_87####svch-kondensatory_88####svch-kondensatory_89####svch-kondensatory_90,"СВЧ-конденсатор ARC70A 0,1 пФ","СВЧ-конденсатор ARC70A 0,1 пФ⚡Изготовление на заказ ✔ pin-to-pin замены СВЧ-конденсаторов ATC700A (American Technical Ceramics)⚡Испытательная лаборатория⚡ЭКБ ТЕСТ","Наша продукция является прямой заменой конденсаторов ATC (American Technical Ceramics). Надёжный партнёр для вашего бизнеса. Комплексные решения в микроэлектронике. Адекватные цены на СВЧ-конденсатор ARC70A 0,1 пФ. Разумные сроки. Индивидуальный подход.",СВЧ-конденсаторы ЭКБ ТЕСТ,svch-kondensatory_section_6
svch-kondensatory_2,"СВЧ-конденсатор ARC70A 0,2 пФ",svch-kondensator-arc70a-0-2-pf,Y,300,"<p>Серия ARC70 - это сверхвысокочастотные/высокочастотные многослойные керамические чип-конденсаторы, температурный коэффициент которых составляет 0±30 м.д. / °С.</p>",html,11.jpg,"<p>Серия ARC70 - это сверхвысокочастотные/высокочастотные многослойные керамические чип-конденсаторы, температурный коэффициент которых составляет 0±30 м.д. / °С.</p>",html,11.jpg,ЭКБ ТЕСТ,0R2,Сверх-высокочастотные многослойные керамические чип-конденсаторы для ВП,ARC70,"0,2",0R2,0505,±0.05 пФ,±0.5 пФ,-55,200,,,150 В Код 151 или 300 В Код 301,"<p>Высококачественные, высокое значение тока высокой частоты (ТВЧ)/напряжения тока, высокое значение радиочастотной мощности, низкое значение эквивалентного последовательного сопротивления (ESR)/ эквивалентной последовательной индуктивности (ESL), низкий уровень шума, повышенная степень надёжности.</p>","<p>Высокочастотные / микроволновые / радиочастотные усилители, усилители с низким уровнем помех, индуктивно-емкостные сглаживающие фильтры и так далее.</p>","<p>Модули радиотехнической разведки и радиоэлектронной борьбы для военных сверхвысокочастотных радиолокационных станций с фазированной антенной решеткой, военные коротковолновые, ультракоротковолновые, микроволновые системы связи.</p>","<p>Государственный военный стандарт, 7 специальный уровень качества, стандарт качества военной продукции.</p>",,ARC70A ЭКБ ТЕСТ.pdf,Руководство по применению ЭКБ ТЕСТ.pdf####Маркировка ЭКБ ТЕСТ.pdf####Наборы иструментов и датчиков для моделирования ЭКБ ТЕСТ.pdf####Иструкция по установке ЭКБ ТЕСТ.pdf####Составные элементы мощных чип-конд. для ВП ЭКБ ТЕСТ.pdf####Общая по серии а ЭКБ ТЕСТ.pdf,Руководство по применению####Маркировка####Наборы инструментов####Инструкция по установке####Составные элементы####Информация по серии####,svch-kondensatory_87####svch-kondensatory_88####svch-kondensatory_89####svch-kondensatory_90,"СВЧ-конденсатор ARC70A 0,2 пФ","СВЧ-конденсатор ARC70A 0,2 пФ⚡Изготовление на заказ ✔ pin-to-pin замены СВЧ-конденсаторов ATC700A (American Technical Ceramics)⚡Испытательная лаборатория⚡ЭКБ ТЕСТ","Наша продукция является прямой заменой конденсаторов ATC (American Technical Ceramics). Надёжный партнёр для вашего бизнеса. Комплексные решения в микроэлектронике. Адекватные цены на СВЧ-конденсатор ARC70A 0,2 пФ. Разумные сроки. Индивидуальный подход.",СВЧ-конденсаторы ЭКБ ТЕСТ,svch-kondensatory_section_6
svch-kondensatory_3,"СВЧ-конденсатор ARC70A 0,3 пФ",svch-kondensator-arc70a-0-3-pf,Y,400,"<p>Серия ARC70 - это сверхвысокочастотные/высокочастотные многослойные керамические чип-конденсаторы, температурный коэффициент которых составляет 0±30 м.д. / °С.</p>",html,14.jpg,"<p>Серия ARC70 - это сверхвысокочастотные/высокочастотные многослойные керамические чип-конденсаторы, температурный коэффициент которых составляет 0±30 м.д. / °С.</p>",html,14.jpg,ЭКБ ТЕСТ,0R3,Сверх-высокочастотные многослойные керамические чип-конденсаторы для ВП,ARC70,"0,3",0R3,0505,±0.05 пФ,±0.5 пФ,-55,200,,,150 В Код 151 или 300 В Код 301,"<p>Высококачественные, высокое значение тока высокой частоты (ТВЧ)/напряжения тока, высокое значение радиочастотной мощности, низкое значение эквивалентного последовательного сопротивления (ESR)/ эквивалентной последовательной индуктивности (ESL), низкий уровень шума, повышенная степень надёжности.</p>","<p>Высокочастотные / микроволновые / радиочастотные усилители, усилители с низким уровнем помех, индуктивно-емкостные сглаживающие фильтры и так далее.</p>","<p>Модули радиотехнической разведки и радиоэлектронной борьбы для военных сверхвысокочастотных радиолокационных станций с фазированной антенной решеткой, военные коротковолновые, ультракоротковолновые, микроволновые системы связи.</p>","<p>Государственный военный стандарт, 7 специальный уровень качества, стандарт качества военной продукции.</p>",,ARC70A ЭКБ ТЕСТ.pdf,Руководство по применению ЭКБ ТЕСТ.pdf####Маркировка ЭКБ ТЕСТ.pdf####Наборы иструментов и датчиков для моделирования ЭКБ ТЕСТ.pdf####Иструкция по установке ЭКБ ТЕСТ.pdf####Составные элементы мощных чип-конд. для ВП ЭКБ ТЕСТ.pdf####Общая по серии а ЭКБ ТЕСТ.pdf,Руководство по применению####Маркировка####Наборы инструментов####Инструкция по установке####Составные элементы####Информация по серии####,svch-kondensatory_87####svch-kondensatory_88####svch-kondensatory_89####svch-kondensatory_90,"СВЧ-конденсатор ARC70A 0,3 пФ","СВЧ-конденсатор ARC70A 0,3 пФ⚡Изготовление на заказ ✔ pin-to-pin замены СВЧ-конденсаторов ATC700A (American Technical Ceramics)⚡Испытательная лаборатория⚡ЭКБ ТЕСТ","Наша продукция является прямой заменой конденсаторов ATC (American Technical Ceramics). Надёжный партнёр для вашего бизнеса. Комплексные решения в микроэлектронике. Адекватные цены на СВЧ-конденсатор ARC70A 0,3 пФ. Разумные сроки. Индивидуальный подход.",СВЧ-конденсаторы ЭКБ ТЕСТ,svch-kondensatory_section_6
svch-kondensatory_4,"СВЧ-конденсатор ARC70A 0,4 пФ",svch-kondensator-arc70a-0-4-pf,Y,500,"<p>Серия ARC70 - это сверхвысокочастотные/высокочастотные многослойные керамические чип-конденсаторы, температурный коэффициент которых составляет 0±30 м.д. / °С.</p>",html,11.jpg,"<p>Серия ARC70 - это сверхвысокочастотные/высокочастотные многослойные керамические чип-конденсаторы, температурный коэффициент которых составляет 0±30 м.д. / °С.</p>",html,11.jpg,ЭКБ ТЕСТ,0R4,Сверх-высокочастотные многослойные керамические чип-конденсаторы для ВП,ARC70,"0,4",0R4,0505,±0.05 пФ,±0.5 пФ,-55,200,,,150 В Код 151 или 300 В Код 301,"<p>Высококачественные, высокое значение тока высокой частоты (ТВЧ)/напряжения тока, высокое значение радиочастотной мощности, низкое значение эквивалентного последовательного сопротивления (ESR)/ эквивалентной последовательной индуктивности (ESL), низкий уровень шума, повышенная степень надёжности.</p>","<p>Высокочастотные / микроволновые / радиочастотные усилители, усилители с низким уровнем помех, индуктивно-емкостные сглаживающие фильтры и так далее.</p>","<p>Модули радиотехнической разведки и радиоэлектронной борьбы для военных сверхвысокочастотных радиолокационных станций с фазированной антенной решеткой, военные коротковолновые, ультракоротковолновые, микроволновые системы связи.</p>","<p>Государственный военный стандарт, 7 специальный уровень качества, стандарт качества военной продукции.</p>",,ARC70A ЭКБ ТЕСТ.pdf,Руководство по применению ЭКБ ТЕСТ.pdf####Маркировка ЭКБ ТЕСТ.pdf####Наборы иструментов и датчиков для моделирования ЭКБ ТЕСТ.pdf####Иструкция по установке ЭКБ ТЕСТ.pdf####Составные элементы мощных чип-конд. для ВП ЭКБ ТЕСТ.pdf####Общая по серии а ЭКБ ТЕСТ.pdf,Руководство по применению####Маркировка####Наборы инструментов####Инструкция по установке####Составные элементы####Информация по серии####,svch-kondensatory_87####svch-kondensatory_88####svch-kondensatory_89####svch-kondensatory_90,"СВЧ-конденсатор ARC70A 0,4 пФ","СВЧ-конденсатор ARC70A 0,4 пФ⚡Изготовление на заказ ✔ pin-to-pin замены СВЧ-конденсаторов ATC700A (American Technical Ceramics)⚡Испытательная лаборатория⚡ЭКБ ТЕСТ","Наша продукция является прямой заменой конденсаторов ATC (American Technical Ceramics). Надёжный партнёр для вашего бизнеса. Комплексные решения в микроэлектронике. Адекватные цены на СВЧ-конденсатор ARC70A 0,4 пФ. Разумные сроки. Индивидуальный подход.",СВЧ-конденсаторы ЭКБ ТЕСТ,svch-kondensatory_section_6
svch-kondensatory_5,"СВЧ-конденсатор ARC70A 0,5 пФ",svch-kondensator-arc70a-0-5-pf,Y,600,"<p>Серия ARC70 - это сверхвысокочастотные/высокочастотные многослойные керамические чип-конденсаторы, температурный коэффициент которых составляет 0±30 м.д. / °С.</p>",html,14.jpg,"<p>Серия ARC70 - это сверхвысокочастотные/высокочастотные многослойные керамические чип-конденсаторы, температурный коэффициент которых составляет 0±30 м.д. / °С.</p>",html,14.jpg,ЭКБ ТЕСТ,0R5,Сверх-высокочастотные многослойные керамические чип-конденсаторы для ВП,ARC70,"0,5",0R5,0505,±0.05 пФ,±0.5 пФ,-55,200,,,150 В Код 151 или 300 В Код 301,"<p>Высококачественные, высокое значение тока высокой частоты (ТВЧ)/напряжения тока, высокое значение радиочастотной мощности, низкое значение эквивалентного последовательного сопротивления (ESR)/ эквивалентной последовательной индуктивности (ESL), низкий уровень шума, повышенная степень надёжности.</p>","<p>Высокочастотные / микроволновые / радиочастотные усилители, усилители с низким уровнем помех, индуктивно-емкостные сглаживающие фильтры и так далее.</p>","<p>Модули радиотехнической разведки и радиоэлектронной борьбы для военных сверхвысокочастотных радиолокационных станций с фазированной антенной решеткой, военные коротковолновые, ультракоротковолновые, микроволновые системы связи.</p>","<p>Государственный военный стандарт, 7 специальный уровень качества, стандарт качества военной продукции.</p>",,ARC70A ЭКБ ТЕСТ.pdf,Руководство по применению ЭКБ ТЕСТ.pdf####Маркировка ЭКБ ТЕСТ.pdf####Наборы иструментов и датчиков для моделирования ЭКБ ТЕСТ.pdf####Иструкция по установке ЭКБ ТЕСТ.pdf####Составные элементы мощных чип-конд. для ВП ЭКБ ТЕСТ.pdf####Общая по серии а ЭКБ ТЕСТ.pdf,Руководство по применению####Маркировка####Наборы инструментов####Инструкция по установке####Составные элементы####Информация по серии####,svch-kondensatory_87####svch-kondensatory_88####svch-kondensatory_89####svch-kondensatory_90,"СВЧ-конденсатор ARC70A 0,5 пФ","СВЧ-конденсатор ARC70A 0,5 пФ⚡Изготовление на заказ ✔ pin-to-pin замены СВЧ-конденсаторов ATC700A (American Technical Ceramics)⚡Испытательная лаборатория⚡ЭКБ ТЕСТ","Наша продукция является прямой заменой конденсаторов ATC (American Technical Ceramics). Надёжный партнёр для вашего бизнеса. Комплексные решения в микроэлектронике. Адекватные цены на СВЧ-конденсатор ARC70A 0,5 пФ. Разумные сроки. Индивидуальный подход.",СВЧ-конденсаторы ЭКБ ТЕСТ,svch-kondensatory_section_6
svch-kondensatory_6,"СВЧ-конденсатор ARC70A 0,6 пФ",svch-kondensator-arc70a-0-6-pf,Y,700,"<p>Серия ARC70 - это сверхвысокочастотные/высокочастотные многослойные керамические чип-конденсаторы, температурный коэффициент которых составляет 0±30 м.д. / °С.</p>",html,11.jpg,"<p>Серия ARC70 - это сверхвысокочастотные/высокочастотные многослойные керамические чип-конденсаторы, температурный коэффициент которых составляет 0±30 м.д. / °С.</p>",html,11.jpg,ЭКБ ТЕСТ,0R6,Сверх-высокочастотные многослойные керамические чип-конденсаторы для ВП,ARC70,"0,6",0R6,0505,±0.05 пФ,±0.5 пФ,-55,200,,,150 В Код 151 или 300 В Код 301,"<p>Высококачественные, высокое значение тока высокой частоты (ТВЧ)/напряжения тока, высокое значение радиочастотной мощности, низкое значение эквивалентного последовательного сопротивления (ESR)/ эквивалентной последовательной индуктивности (ESL), низкий уровень шума, повышенная степень надёжности.</p>","<p>Высокочастотные / микроволновые / радиочастотные усилители, усилители с низким уровнем помех, индуктивно-емкостные сглаживающие фильтры и так далее.</p>","<p>Модули радиотехнической разведки и радиоэлектронной борьбы для военных сверхвысокочастотных радиолокационных станций с фазированной антенной решеткой, военные коротковолновые, ультракоротковолновые, микроволновые системы связи.</p>","<p>Государственный военный стандарт, 7 специальный уровень качества, стандарт качества военной продукции.</p>",,ARC70A ЭКБ ТЕСТ.pdf,Руководство по применению ЭКБ ТЕСТ.pdf####Маркировка ЭКБ ТЕСТ.pdf####Наборы иструментов и датчиков для моделирования ЭКБ ТЕСТ.pdf####Иструкция по установке ЭКБ ТЕСТ.pdf####Составные элементы мощных чип-конд. для ВП ЭКБ ТЕСТ.pdf####Общая по серии а ЭКБ ТЕСТ.pdf,Руководство по применению####Маркировка####Наборы инструментов####Инструкция по установке####Составные элементы####Информация по серии####,svch-kondensatory_87####svch-kondensatory_88####svch-kondensatory_89####svch-kondensatory_90,"СВЧ-конденсатор ARC70A 0,6 пФ","СВЧ-конденсатор ARC70A 0,6 пФ⚡Изготовление на заказ ✔ pin-to-pin замены СВЧ-конденсаторов ATC700A (American Technical Ceramics)⚡Испытательная лаборатория⚡ЭКБ ТЕСТ","Наша продукция является прямой заменой конденсаторов ATC (American Technical Ceramics). Надёжный партнёр для вашего бизнеса. Комплексные решения в микроэлектронике. Адекватные цены на СВЧ-конденсатор ARC70A 0,6 пФ. Разумные сроки. Индивидуальный подход.",СВЧ-конденсаторы ЭКБ ТЕСТ,svch-kondensatory_section_6
svch-kondensatory_7,"СВЧ-конденсатор ARC70A 0,7 пФ",svch-kondensator-arc70a-0-7-pf,Y,800,"<p>Серия ARC70 - это сверхвысокочастотные/высокочастотные многослойные керамические чип-конденсаторы, температурный коэффициент которых составляет 0±30 м.д. / °С.</p>",html,14.jpg,"<p>Серия ARC70 - это сверхвысокочастотные/высокочастотные многослойные керамические чип-конденсаторы, температурный коэффициент которых составляет 0±30 м.д. / °С.</p>",html,14.jpg,ЭКБ ТЕСТ,0R7,Сверх-высокочастотные многослойные керамические чип-конденсаторы для ВП,ARC70,"0,7",0R7,0505,±0.05 пФ,±0.5 пФ,-55,200,,,150 В Код 151 или 300 В Код 301,"<p>Высококачественные, высокое значение тока высокой частоты (ТВЧ)/напряжения тока, высокое значение радиочастотной мощности, низкое значение эквивалентного последовательного сопротивления (ESR)/ эквивалентной последовательной индуктивности (ESL), низкий уровень шума, повышенная степень надёжности.</p>","<p>Высокочастотные / микроволновые / радиочастотные усилители, усилители с низким уровнем помех, индуктивно-емкостные сглаживающие фильтры и так далее.</p>","<p>Модули радиотехнической разведки и радиоэлектронной борьбы для военных сверхвысокочастотных радиолокационных станций с фазированной антенной решеткой, военные коротковолновые, ультракоротковолновые, микроволновые системы связи.</p>","<p>Государственный военный стандарт, 7 специальный уровень качества, стандарт качества военной продукции.</p>",,ARC70A ЭКБ ТЕСТ.pdf,Руководство по применению ЭКБ ТЕСТ.pdf####Маркировка ЭКБ ТЕСТ.pdf####Наборы иструментов и датчиков для моделирования ЭКБ ТЕСТ.pdf####Иструкция по установке ЭКБ ТЕСТ.pdf####Составные элементы мощных чип-конд. для ВП ЭКБ ТЕСТ.pdf####Общая по серии а ЭКБ ТЕСТ.pdf,Руководство по применению####Маркировка####Наборы инструментов####Инструкция по установке####Составные элементы####Информация по серии####,svch-kondensatory_87####svch-kondensatory_88####svch-kondensatory_89####svch-kondensatory_90,"СВЧ-конденсатор ARC70A 0,7 пФ","СВЧ-конденсатор ARC70A 0,7 пФ⚡Изготовление на заказ ✔ pin-to-pin замены СВЧ-конденсаторов ATC700A (American Technical Ceramics)⚡Испытательная лаборатория⚡ЭКБ ТЕСТ","Наша продукция является прямой заменой конденсаторов ATC (American Technical Ceramics). Надёжный партнёр для вашего бизнеса. Комплексные решения в микроэлектронике. Адекватные цены на СВЧ-конденсатор ARC70A 0,7 пФ. Разумные сроки. Индивидуальный подход.",СВЧ-конденсаторы ЭКБ ТЕСТ,svch-kondensatory_section_6
svch-kondensatory_8,"СВЧ-конденсатор ARC70A 0,8 пФ",svch-kondensator-arc70a-0-8-pf,Y,900,"<p>Серия ARC70 - это сверхвысокочастотные/высокочастотные многослойные керамические чип-конденсаторы, температурный коэффициент которых составляет 0±30 м.д. / °С.</p>",html,11.jpg,"<p>Серия ARC70 - это сверхвысокочастотные/высокочастотные многослойные керамические чип-конденсаторы, температурный коэффициент которых составляет 0±30 м.д. / °С.</p>",html,11.jpg,ЭКБ ТЕСТ,0R8,Сверх-высокочастотные многослойные керамические чип-конденсаторы для ВП,ARC70,"0,8",0R8,0505,±0.05 пФ,±0.5 пФ,-55,200,,,150 В Код 151 или 300 В Код 301,"<p>Высококачественные, высокое значение тока высокой частоты (ТВЧ)/напряжения тока, высокое значение радиочастотной мощности, низкое значение эквивалентного последовательного сопротивления (ESR)/ эквивалентной последовательной индуктивности (ESL), низкий уровень шума, повышенная степень надёжности.</p>","<p>Высокочастотные / микроволновые / радиочастотные усилители, усилители с низким уровнем помех, индуктивно-емкостные сглаживающие фильтры и так далее.</p>","<p>Модули радиотехнической разведки и радиоэлектронной борьбы для военных сверхвысокочастотных радиолокационных станций с фазированной антенной решеткой, военные коротковолновые, ультракоротковолновые, микроволновые системы связи.</p>","<p>Государственный военный стандарт, 7 специальный уровень качества, стандарт качества военной продукции.</p>",,ARC70A ЭКБ ТЕСТ.pdf,Руководство по применению ЭКБ ТЕСТ.pdf####Маркировка ЭКБ ТЕСТ.pdf####Наборы иструментов и датчиков для моделирования ЭКБ ТЕСТ.pdf####Иструкция по установке ЭКБ ТЕСТ.pdf####Составные элементы мощных чип-конд. для ВП ЭКБ ТЕСТ.pdf####Общая по серии а ЭКБ ТЕСТ.pdf,Руководство по применению####Маркировка####Наборы инструментов####Инструкция по установке####Составные элементы####Информация по серии####,svch-kondensatory_87####svch-kondensatory_88####svch-kondensatory_89####svch-kondensatory_90,"СВЧ-конденсатор ARC70A 0,8 пФ","СВЧ-конденсатор ARC70A 0,8 пФ⚡Изготовление на заказ ✔ pin-to-pin замены СВЧ-конденсаторов ATC700A (American Technical Ceramics)⚡Испытательная лаборатория⚡ЭКБ ТЕСТ","Наша продукция является прямой заменой конденсаторов ATC (American Technical Ceramics). Надёжный партнёр для вашего бизнеса. Комплексные решения в микроэлектронике. Адекватные цены на СВЧ-конденсатор ARC70A 0,8 пФ. Разумные сроки. Индивидуальный подход.",СВЧ-конденсаторы ЭКБ ТЕСТ,svch-kondensatory_section_6
svch-kondensatory_9,"СВЧ-конденсатор ARC70A 0,9 пФ",svch-kondensator-arc70a-0-9-pf,Y,1000,"<p>Серия ARC70 - это сверхвысокочастотные/высокочастотные многослойные керамические чип-конденсаторы, температурный коэффициент которых составляет 0±30 м.д. / °С.</p>",html,14.jpg,"<p>Серия ARC70 - это сверхвысокочастотные/высокочастотные многослойные керамические чип-конденсаторы, температурный коэффициент которых составляет 0±30 м.д. / °С.</p>",html,14.jpg,ЭКБ ТЕСТ,0R9,Сверх-высокочастотные многослойные керамические чип-конденсаторы для ВП,ARC70,"0,9",0R9,0505,±0.05 пФ,±0.5 пФ,-55,200,,,150 В Код 151 или 300 В Код 301,"<p>Высококачественные, высокое значение тока высокой частоты (ТВЧ)/напряжения тока, высокое значение радиочастотной мощности, низкое значение эквивалентного последовательного сопротивления (ESR)/ эквивалентной последовательной индуктивности (ESL), низкий уровень шума, повышенная степень надёжности.</p>","<p>Высокочастотные / микроволновые / радиочастотные усилители, усилители с низким уровнем помех, индуктивно-емкостные сглаживающие фильтры и так далее.</p>","<p>Модули радиотехнической разведки и радиоэлектронной борьбы для военных сверхвысокочастотных радиолокационных станций с фазированной антенной решеткой, военные коротковолновые, ультракоротковолновые, микроволновые системы связи.</p>","<p>Государственный военный стандарт, 7 специальный уровень качества, стандарт качества военной продукции.</p>",,ARC70A ЭКБ ТЕСТ.pdf,Руководство по применению ЭКБ ТЕСТ.pdf####Маркировка ЭКБ ТЕСТ.pdf####Наборы иструментов и датчиков для моделирования ЭКБ ТЕСТ.pdf####Иструкция по установке ЭКБ ТЕСТ.pdf####Составные элементы мощных чип-конд. для ВП ЭКБ ТЕСТ.pdf####Общая по серии а ЭКБ ТЕСТ.pdf,Руководство по применению####Маркировка####Наборы инструментов####Инструкция по установке####Составные элементы####Информация по серии####,svch-kondensatory_87####svch-kondensatory_88####svch-kondensatory_89####svch-kondensatory_90,"СВЧ-конденсатор ARC70A 0,9 пФ","СВЧ-конденсатор ARC70A 0,9 пФ⚡Изготовление на заказ ✔ pin-to-pin замены СВЧ-конденсаторов ATC700A (American Technical Ceramics)⚡Испытательная лаборатория⚡ЭКБ ТЕСТ","Наша продукция является прямой заменой конденсаторов ATC (American Technical Ceramics). Надёжный партнёр для вашего бизнеса. Комплексные решения в микроэлектронике. Адекватные цены на СВЧ-конденсатор ARC70A 0,9 пФ. Разумные сроки. Индивидуальный подход.",СВЧ-конденсаторы ЭКБ ТЕСТ,svch-kondensatory_section_6
svch-kondensatory_10,СВЧ-конденсатор ARC70A 1.0 пФ,svch-kondensator-arc70a-1-0-pf,Y,1100,"<p>Серия ARC70 - это сверхвысокочастотные/высокочастотные многослойные керамические чип-конденсаторы, температурный коэффициент которых составляет 0±30 м.д. / °С.</p>",html,11.jpg,"<p>Серия ARC70 - это сверхвысокочастотные/высокочастотные многослойные керамические чип-конденсаторы, температурный коэффициент которых составляет 0±30 м.д. / °С.</p>",html,11.jpg,ЭКБ ТЕСТ,1R0,Сверх-высокочастотные многослойные керамические чип-конденсаторы для ВП,ARC70,1.0,1R0,0505,±0.05 пФ,±0.5 пФ,-55,200,,,150 В Код 151 или 300 В Код 301,"<p>Высококачественные, высокое значение тока высокой частоты (ТВЧ)/напряжения тока, высокое значение радиочастотной мощности, низкое значение эквивалентного последовательного сопротивления (ESR)/ эквивалентной последовательной индуктивности (ESL), низкий уровень шума, повышенная степень надёжности.</p>","<p>Высокочастотные / микроволновые / радиочастотные усилители, усилители с низким уровнем помех, индуктивно-емкостные сглаживающие фильтры и так далее.</p>","<p>Модули радиотехнической разведки и радиоэлектронной борьбы для военных сверхвысокочастотных радиолокационных станций с фазированной антенной решеткой, военные коротковолновые, ультракоротковолновые, микроволновые системы связи.</p>","<p>Государственный военный стандарт, 7 специальный уровень качества, стандарт качества военной продукции.</p>",,ARC70A ЭКБ ТЕСТ.pdf,Руководство по применению ЭКБ ТЕСТ.pdf####Маркировка ЭКБ ТЕСТ.pdf####Наборы иструментов и датчиков для моделирования ЭКБ ТЕСТ.pdf####Иструкция по установке ЭКБ ТЕСТ.pdf####Составные элементы мощных чип-конд. для ВП ЭКБ ТЕСТ.pdf####Общая по серии а ЭКБ ТЕСТ.pdf,Руководство по применению####Маркировка####Наборы инструментов####Инструкция по установке####Составные элементы####Информация по серии####,svch-kondensatory_87####svch-kondensatory_88####svch-kondensatory_89####svch-kondensatory_90,СВЧ-конденсатор ARC70A 1.0 пФ,СВЧ-конденсатор ARC70A 1.0 пФ⚡Изготовление на заказ ✔ pin-to-pin замены СВЧ-конденсаторов ATC700A (American Technical Ceramics)⚡Испытательная лаборатория⚡ЭКБ ТЕСТ,Наша продукция является прямой заменой конденсаторов ATC (American Technical Ceramics). Надёжный партнёр для вашего бизнеса. Комплексные решения в микроэлектронике. Адекватные цены на СВЧ-конденсатор ARC70A 1.0 пФ. Разумные сроки. Индивидуальный подход.,СВЧ-конденсаторы ЭКБ ТЕСТ,svch-kondensatory_section_6
svch-kondensatory_11,СВЧ-конденсатор ARC70A 1.1 пФ,svch-kondensator-arc70a-1-1-pf,Y,1200,"<p>Серия ARC70 - это сверхвысокочастотные/высокочастотные многослойные керамические чип-конденсаторы, температурный коэффициент которых составляет 0±30 м.д. / °С.</p>",html,14.jpg,"<p>Серия ARC70 - это сверхвысокочастотные/высокочастотные многослойные керамические чип-конденсаторы, температурный коэффициент которых составляет 0±30 м.д. / °С.</p>",html,14.jpg,ЭКБ ТЕСТ,1R1,Сверх-высокочастотные многослойные керамические чип-конденсаторы для ВП,ARC70,1.1,1R1,0505,±0.05 пФ,±0.5 пФ,-55,200,,,150 В Код 151 или 300 В Код 301,"<p>Высококачественные, высокое значение тока высокой частоты (ТВЧ)/напряжения тока, высокое значение радиочастотной мощности, низкое значение эквивалентного последовательного сопротивления (ESR)/ эквивалентной последовательной индуктивности (ESL), низкий уровень шума, повышенная степень надёжности.</p>","<p>Высокочастотные / микроволновые / радиочастотные усилители, усилители с низким уровнем помех, индуктивно-емкостные сглаживающие фильтры и так далее.</p>","<p>Модули радиотехнической разведки и радиоэлектронной борьбы для военных сверхвысокочастотных радиолокационных станций с фазированной антенной решеткой, военные коротковолновые, ультракоротковолновые, микроволновые системы связи.</p>","<p>Государственный военный стандарт, 7 специальный уровень качества, стандарт качества военной продукции.</p>",,ARC70A ЭКБ ТЕСТ.pdf,Руководство по применению ЭКБ ТЕСТ.pdf####Маркировка ЭКБ ТЕСТ.pdf####Наборы иструментов и датчиков для моделирования ЭКБ ТЕСТ.pdf####Иструкция по установке ЭКБ ТЕСТ.pdf####Составные элементы мощных чип-конд. для ВП ЭКБ ТЕСТ.pdf####Общая по серии а ЭКБ ТЕСТ.pdf,Руководство по применению####Маркировка####Наборы инструментов####Инструкция по установке####Составные элементы####Информация по серии####,svch-kondensatory_87####svch-kondensatory_88####svch-kondensatory_89####svch-kondensatory_90,СВЧ-конденсатор ARC70A 1.1 пФ,СВЧ-конденсатор ARC70A 1.1 пФ⚡Изготовление на заказ ✔ pin-to-pin замены СВЧ-конденсаторов ATC700A (American Technical Ceramics)⚡Испытательная лаборатория⚡ЭКБ ТЕСТ,Наша продукция является прямой заменой конденсаторов ATC (American Technical Ceramics). Надёжный партнёр для вашего бизнеса. Комплексные решения в микроэлектронике. Адекватные цены на СВЧ-конденсатор ARC70A 1.1 пФ. Разумные сроки. Индивидуальный подход.,СВЧ-конденсаторы ЭКБ ТЕСТ,svch-kondensatory_section_6
svch-kondensatory_12,СВЧ-конденсатор ARC70A 1.2 пФ,svch-kondensator-arc70a-1-2-pf,Y,1300,"<p>Серия ARC70 - это сверхвысокочастотные/высокочастотные многослойные керамические чип-конденсаторы, температурный коэффициент которых составляет 0±30 м.д. / °С.</p>",html,11.jpg,"<p>Серия ARC70 - это сверхвысокочастотные/высокочастотные многослойные керамические чип-конденсаторы, температурный коэффициент которых составляет 0±30 м.д. / °С.</p>",html,11.jpg,ЭКБ ТЕСТ,1R2,Сверх-высокочастотные многослойные керамические чип-конденсаторы для ВП,ARC70,1.2,1R2,0505,±0.05 пФ,±0.5 пФ,-55,200,,,150 В Код 151 или 300 В Код 301,"<p>Высококачественные, высокое значение тока высокой частоты (ТВЧ)/напряжения тока, высокое значение радиочастотной мощности, низкое значение эквивалентного последовательного сопротивления (ESR)/ эквивалентной последовательной индуктивности (ESL), низкий уровень шума, повышенная степень надёжности.</p>","<p>Высокочастотные / микроволновые / радиочастотные усилители, усилители с низким уровнем помех, индуктивно-емкостные сглаживающие фильтры и так далее.</p>","<p>Модули радиотехнической разведки и радиоэлектронной борьбы для военных сверхвысокочастотных радиолокационных станций с фазированной антенной решеткой, военные коротковолновые, ультракоротковолновые, микроволновые системы связи.</p>","<p>Государственный военный стандарт, 7 специальный уровень качества, стандарт качества военной продукции.</p>",,ARC70A ЭКБ ТЕСТ.pdf,Руководство по применению ЭКБ ТЕСТ.pdf####Маркировка ЭКБ ТЕСТ.pdf####Наборы иструментов и датчиков для моделирования ЭКБ ТЕСТ.pdf####Иструкция по установке ЭКБ ТЕСТ.pdf####Составные элементы мощных чип-конд. для ВП ЭКБ ТЕСТ.pdf####Общая по серии а ЭКБ ТЕСТ.pdf,Руководство по применению####Маркировка####Наборы инструментов####Инструкция по установке####Составные элементы####Информация по серии####,svch-kondensatory_87####svch-kondensatory_88####svch-kondensatory_89####svch-kondensatory_90,СВЧ-конденсатор ARC70A 1.2 пФ,СВЧ-конденсатор ARC70A 1.2 пФ⚡Изготовление на заказ ✔ pin-to-pin замены СВЧ-конденсаторов ATC700A (American Technical Ceramics)⚡Испытательная лаборатория⚡ЭКБ ТЕСТ,Наша продукция является прямой заменой конденсаторов ATC (American Technical Ceramics). Надёжный партнёр для вашего бизнеса. Комплексные решения в микроэлектронике. Адекватные цены на СВЧ-конденсатор ARC70A 1.2 пФ. Разумные сроки. Индивидуальный подход.,СВЧ-конденсаторы ЭКБ ТЕСТ,svch-kondensatory_section_6
svch-kondensatory_13,СВЧ-конденсатор ARC70A 1.3 пФ,svch-kondensator-arc70a-1-3-pf,Y,1400,"<p>Серия ARC70 - это сверхвысокочастотные/высокочастотные многослойные керамические чип-конденсаторы, температурный коэффициент которых составляет 0±30 м.д. / °С.</p>",html,13.jpg,"<p>Серия ARC70 - это сверхвысокочастотные/высокочастотные многослойные керамические чип-конденсаторы, температурный коэффициент которых составляет 0±30 м.д. / °С.</p>",html,13.jpg,ЭКБ ТЕСТ,1R3,Сверх-высокочастотные многослойные керамические чип-конденсаторы для ВП,ARC70,1.3,1R3,0505,±0.05 пФ,±0.5 пФ,-55,200,,,150 В Код 151 или 300 В Код 301,"<p>Высококачественные, высокое значение тока высокой частоты (ТВЧ)/напряжения тока, высокое значение радиочастотной мощности, низкое значение эквивалентного последовательного сопротивления (ESR)/ эквивалентной последовательной индуктивности (ESL), низкий уровень шума, повышенная степень надёжности.</p>","<p>Высокочастотные / микроволновые / радиочастотные усилители, усилители с низким уровнем помех, индуктивно-емкостные сглаживающие фильтры и так далее.</p>","<p>Модули радиотехнической разведки и радиоэлектронной борьбы для военных сверхвысокочастотных радиолокационных станций с фазированной антенной решеткой, военные коротковолновые, ультракоротковолновые, микроволновые системы связи.</p>","<p>Государственный военный стандарт, 7 специальный уровень качества, стандарт качества военной продукции.</p>",,ARC70A ЭКБ ТЕСТ.pdf,Руководство по применению ЭКБ ТЕСТ.pdf####Маркировка ЭКБ ТЕСТ.pdf####Наборы иструментов и датчиков для моделирования ЭКБ ТЕСТ.pdf####Иструкция по установке ЭКБ ТЕСТ.pdf####Составные элементы мощных чип-конд. для ВП ЭКБ ТЕСТ.pdf####Общая по серии а ЭКБ ТЕСТ.pdf,Руководство по применению####Маркировка####Наборы инструментов####Инструкция по установке####Составные элементы####Информация по серии####,svch-kondensatory_87####svch-kondensatory_88####svch-kondensatory_89####svch-kondensatory_90,СВЧ-конденсатор ARC70A 1.3 пФ,СВЧ-конденсатор ARC70A 1.3 пФ⚡Изготовление на заказ ✔ pin-to-pin замены СВЧ-конденсаторов ATC700A (American Technical Ceramics)⚡Испытательная лаборатория⚡ЭКБ ТЕСТ,Наша продукция является прямой заменой конденсаторов ATC (American Technical Ceramics). Надёжный партнёр для вашего бизнеса. Комплексные решения в микроэлектронике. Адекватные цены на СВЧ-конденсатор ARC70A 1.3 пФ. Разумные сроки. Индивидуальный подход.,СВЧ-конденсаторы ЭКБ ТЕСТ,svch-kondensatory_section_6
svch-kondensatory_14,СВЧ-конденсатор ARC70A 1.4 пФ,svch-kondensator-arc70a-1-4-pf,Y,1500,"<p>Серия ARC70 - это сверхвысокочастотные/высокочастотные многослойные керамические чип-конденсаторы, температурный коэффициент которых составляет 0±30 м.д. / °С.</p>",html,13.jpg,"<p>Серия ARC70 - это сверхвысокочастотные/высокочастотные многослойные керамические чип-конденсаторы, температурный коэффициент которых составляет 0±30 м.д. / °С.</p>",html,13.jpg,ЭКБ ТЕСТ,1R4,Сверх-высокочастотные многослойные керамические чип-конденсаторы для ВП,ARC70,1.4,1R4,0505,±0.05 пФ,±0.5 пФ,-55,200,,,150 В Код 151 или 300 В Код 301,"<p>Высококачественные, высокое значение тока высокой частоты (ТВЧ)/напряжения тока, высокое значение радиочастотной мощности, низкое значение эквивалентного последовательного сопротивления (ESR)/ эквивалентной последовательной индуктивности (ESL), низкий уровень шума, повышенная степень надёжности.</p>","<p>Высокочастотные / микроволновые / радиочастотные усилители, усилители с низким уровнем помех, индуктивно-емкостные сглаживающие фильтры и так далее.</p>","<p>Модули радиотехнической разведки и радиоэлектронной борьбы для военных сверхвысокочастотных радиолокационных станций с фазированной антенной решеткой, военные коротковолновые, ультракоротковолновые, микроволновые системы связи.</p>","<p>Государственный военный стандарт, 7 специальный уровень качества, стандарт качества военной продукции.</p>",,ARC70A ЭКБ ТЕСТ.pdf,Руководство по применению ЭКБ ТЕСТ.pdf####Маркировка ЭКБ ТЕСТ.pdf####Наборы иструментов и датчиков для моделирования ЭКБ ТЕСТ.pdf####Иструкция по установке ЭКБ ТЕСТ.pdf####Составные элементы мощных чип-конд. для ВП ЭКБ ТЕСТ.pdf####Общая по серии а ЭКБ ТЕСТ.pdf,Руководство по применению####Маркировка####Наборы инструментов####Инструкция по установке####Составные элементы####Информация по серии####,svch-kondensatory_87####svch-kondensatory_88####svch-kondensatory_89####svch-kondensatory_90,СВЧ-конденсатор ARC70A 1.4 пФ,СВЧ-конденсатор ARC70A 1.4 пФ⚡Изготовление на заказ ✔ pin-to-pin замены СВЧ-конденсаторов ATC700A (American Technical Ceramics)⚡Испытательная лаборатория⚡ЭКБ ТЕСТ,Наша продукция является прямой заменой конденсаторов ATC (American Technical Ceramics). Надёжный партнёр для вашего бизнеса. Комплексные решения в микроэлектронике. Адекватные цены на СВЧ-конденсатор ARC70A 1.4 пФ. Разумные сроки. Индивидуальный подход.,СВЧ-конденсаторы ЭКБ ТЕСТ,svch-kondensatory_section_6
svch-kondensatory_15,СВЧ-конденсатор ARC70A 1.5 пФ,svch-kondensator-arc70a-1-5-pf,Y,1600,"<p>Серия ARC70 - это сверхвысокочастотные/высокочастотные многослойные керамические чип-конденсаторы, температурный коэффициент которых составляет 0±30 м.д. / °С.</p>",html,13.jpg,"<p>Серия ARC70 - это сверхвысокочастотные/высокочастотные многослойные керамические чип-конденсаторы, температурный коэффициент которых составляет 0±30 м.д. / °С.</p>",html,13.jpg,ЭКБ ТЕСТ,1R5,Сверх-высокочастотные многослойные керамические чип-конденсаторы для ВП,ARC70,1.5,1R5,,±0.05 пФ,±0.5 пФ,-55,200,,,150 В Код 151 или 300 В Код 301,"<p>Высококачественные, высокое значение тока высокой частоты (ТВЧ)/напряжения тока, высокое значение радиочастотной мощности, низкое значение эквивалентного последовательного сопротивления (ESR)/ эквивалентной последовательной индуктивности (ESL), низкий уровень шума, повышенная степень надёжности.</p>","<p>Высокочастотные / микроволновые / радиочастотные усилители, усилители с низким уровнем помех, индуктивно-емкостные сглаживающие фильтры и так далее.</p>","<p>Модули радиотехнической разведки и радиоэлектронной борьбы для военных сверхвысокочастотных радиолокационных станций с фазированной антенной решеткой, военные коротковолновые, ультракоротковолновые, микроволновые системы связи.</p>","<p>Государственный военный стандарт, 7 специальный уровень качества, стандарт качества военной продукции.</p>",,ARC70A ЭКБ ТЕСТ.pdf,Руководство по применению ЭКБ ТЕСТ.pdf####Маркировка ЭКБ ТЕСТ.pdf####Наборы иструментов и датчиков для моделирования ЭКБ ТЕСТ.pdf####Иструкция по установке ЭКБ ТЕСТ.pdf####Составные элементы мощных чип-конд. для ВП ЭКБ ТЕСТ.pdf####Общая по серии а ЭКБ ТЕСТ.pdf,Руководство по применению####Маркировка####Наборы инструментов####Инструкция по установке####Составные элементы####Информация по серии####,svch-kondensatory_87####svch-kondensatory_88####svch-kondensatory_89####svch-kondensatory_90,СВЧ-конденсатор ARC70A 1.5 пФ,СВЧ-конденсатор ARC70A 1.5 пФ⚡Изготовление на заказ ✔ pin-to-pin замены СВЧ-конденсаторов ATC700A (American Technical Ceramics)⚡Испытательная лаборатория⚡ЭКБ ТЕСТ,Наша продукция является прямой заменой конденсаторов ATC (American Technical Ceramics). Надёжный партнёр для вашего бизнеса. Комплексные решения в микроэлектронике. Адекватные цены на СВЧ-конденсатор ARC70A 1.5 пФ. Разумные сроки. Индивидуальный подход.,СВЧ-конденсаторы ЭКБ ТЕСТ,svch-kondensatory_section_6
svch-kondensatory_16,СВЧ-конденсатор ARC70A 1.6 пФ,svch-kondensator-arc70a-1-6-pf,Y,1700,"<p>Серия ARC70 - это сверхвысокочастотные/высокочастотные многослойные керамические чип-конденсаторы, температурный коэффициент которых составляет 0±30 м.д. / °С.</p>",html,13.jpg,"<p>Серия ARC70 - это сверхвысокочастотные/высокочастотные многослойные керамические чип-конденсаторы, температурный коэффициент которых составляет 0±30 м.д. / °С.</p>",html,13.jpg,ЭКБ ТЕСТ,1R6,Сверх-высокочастотные многослойные керамические чип-конденсаторы для ВП,ARC70,1.6,1R6,,±0.05 пФ,±0.5 пФ,-55,200,,,150 В Код 151 или 300 В Код 301,"<p>Высококачественные, высокое значение тока высокой частоты (ТВЧ)/напряжения тока, высокое значение радиочастотной мощности, низкое значение эквивалентного последовательного сопротивления (ESR)/ эквивалентной последовательной индуктивности (ESL), низкий уровень шума, повышенная степень надёжности.</p>","<p>Высокочастотные / микроволновые / радиочастотные усилители, усилители с низким уровнем помех, индуктивно-емкостные сглаживающие фильтры и так далее.</p>","<p>Модули радиотехнической разведки и радиоэлектронной борьбы для военных сверхвысокочастотных радиолокационных станций с фазированной антенной решеткой, военные коротковолновые, ультракоротковолновые, микроволновые системы связи.</p>","<p>Государственный военный стандарт, 7 специальный уровень качества, стандарт качества военной продукции.</p>",,ARC70A ЭКБ ТЕСТ.pdf,Руководство по применению ЭКБ ТЕСТ.pdf####Маркировка ЭКБ ТЕСТ.pdf####Наборы иструментов и датчиков для моделирования ЭКБ ТЕСТ.pdf####Иструкция по установке ЭКБ ТЕСТ.pdf####Составные элементы мощных чип-конд. для ВП ЭКБ ТЕСТ.pdf####Общая по серии а ЭКБ ТЕСТ.pdf,Руководство по применению####Маркировка####Наборы инструментов####Инструкция по установке####Составные элементы####Информация по серии####,svch-kondensatory_87####svch-kondensatory_88####svch-kondensatory_89####svch-kondensatory_90,СВЧ-конденсатор ARC70A 1.6 пФ,СВЧ-конденсатор ARC70A 1.6 пФ⚡Изготовление на заказ ✔ pin-to-pin замены СВЧ-конденсаторов ATC700A (American Technical Ceramics)⚡Испытательная лаборатория⚡ЭКБ ТЕСТ,Наша продукция является прямой заменой конденсаторов ATC (American Technical Ceramics). Надёжный партнёр для вашего бизнеса. Комплексные решения в микроэлектронике. Адекватные цены на СВЧ-конденсатор ARC70A 1.6 пФ. Разумные сроки. Индивидуальный подход.,СВЧ-конденсаторы ЭКБ ТЕСТ,svch-kondensatory_section_6
svch-kondensatory_17,СВЧ-конденсатор ARC70A 1.7 пФ,svch-kondensator-arc70a-1-7-pf,Y,1800,"<p>Серия ARC70 - это сверхвысокочастотные/высокочастотные многослойные керамические чип-конденсаторы, температурный коэффициент которых составляет 0±30 м.д. / °С.</p>",html,13.jpg,"<p>Серия ARC70 - это сверхвысокочастотные/высокочастотные многослойные керамические чип-конденсаторы, температурный коэффициент которых составляет 0±30 м.д. / °С.</p>",html,13.jpg,ЭКБ ТЕСТ,1R7,Сверх-высокочастотные многослойные керамические чип-конденсаторы для ВП,ARC70,1.7,1R7,0505,±0.05 пФ,±0.5 пФ,-55,200,,,150 В Код 151 или 300 В Код 301,"<p>Высококачественные, высокое значение тока высокой частоты (ТВЧ)/напряжения тока, высокое значение радиочастотной мощности, низкое значение эквивалентного последовательного сопротивления (ESR)/ эквивалентной последовательной индуктивности (ESL), низкий уровень шума, повышенная степень надёжности.</p>","<p>Высокочастотные / микроволновые / радиочастотные усилители, усилители с низким уровнем помех, индуктивно-емкостные сглаживающие фильтры и так далее.</p>","<p>Модули радиотехнической разведки и радиоэлектронной борьбы для военных сверхвысокочастотных радиолокационных станций с фазированной антенной решеткой, военные коротковолновые, ультракоротковолновые, микроволновые системы связи.</p>","<p>Государственный военный стандарт, 7 специальный уровень качества, стандарт качества военной продукции.</p>",,ARC70A ЭКБ ТЕСТ.pdf,Руководство по применению ЭКБ ТЕСТ.pdf####Маркировка ЭКБ ТЕСТ.pdf####Наборы иструментов и датчиков для моделирования ЭКБ ТЕСТ.pdf####Иструкция по установке ЭКБ ТЕСТ.pdf####Составные элементы мощных чип-конд. для ВП ЭКБ ТЕСТ.pdf####Общая по серии а ЭКБ ТЕСТ.pdf,Руководство по применению####Маркировка####Наборы инструментов####Инструкция по установке####Составные элементы####Информация по серии####,svch-kondensatory_87####svch-kondensatory_88####svch-kondensatory_89####svch-kondensatory_90,СВЧ-конденсатор ARC70A 1.7 пФ,СВЧ-конденсатор ARC70A 1.7 пФ⚡Изготовление на заказ ✔ pin-to-pin замены СВЧ-конденсаторов ATC700A (American Technical Ceramics)⚡Испытательная лаборатория⚡ЭКБ ТЕСТ,Наша продукция является прямой заменой конденсаторов ATC (American Technical Ceramics). Надёжный партнёр для вашего бизнеса. Комплексные решения в микроэлектронике. Адекватные цены на СВЧ-конденсатор ARC70A 1.7 пФ. Разумные сроки. Индивидуальный подход.,СВЧ-конденсаторы ЭКБ ТЕСТ,svch-kondensatory_section_6
svch-kondensatory_18,СВЧ-конденсатор ARC70A 1.8 пФ,svch-kondensator-arc70a-1-8-pf,Y,1900,"<p>Серия ARC70 - это сверхвысокочастотные/высокочастотные многослойные керамические чип-конденсаторы, температурный коэффициент которых составляет 0±30 м.д. / °С.</p>",html,13.jpg,"<p>Серия ARC70 - это сверхвысокочастотные/высокочастотные многослойные керамические чип-конденсаторы, температурный коэффициент которых составляет 0±30 м.д. / °С.</p>",html,13.jpg,ЭКБ ТЕСТ,1R8,Сверх-высокочастотные многослойные керамические чип-конденсаторы для ВП,ARC70,1.8,1R8,0505,±0.05 пФ,±0.5 пФ,-55,200,,,150 В Код 151 или 300 В Код 301,"<p>Высококачественные, высокое значение тока высокой частоты (ТВЧ)/напряжения тока, высокое значение радиочастотной мощности, низкое значение эквивалентного последовательного сопротивления (ESR)/ эквивалентной последовательной индуктивности (ESL), низкий уровень шума, повышенная степень надёжности.</p>","<p>Высокочастотные / микроволновые / радиочастотные усилители, усилители с низким уровнем помех, индуктивно-емкостные сглаживающие фильтры и так далее.</p>","<p>Модули радиотехнической разведки и радиоэлектронной борьбы для военных сверхвысокочастотных радиолокационных станций с фазированной антенной решеткой, военные коротковолновые, ультракоротковолновые, микроволновые системы связи.</p>","<p>Государственный военный стандарт, 7 специальный уровень качества, стандарт качества военной продукции.</p>",,ARC70A ЭКБ ТЕСТ.pdf,Руководство по применению ЭКБ ТЕСТ.pdf####Маркировка ЭКБ ТЕСТ.pdf####Наборы иструментов и датчиков для моделирования ЭКБ ТЕСТ.pdf####Иструкция по установке ЭКБ ТЕСТ.pdf####Составные элементы мощных чип-конд. для ВП ЭКБ ТЕСТ.pdf####Общая по серии а ЭКБ ТЕСТ.pdf,Руководство по применению####Маркировка####Наборы инструментов####Инструкция по установке####Составные элементы####Информация по серии####,svch-kondensatory_87####svch-kondensatory_88####svch-kondensatory_89####svch-kondensatory_90,СВЧ-конденсатор ARC70A 1.8 пФ,СВЧ-конденсатор ARC70A 1.8 пФ⚡Изготовление на заказ ✔ pin-to-pin замены СВЧ-конденсаторов ATC700A (American Technical Ceramics)⚡Испытательная лаборатория⚡ЭКБ ТЕСТ,Наша продукция является прямой заменой конденсаторов ATC (American Technical Ceramics). Надёжный партнёр для вашего бизнеса. Комплексные решения в микроэлектронике. Адекватные цены на СВЧ-конденсатор ARC70A 1.8 пФ. Разумные сроки. Индивидуальный подход.,СВЧ-конденсаторы ЭКБ ТЕСТ,svch-kondensatory_section_6
svch-kondensatory_19,СВЧ-конденсатор ARC70A 1.9 пФ,svch-kondensator-arc70a-1-9-pf,Y,2000,"<p>Серия ARC70 - это сверхвысокочастотные/высокочастотные многослойные керамические чип-конденсаторы, температурный коэффициент которых составляет 0±30 м.д. / °С.</p>",html,13.jpg,"<p>Серия ARC70 - это сверхвысокочастотные/высокочастотные многослойные керамические чип-конденсаторы, температурный коэффициент которых составляет 0±30 м.д. / °С.</p>",html,13.jpg,ЭКБ ТЕСТ,1R9,Сверх-высокочастотные многослойные керамические чип-конденсаторы для ВП,ARC70,1.9,1R9,0505,±0.05 пФ,±0.5 пФ,-55,200,,,150 В Код 151 или 300 В Код 301,"<p>Высококачественные, высокое значение тока высокой частоты (ТВЧ)/напряжения тока, высокое значение радиочастотной мощности, низкое значение эквивалентного последовательного сопротивления (ESR)/ эквивалентной последовательной индуктивности (ESL), низкий уровень шума, повышенная степень надёжности.</p>","<p>Высокочастотные / микроволновые / радиочастотные усилители, усилители с низким уровнем помех, индуктивно-емкостные сглаживающие фильтры и так далее.</p>","<p>Модули радиотехнической разведки и радиоэлектронной борьбы для военных сверхвысокочастотных радиолокационных станций с фазированной антенной решеткой, военные коротковолновые, ультракоротковолновые, микроволновые системы связи.</p>","<p>Государственный военный стандарт, 7 специальный уровень качества, стандарт качества военной продукции.</p>",,ARC70A ЭКБ ТЕСТ.pdf,Руководство по применению ЭКБ ТЕСТ.pdf####Маркировка ЭКБ ТЕСТ.pdf####Наборы иструментов и датчиков для моделирования ЭКБ ТЕСТ.pdf####Иструкция по установке ЭКБ ТЕСТ.pdf####Составные элементы мощных чип-конд. для ВП ЭКБ ТЕСТ.pdf####Общая по серии а ЭКБ ТЕСТ.pdf,Руководство по применению####Маркировка####Наборы инструментов####Инструкция по установке####Составные элементы####Информация по серии####,svch-kondensatory_87####svch-kondensatory_88####svch-kondensatory_89####svch-kondensatory_90,СВЧ-конденсатор ARC70A 1.9 пФ,СВЧ-конденсатор ARC70A 1.9 пФ⚡Изготовление на заказ ✔ pin-to-pin замены СВЧ-конденсаторов ATC700A (American Technical Ceramics)⚡Испытательная лаборатория⚡ЭКБ ТЕСТ,Наша продукция является прямой заменой конденсаторов ATC (American Technical Ceramics). Надёжный партнёр для вашего бизнеса. Комплексные решения в микроэлектронике. Адекватные цены на СВЧ-конденсатор ARC70A 1.9 пФ. Разумные сроки. Индивидуальный подход.,СВЧ-конденсаторы ЭКБ ТЕСТ,svch-kondensatory_section_6
svch-kondensatory_20,СВЧ-конденсатор ARC70A 2.0 пФ,svch-kondensator-arc70a-2-0-pf,Y,2100,"<p>Серия ARC70 - это сверхвысокочастотные/высокочастотные многослойные керамические чип-конденсаторы, температурный коэффициент которых составляет 0±30 м.д. / °С.</p>",html,13.jpg,"<p>Серия ARC70 - это сверхвысокочастотные/высокочастотные многослойные керамические чип-конденсаторы, температурный коэффициент которых составляет 0±30 м.д. / °С.</p>",html,13.jpg,ЭКБ ТЕСТ,2R0,Сверх-высокочастотные многослойные керамические чип-конденсаторы для ВП,ARC70,2.0,2R0,0505,±0.05 пФ,±0.5 пФ,-55,200,,,150 В Код 151 или 300 В Код 301,"<p>Высококачественные, высокое значение тока высокой частоты (ТВЧ)/напряжения тока, высокое значение радиочастотной мощности, низкое значение эквивалентного последовательного сопротивления (ESR)/ эквивалентной последовательной индуктивности (ESL), низкий уровень шума, повышенная степень надёжности.</p>","<p>Высокочастотные / микроволновые / радиочастотные усилители, усилители с низким уровнем помех, индуктивно-емкостные сглаживающие фильтры и так далее.</p>","<p>Модули радиотехнической разведки и радиоэлектронной борьбы для военных сверхвысокочастотных радиолокационных станций с фазированной антенной решеткой, военные коротковолновые, ультракоротковолновые, микроволновые системы связи.</p>","<p>Государственный военный стандарт, 7 специальный уровень качества, стандарт качества военной продукции.</p>",,ARC70A ЭКБ ТЕСТ.pdf,Руководство по применению ЭКБ ТЕСТ.pdf####Маркировка ЭКБ ТЕСТ.pdf####Наборы иструментов и датчиков для моделирования ЭКБ ТЕСТ.pdf####Иструкция по установке ЭКБ ТЕСТ.pdf####Составные элементы мощных чип-конд. для ВП ЭКБ ТЕСТ.pdf####Общая по серии а ЭКБ ТЕСТ.pdf,Руководство по применению####Маркировка####Наборы инструментов####Инструкция по установке####Составные элементы####Информация по серии####,svch-kondensatory_87####svch-kondensatory_88####svch-kondensatory_89####svch-kondensatory_90,СВЧ-конденсатор ARC70A 2.0 пФ,СВЧ-конденсатор ARC70A 2.0 пФ⚡Изготовление на заказ ✔ pin-to-pin замены СВЧ-конденсаторов ATC700A (American Technical Ceramics)⚡Испытательная лаборатория⚡ЭКБ ТЕСТ,Наша продукция является прямой заменой конденсаторов ATC (American Technical Ceramics). Надёжный партнёр для вашего бизнеса. Комплексные решения в микроэлектронике. Адекватные цены на СВЧ-конденсатор ARC70A 2.0 пФ. Разумные сроки. Индивидуальный подход.,СВЧ-конденсаторы ЭКБ ТЕСТ,svch-kondensatory_section_6
svch-kondensatory_21,СВЧ-конденсатор ARC70A 2.1 пФ,svch-kondensator-arc70a-2-1-pf,Y,2200,"<p>Серия ARC70 - это сверхвысокочастотные/высокочастотные многослойные керамические чип-конденсаторы, температурный коэффициент которых составляет 0±30 м.д. / °С.</p>",html,13.jpg,"<p>Серия ARC70 - это сверхвысокочастотные/высокочастотные многослойные керамические чип-конденсаторы, температурный коэффициент которых составляет 0±30 м.д. / °С.</p>",html,13.jpg,ЭКБ ТЕСТ,2R1,Сверх-высокочастотные многослойные керамические чип-конденсаторы для ВП,ARC70,2.1,2R1,0505,±0.05 пФ,±0.5 пФ,-55,200,,,150 В Код 151 или 300 В Код 301,"<p>Высококачественные, высокое значение тока высокой частоты (ТВЧ)/напряжения тока, высокое значение радиочастотной мощности, низкое значение эквивалентного последовательного сопротивления (ESR)/ эквивалентной последовательной индуктивности (ESL), низкий уровень шума, повышенная степень надёжности.</p>","<p>Высокочастотные / микроволновые / радиочастотные усилители, усилители с низким уровнем помех, индуктивно-емкостные сглаживающие фильтры и так далее.</p>","<p>Модули радиотехнической разведки и радиоэлектронной борьбы для военных сверхвысокочастотных радиолокационных станций с фазированной антенной решеткой, военные коротковолновые, ультракоротковолновые, микроволновые системы связи.</p>","<p>Государственный военный стандарт, 7 специальный уровень качества, стандарт качества военной продукции.</p>",,ARC70A ЭКБ ТЕСТ.pdf,Руководство по применению ЭКБ ТЕСТ.pdf####Маркировка ЭКБ ТЕСТ.pdf####Наборы иструментов и датчиков для моделирования ЭКБ ТЕСТ.pdf####Иструкция по установке ЭКБ ТЕСТ.pdf####Составные элементы мощных чип-конд. для ВП ЭКБ ТЕСТ.pdf####Общая по серии а ЭКБ ТЕСТ.pdf,Руководство по применению####Маркировка####Наборы инструментов####Инструкция по установке####Составные элементы####Информация по серии####,svch-kondensatory_87####svch-kondensatory_88####svch-kondensatory_89####svch-kondensatory_90,СВЧ-конденсатор ARC70A 2.1 пФ,СВЧ-конденсатор ARC70A 2.1 пФ⚡Изготовление на заказ ✔ pin-to-pin замены СВЧ-конденсаторов ATC700A (American Technical Ceramics)⚡Испытательная лаборатория⚡ЭКБ ТЕСТ,Наша продукция является прямой заменой конденсаторов ATC (American Technical Ceramics). Надёжный партнёр для вашего бизнеса. Комплексные решения в микроэлектронике. Адекватные цены на СВЧ-конденсатор ARC70A 2.1 пФ. Разумные сроки. Индивидуальный подход.,СВЧ-конденсаторы ЭКБ ТЕСТ,svch-kondensatory_section_6
svch-kondensatory_22,СВЧ-конденсатор ARC70A 2.2 пФ,svch-kondensator-arc70a-2-2-pf,Y,2300,"<p>Серия ARC70 - это сверхвысокочастотные/высокочастотные многослойные керамические чип-конденсаторы, температурный коэффициент которых составляет 0±30 м.д. / °С.</p>",html,13.jpg,"<p>Серия ARC70 - это сверхвысокочастотные/высокочастотные многослойные керамические чип-конденсаторы, температурный коэффициент которых составляет 0±30 м.д. / °С.</p>",html,13.jpg,ЭКБ ТЕСТ,2R2,Сверх-высокочастотные многослойные керамические чип-конденсаторы для ВП,ARC70,2.2,2R2,0505,±0.05 пФ,±0.5 пФ,-55,200,,,150 В Код 151 или 300 В Код 301,"<p>Высококачественные, высокое значение тока высокой частоты (ТВЧ)/напряжения тока, высокое значение радиочастотной мощности, низкое значение эквивалентного последовательного сопротивления (ESR)/ эквивалентной последовательной индуктивности (ESL), низкий уровень шума, повышенная степень надёжности.</p>","<p>Высокочастотные / микроволновые / радиочастотные усилители, усилители с низким уровнем помех, индуктивно-емкостные сглаживающие фильтры и так далее.</p>","<p>Модули радиотехнической разведки и радиоэлектронной борьбы для военных сверхвысокочастотных радиолокационных станций с фазированной антенной решеткой, военные коротковолновые, ультракоротковолновые, микроволновые системы связи.</p>","<p>Государственный военный стандарт, 7 специальный уровень качества, стандарт качества военной продукции.</p>",,ARC70A ЭКБ ТЕСТ.pdf,Руководство по применению ЭКБ ТЕСТ.pdf####Маркировка ЭКБ ТЕСТ.pdf####Наборы иструментов и датчиков для моделирования ЭКБ ТЕСТ.pdf####Иструкция по установке ЭКБ ТЕСТ.pdf####Составные элементы мощных чип-конд. для ВП ЭКБ ТЕСТ.pdf####Общая по серии а ЭКБ ТЕСТ.pdf,Руководство по применению####Маркировка####Наборы инструментов####Инструкция по установке####Составные элементы####Информация по серии####,svch-kondensatory_87####svch-kondensatory_88####svch-kondensatory_89####svch-kondensatory_90,СВЧ-конденсатор ARC70A 2.2 пФ,СВЧ-конденсатор ARC70A 2.2 пФ⚡Изготовление на заказ ✔ pin-to-pin замены СВЧ-конденсаторов ATC700A (American Technical Ceramics)⚡Испытательная лаборатория⚡ЭКБ ТЕСТ,Наша продукция является прямой заменой конденсаторов ATC (American Technical Ceramics). Надёжный партнёр для вашего бизнеса. Комплексные решения в микроэлектронике. Адекватные цены на СВЧ-конденсатор ARC70A 2.2 пФ. Разумные сроки. Индивидуальный подход.,СВЧ-конденсаторы ЭКБ ТЕСТ,svch-kondensatory_section_6
svch-kondensatory_23,СВЧ-конденсатор ARC70A 2.4 пФ,svch-kondensator-arc70a-2-4-pf,Y,2400,"<p>Серия ARC70 - это сверхвысокочастотные/высокочастотные многослойные керамические чип-конденсаторы, температурный коэффициент которых составляет 0±30 м.д. / °С.</p>",html,13.jpg,"<p>Серия ARC70 - это сверхвысокочастотные/высокочастотные многослойные керамические чип-конденсаторы, температурный коэффициент которых составляет 0±30 м.д. / °С.</p>",html,13.jpg,ЭКБ ТЕСТ,2R4,Сверх-высокочастотные многослойные керамические чип-конденсаторы для ВП,ARC70,2.4,2R4,0505,±0.05 пФ,±0.5 пФ,-55,200,,,150 В Код 151 или 300 В Код 301,"<p>Высококачественные, высокое значение тока высокой частоты (ТВЧ)/напряжения тока, высокое значение радиочастотной мощности, низкое значение эквивалентного последовательного сопротивления (ESR)/ эквивалентной последовательной индуктивности (ESL), низкий уровень шума, повышенная степень надёжности.</p>","<p>Высокочастотные / микроволновые / радиочастотные усилители, усилители с низким уровнем помех, индуктивно-емкостные сглаживающие фильтры и так далее.</p>","<p>Модули радиотехнической разведки и радиоэлектронной борьбы для военных сверхвысокочастотных радиолокационных станций с фазированной антенной решеткой, военные коротковолновые, ультракоротковолновые, микроволновые системы связи.</p>","<p>Государственный военный стандарт, 7 специальный уровень качества, стандарт качества военной продукции.</p>",,ARC70A ЭКБ ТЕСТ.pdf,Руководство по применению ЭКБ ТЕСТ.pdf####Маркировка ЭКБ ТЕСТ.pdf####Наборы иструментов и датчиков для моделирования ЭКБ ТЕСТ.pdf####Иструкция по установке ЭКБ ТЕСТ.pdf####Составные элементы мощных чип-конд. для ВП ЭКБ ТЕСТ.pdf####Общая по серии а ЭКБ ТЕСТ.pdf,Руководство по применению####Маркировка####Наборы инструментов####Инструкция по установке####Составные элементы####Информация по серии####,svch-kondensatory_87####svch-kondensatory_88####svch-kondensatory_89####svch-kondensatory_90,СВЧ-конденсатор ARC70A 2.4 пФ,СВЧ-конденсатор ARC70A 2.4 пФ⚡Изготовление на заказ ✔ pin-to-pin замены СВЧ-конденсаторов ATC700A (American Technical Ceramics)⚡Испытательная лаборатория⚡ЭКБ ТЕСТ,Наша продукция является прямой заменой конденсаторов ATC (American Technical Ceramics). Надёжный партнёр для вашего бизнеса. Комплексные решения в микроэлектронике. Адекватные цены на СВЧ-конденсатор ARC70A 2.4 пФ. Разумные сроки. Индивидуальный подход.,СВЧ-конденсаторы ЭКБ ТЕСТ,svch-kondensatory_section_6
svch-kondensatory_24,СВЧ-конденсатор ARC70A 2.7 пФ,svch-kondensator-arc70a-2-7-pf,Y,2500,"<p>Серия ARC70 - это сверхвысокочастотные/высокочастотные многослойные керамические чип-конденсаторы, температурный коэффициент которых составляет 0±30 м.д. / °С.</p>",html,13.jpg,"<p>Серия ARC70 - это сверхвысокочастотные/высокочастотные многослойные керамические чип-конденсаторы, температурный коэффициент которых составляет 0±30 м.д. / °С.</p>",html,13.jpg,ЭКБ ТЕСТ,2R7,Сверх-высокочастотные многослойные керамические чип-конденсаторы для ВП,ARC70,2.7,2R7,0505,±0.05 пФ,±0.5 пФ,-55,200,,,150 В Код 151 или 300 В Код 301,"<p>Высококачественные, высокое значение тока высокой частоты (ТВЧ)/напряжения тока, высокое значение радиочастотной мощности, низкое значение эквивалентного последовательного сопротивления (ESR)/ эквивалентной последовательной индуктивности (ESL), низкий уровень шума, повышенная степень надёжности.</p>","<p>Высокочастотные / микроволновые / радиочастотные усилители, усилители с низким уровнем помех, индуктивно-емкостные сглаживающие фильтры и так далее.</p>","<p>Модули радиотехнической разведки и радиоэлектронной борьбы для военных сверхвысокочастотных радиолокационных станций с фазированной антенной решеткой, военные коротковолновые, ультракоротковолновые, микроволновые системы связи.</p>","<p>Государственный военный стандарт, 7 специальный уровень качества, стандарт качества военной продукции.</p>",,ARC70A ЭКБ ТЕСТ.pdf,Руководство по применению ЭКБ ТЕСТ.pdf####Маркировка ЭКБ ТЕСТ.pdf####Наборы иструментов и датчиков для моделирования ЭКБ ТЕСТ.pdf####Иструкция по установке ЭКБ ТЕСТ.pdf####Составные элементы мощных чип-конд. для ВП ЭКБ ТЕСТ.pdf####Общая по серии а ЭКБ ТЕСТ.pdf,Руководство по применению####Маркировка####Наборы инструментов####Инструкция по установке####Составные элементы####Информация по серии####,svch-kondensatory_87####svch-kondensatory_88####svch-kondensatory_89####svch-kondensatory_90,СВЧ-конденсатор ARC70A 2.7 пФ,СВЧ-конденсатор ARC70A 2.7 пФ⚡Изготовление на заказ ✔ pin-to-pin замены СВЧ-конденсаторов ATC700A (American Technical Ceramics)⚡Испытательная лаборатория⚡ЭКБ ТЕСТ,Наша продукция является прямой заменой конденсаторов ATC (American Technical Ceramics). Надёжный партнёр для вашего бизнеса. Комплексные решения в микроэлектронике. Адекватные цены на СВЧ-конденсатор ARC70A 2.7 пФ. Разумные сроки. Индивидуальный подход.,СВЧ-конденсаторы ЭКБ ТЕСТ,svch-kondensatory_section_6
svch-kondensatory_25,СВЧ-конденсатор ARC70A 3.0 пФ,svch-kondensator-arc70a-3-0-pf,Y,2600,"<p>Серия ARC70 - это сверхвысокочастотные/высокочастотные многослойные керамические чип-конденсаторы, температурный коэффициент которых составляет 0±30 м.д. / °С.</p>",html,13.jpg,"<p>Серия ARC70 - это сверхвысокочастотные/высокочастотные многослойные керамические чип-конденсаторы, температурный коэффициент которых составляет 0±30 м.д. / °С.</p>",html,13.jpg,ЭКБ ТЕСТ,3R0,Сверх-высокочастотные многослойные керамические чип-конденсаторы для ВП,ARC70,3.0,3R0,0505,±0.05 пФ,±0.5 пФ,-55,200,,,150 В Код 151 или 300 В Код 301,"<p>Высококачественные, высокое значение тока высокой частоты (ТВЧ)/напряжения тока, высокое значение радиочастотной мощности, низкое значение эквивалентного последовательного сопротивления (ESR)/ эквивалентной последовательной индуктивности (ESL), низкий уровень шума, повышенная степень надёжности.</p>","<p>Высокочастотные / микроволновые / радиочастотные усилители, усилители с низким уровнем помех, индуктивно-емкостные сглаживающие фильтры и так далее.</p>","<p>Модули радиотехнической разведки и радиоэлектронной борьбы для военных сверхвысокочастотных радиолокационных станций с фазированной антенной решеткой, военные коротковолновые, ультракоротковолновые, микроволновые системы связи.</p>","<p>Государственный военный стандарт, 7 специальный уровень качества, стандарт качества военной продукции.</p>",,ARC70A ЭКБ ТЕСТ.pdf,Руководство по применению ЭКБ ТЕСТ.pdf####Маркировка ЭКБ ТЕСТ.pdf####Наборы иструментов и датчиков для моделирования ЭКБ ТЕСТ.pdf####Иструкция по установке ЭКБ ТЕСТ.pdf####Составные элементы мощных чип-конд. для ВП ЭКБ ТЕСТ.pdf####Общая по серии а ЭКБ ТЕСТ.pdf,Руководство по применению####Маркировка####Наборы инструментов####Инструкция по установке####Составные элементы####Информация по серии####,svch-kondensatory_87####svch-kondensatory_88####svch-kondensatory_89####svch-kondensatory_90,СВЧ-конденсатор ARC70A 3.0 пФ,СВЧ-конденсатор ARC70A 3.0 пФ⚡Изготовление на заказ ✔ pin-to-pin замены СВЧ-конденсаторов ATC700A (American Technical Ceramics)⚡Испытательная лаборатория⚡ЭКБ ТЕСТ,Наша продукция является прямой заменой конденсаторов ATC (American Technical Ceramics). Надёжный партнёр для вашего бизнеса. Комплексные решения в микроэлектронике. Адекватные цены на СВЧ-конденсатор ARC70A 3.0 пФ. Разумные сроки. Индивидуальный подход.,СВЧ-конденсаторы ЭКБ ТЕСТ,svch-kondensatory_section_6
svch-kondensatory_26,СВЧ-конденсатор ARC70A 3.3 пФ,svch-kondensator-arc70a-3-3-pf,Y,2700,"<p>Серия ARC70 - это сверхвысокочастотные/высокочастотные многослойные керамические чип-конденсаторы, температурный коэффициент которых составляет 0±30 м.д. / °С.</p>",html,12.jpg,"<p>Серия ARC70 - это сверхвысокочастотные/высокочастотные многослойные керамические чип-конденсаторы, температурный коэффициент которых составляет 0±30 м.д. / °С.</p>",html,12.jpg,ЭКБ ТЕСТ,3R3,Сверх-высокочастотные многослойные керамические чип-конденсаторы для ВП,ARC70,3.3,3R3,0505,±0.05 пФ,±0.5 пФ,-55,200,,,150 В Код 151 или 300 В Код 301,"<p>Высококачественные, высокое значение тока высокой частоты (ТВЧ)/напряжения тока, высокое значение радиочастотной мощности, низкое значение эквивалентного последовательного сопротивления (ESR)/ эквивалентной последовательной индуктивности (ESL), низкий уровень шума, повышенная степень надёжности.</p>","<p>Высокочастотные / микроволновые / радиочастотные усилители, усилители с низким уровнем помех, индуктивно-емкостные сглаживающие фильтры и так далее.</p>","<p>Модули радиотехнической разведки и радиоэлектронной борьбы для военных сверхвысокочастотных радиолокационных станций с фазированной антенной решеткой, военные коротковолновые, ультракоротковолновые, микроволновые системы связи.</p>","<p>Государственный военный стандарт, 7 специальный уровень качества, стандарт качества военной продукции.</p>",,ARC70A ЭКБ ТЕСТ.pdf,Руководство по применению ЭКБ ТЕСТ.pdf####Маркировка ЭКБ ТЕСТ.pdf####Наборы иструментов и датчиков для моделирования ЭКБ ТЕСТ.pdf####Иструкция по установке ЭКБ ТЕСТ.pdf####Составные элементы мощных чип-конд. для ВП ЭКБ ТЕСТ.pdf####Общая по серии а ЭКБ ТЕСТ.pdf,Руководство по применению####Маркировка####Наборы инструментов####Инструкция по установке####Составные элементы####Информация по серии####,svch-kondensatory_87####svch-kondensatory_88####svch-kondensatory_89####svch-kondensatory_90,СВЧ-конденсатор ARC70A 3.3 пФ,СВЧ-конденсатор ARC70A 3.3 пФ⚡Изготовление на заказ ✔ pin-to-pin замены СВЧ-конденсаторов ATC700A (American Technical Ceramics)⚡Испытательная лаборатория⚡ЭКБ ТЕСТ,Наша продукция является прямой заменой конденсаторов ATC (American Technical Ceramics). Надёжный партнёр для вашего бизнеса. Комплексные решения в микроэлектронике. Адекватные цены на СВЧ-конденсатор ARC70A 3.3 пФ. Разумные сроки. Индивидуальный подход.,СВЧ-конденсаторы ЭКБ ТЕСТ,svch-kondensatory_section_6
svch-kondensatory_27,СВЧ-конденсатор ARC70A 3.6 пФ,svch-kondensator-arc70a-3-6-pf,Y,2800,"<p>Серия ARC70 - это сверхвысокочастотные/высокочастотные многослойные керамические чип-конденсаторы, температурный коэффициент которых составляет 0±30 м.д. / °С.</p>",html,12.jpg,"<p>Серия ARC70 - это сверхвысокочастотные/высокочастотные многослойные керамические чип-конденсаторы, температурный коэффициент которых составляет 0±30 м.д. / °С.</p>",html,12.jpg,ЭКБ ТЕСТ,3R6,Сверх-высокочастотные многослойные керамические чип-конденсаторы для ВП,ARC70,3.6,3R6,0505,±0.05 пФ,±0.5 пФ,-55,200,,,150 В Код 151 или 300 В Код 301,"<p>Высококачественные, высокое значение тока высокой частоты (ТВЧ)/напряжения тока, высокое значение радиочастотной мощности, низкое значение эквивалентного последовательного сопротивления (ESR)/ эквивалентной последовательной индуктивности (ESL), низкий уровень шума, повышенная степень надёжности.</p>","<p>Высокочастотные / микроволновые / радиочастотные усилители, усилители с низким уровнем помех, индуктивно-емкостные сглаживающие фильтры и так далее.</p>","<p>Модули радиотехнической разведки и радиоэлектронной борьбы для военных сверхвысокочастотных радиолокационных станций с фазированной антенной решеткой, военные коротковолновые, ультракоротковолновые, микроволновые системы связи.</p>","<p>Государственный военный стандарт, 7 специальный уровень качества, стандарт качества военной продукции.</p>",,ARC70A ЭКБ ТЕСТ.pdf,Руководство по применению ЭКБ ТЕСТ.pdf####Маркировка ЭКБ ТЕСТ.pdf####Наборы иструментов и датчиков для моделирования ЭКБ ТЕСТ.pdf####Иструкция по установке ЭКБ ТЕСТ.pdf####Составные элементы мощных чип-конд. для ВП ЭКБ ТЕСТ.pdf####Общая по серии а ЭКБ ТЕСТ.pdf,Руководство по применению####Маркировка####Наборы инструментов####Инструкция по установке####Составные элементы####Информация по серии####,svch-kondensatory_87####svch-kondensatory_88####svch-kondensatory_89####svch-kondensatory_90,СВЧ-конденсатор ARC70A 3.6 пФ,СВЧ-конденсатор ARC70A 3.6 пФ⚡Изготовление на заказ ✔ pin-to-pin замены СВЧ-конденсаторов ATC700A (American Technical Ceramics)⚡Испытательная лаборатория⚡ЭКБ ТЕСТ,Наша продукция является прямой заменой конденсаторов ATC (American Technical Ceramics). Надёжный партнёр для вашего бизнеса. Комплексные решения в микроэлектронике. Адекватные цены на СВЧ-конденсатор ARC70A 3.6 пФ. Разумные сроки. Индивидуальный подход.,СВЧ-конденсаторы ЭКБ ТЕСТ,svch-kondensatory_section_6
svch-kondensatory_28,СВЧ-конденсатор ARC70A 3.9 пФ,svch-kondensator-arc70a-3-9-pf,Y,2900,"<p>Серия ARC70 - это сверхвысокочастотные/высокочастотные многослойные керамические чип-конденсаторы, температурный коэффициент которых составляет 0±30 м.д. / °С.</p>",html,12.jpg,"<p>Серия ARC70 - это сверхвысокочастотные/высокочастотные многослойные керамические чип-конденсаторы, температурный коэффициент которых составляет 0±30 м.д. / °С.</p>",html,12.jpg,ЭКБ ТЕСТ,3R9,Сверх-высокочастотные многослойные керамические чип-конденсаторы для ВП,ARC70,3.9,3R9,0505,±0.05 пФ,±0.5 пФ,-55,200,,,150 В Код 151 или 300 В Код 301,"<p>Высококачественные, высокое значение тока высокой частоты (ТВЧ)/напряжения тока, высокое значение радиочастотной мощности, низкое значение эквивалентного последовательного сопротивления (ESR)/ эквивалентной последовательной индуктивности (ESL), низкий уровень шума, повышенная степень надёжности.</p>","<p>Высокочастотные / микроволновые / радиочастотные усилители, усилители с низким уровнем помех, индуктивно-емкостные сглаживающие фильтры и так далее.</p>","<p>Модули радиотехнической разведки и радиоэлектронной борьбы для военных сверхвысокочастотных радиолокационных станций с фазированной антенной решеткой, военные коротковолновые, ультракоротковолновые, микроволновые системы связи.</p>","<p>Государственный военный стандарт, 7 специальный уровень качества, стандарт качества военной продукции.</p>",,ARC70A ЭКБ ТЕСТ.pdf,Руководство по применению ЭКБ ТЕСТ.pdf####Маркировка ЭКБ ТЕСТ.pdf####Наборы иструментов и датчиков для моделирования ЭКБ ТЕСТ.pdf####Иструкция по установке ЭКБ ТЕСТ.pdf####Составные элементы мощных чип-конд. для ВП ЭКБ ТЕСТ.pdf####Общая по серии а ЭКБ ТЕСТ.pdf,Руководство по применению####Маркировка####Наборы инструментов####Инструкция по установке####Составные элементы####Информация по серии####,svch-kondensatory_87####svch-kondensatory_88####svch-kondensatory_89####svch-kondensatory_90,СВЧ-конденсатор ARC70A 3.9 пФ,СВЧ-конденсатор ARC70A 3.9 пФ⚡Изготовление на заказ ✔ pin-to-pin замены СВЧ-конденсаторов ATC700A (American Technical Ceramics)⚡Испытательная лаборатория⚡ЭКБ ТЕСТ,Наша продукция является прямой заменой конденсаторов ATC (American Technical Ceramics). Надёжный партнёр для вашего бизнеса. Комплексные решения в микроэлектронике. Адекватные цены на СВЧ-конденсатор ARC70A 3.9 пФ. Разумные сроки. Индивидуальный подход.,СВЧ-конденсаторы ЭКБ ТЕСТ,svch-kondensatory_section_6
svch-kondensatory_29,СВЧ-конденсатор ARC70A 4.3 пФ,svch-kondensator-arc70a-4-3-pf,Y,3000,"<p>Серия ARC70 - это сверхвысокочастотные/высокочастотные многослойные керамические чип-конденсаторы, температурный коэффициент которых составляет 0±30 м.д. / °С.</p>",html,12.jpg,"<p>Серия ARC70 - это сверхвысокочастотные/высокочастотные многослойные керамические чип-конденсаторы, температурный коэффициент которых составляет 0±30 м.д. / °С.</p>",html,12.jpg,ЭКБ ТЕСТ,4R3,Сверх-высокочастотные многослойные керамические чип-конденсаторы для ВП,ARC70,4.3,4R3,0505,±0.05 пФ,±0.5 пФ,-55,200,,,150 В Код 151 или 300 В Код 301,"<p>Высококачественные, высокое значение тока высокой частоты (ТВЧ)/напряжения тока, высокое значение радиочастотной мощности, низкое значение эквивалентного последовательного сопротивления (ESR)/ эквивалентной последовательной индуктивности (ESL), низкий уровень шума, повышенная степень надёжности.</p>","<p>Высокочастотные / микроволновые / радиочастотные усилители, усилители с низким уровнем помех, индуктивно-емкостные сглаживающие фильтры и так далее.</p>","<p>Модули радиотехнической разведки и радиоэлектронной борьбы для военных сверхвысокочастотных радиолокационных станций с фазированной антенной решеткой, военные коротковолновые, ультракоротковолновые, микроволновые системы связи.</p>","<p>Государственный военный стандарт, 7 специальный уровень качества, стандарт качества военной продукции.</p>",,ARC70A ЭКБ ТЕСТ.pdf,Руководство по применению ЭКБ ТЕСТ.pdf####Маркировка ЭКБ ТЕСТ.pdf####Наборы иструментов и датчиков для моделирования ЭКБ ТЕСТ.pdf####Иструкция по установке ЭКБ ТЕСТ.pdf####Составные элементы мощных чип-конд. для ВП ЭКБ ТЕСТ.pdf####Общая по серии а ЭКБ ТЕСТ.pdf,Руководство по применению####Маркировка####Наборы инструментов####Инструкция по установке####Составные элементы####Информация по серии####,svch-kondensatory_87####svch-kondensatory_88####svch-kondensatory_89####svch-kondensatory_90,СВЧ-конденсатор ARC70A 4.3 пФ,СВЧ-конденсатор ARC70A 4.3 пФ⚡Изготовление на заказ ✔ pin-to-pin замены СВЧ-конденсаторов ATC700A (American Technical Ceramics)⚡Испытательная лаборатория⚡ЭКБ ТЕСТ,Наша продукция является прямой заменой конденсаторов ATC (American Technical Ceramics). Надёжный партнёр для вашего бизнеса. Комплексные решения в микроэлектронике. Адекватные цены на СВЧ-конденсатор ARC70A 4.3 пФ. Разумные сроки. Индивидуальный подход.,СВЧ-конденсаторы ЭКБ ТЕСТ,svch-kondensatory_section_6
svch-kondensatory_30,СВЧ-конденсатор ARC70A 4.7 пФ,svch-kondensator-arc70a-4-7-pf,Y,3100,"<p>Серия ARC70 - это сверхвысокочастотные/высокочастотные многослойные керамические чип-конденсаторы, температурный коэффициент которых составляет 0±30 м.д. / °С.</p>",html,12.jpg,"<p>Серия ARC70 - это сверхвысокочастотные/высокочастотные многослойные керамические чип-конденсаторы, температурный коэффициент которых составляет 0±30 м.д. / °С.</p>",html,12.jpg,ЭКБ ТЕСТ,4R7,Сверх-высокочастотные многослойные керамические чип-конденсаторы для ВП,ARC70,4.7,4R7,0505,±0.05 пФ,±0.5 пФ,-55,200,,,150 В Код 151 или 300 В Код 301,"<p>Высококачественные, высокое значение тока высокой частоты (ТВЧ)/напряжения тока, высокое значение радиочастотной мощности, низкое значение эквивалентного последовательного сопротивления (ESR)/ эквивалентной последовательной индуктивности (ESL), низкий уровень шума, повышенная степень надёжности.</p>","<p>Высокочастотные / микроволновые / радиочастотные усилители, усилители с низким уровнем помех, индуктивно-емкостные сглаживающие фильтры и так далее.</p>","<p>Модули радиотехнической разведки и радиоэлектронной борьбы для военных сверхвысокочастотных радиолокационных станций с фазированной антенной решеткой, военные коротковолновые, ультракоротковолновые, микроволновые системы связи.</p>","<p>Государственный военный стандарт, 7 специальный уровень качества, стандарт качества военной продукции.</p>",,ARC70A ЭКБ ТЕСТ.pdf,Руководство по применению ЭКБ ТЕСТ.pdf####Маркировка ЭКБ ТЕСТ.pdf####Наборы иструментов и датчиков для моделирования ЭКБ ТЕСТ.pdf####Иструкция по установке ЭКБ ТЕСТ.pdf####Составные элементы мощных чип-конд. для ВП ЭКБ ТЕСТ.pdf####Общая по серии а ЭКБ ТЕСТ.pdf,Руководство по применению####Маркировка####Наборы инструментов####Инструкция по установке####Составные элементы####Информация по серии####,svch-kondensatory_87####svch-kondensatory_88####svch-kondensatory_89####svch-kondensatory_90,СВЧ-конденсатор ARC70A 4.7 пФ,СВЧ-конденсатор ARC70A 4.7 пФ⚡Изготовление на заказ ✔ pin-to-pin замены СВЧ-конденсаторов ATC700A (American Technical Ceramics)⚡Испытательная лаборатория⚡ЭКБ ТЕСТ,Наша продукция является прямой заменой конденсаторов ATC (American Technical Ceramics). Надёжный партнёр для вашего бизнеса. Комплексные решения в микроэлектронике. Адекватные цены на СВЧ-конденсатор ARC70A 4.7 пФ. Разумные сроки. Индивидуальный подход.,СВЧ-конденсаторы ЭКБ ТЕСТ,svch-kondensatory_section_6
svch-kondensatory_31,СВЧ-конденсатор ARC70A 5.1 пФ,svch-kondensator-arc70a-5-1-pf,Y,3200,"<p>Серия ARC70 - это сверхвысокочастотные/высокочастотные многослойные керамические чип-конденсаторы, температурный коэффициент которых составляет 0±30 м.д. / °С.</p>",html,12.jpg,"<p>Серия ARC70 - это сверхвысокочастотные/высокочастотные многослойные керамические чип-конденсаторы, температурный коэффициент которых составляет 0±30 м.д. / °С.</p>",html,12.jpg,ЭКБ ТЕСТ,5R1,Сверх-высокочастотные многослойные керамические чип-конденсаторы для ВП,ARC70,5.1,5R1,0505,±0.05 пФ,±0.5 пФ,-55,200,,,150 В Код 151 или 300 В Код 301,"<p>Высококачественные, высокое значение тока высокой частоты (ТВЧ)/напряжения тока, высокое значение радиочастотной мощности, низкое значение эквивалентного последовательного сопротивления (ESR)/ эквивалентной последовательной индуктивности (ESL), низкий уровень шума, повышенная степень надёжности.</p>","<p>Высокочастотные / микроволновые / радиочастотные усилители, усилители с низким уровнем помех, индуктивно-емкостные сглаживающие фильтры и так далее.</p>","<p>Модули радиотехнической разведки и радиоэлектронной борьбы для военных сверхвысокочастотных радиолокационных станций с фазированной антенной решеткой, военные коротковолновые, ультракоротковолновые, микроволновые системы связи.</p>","<p>Государственный военный стандарт, 7 специальный уровень качества, стандарт качества военной продукции.</p>",,ARC70A ЭКБ ТЕСТ.pdf,Руководство по применению ЭКБ ТЕСТ.pdf####Маркировка ЭКБ ТЕСТ.pdf####Наборы иструментов и датчиков для моделирования ЭКБ ТЕСТ.pdf####Иструкция по установке ЭКБ ТЕСТ.pdf####Составные элементы мощных чип-конд. для ВП ЭКБ ТЕСТ.pdf####Общая по серии а ЭКБ ТЕСТ.pdf,Руководство по применению####Маркировка####Наборы инструментов####Инструкция по установке####Составные элементы####Информация по серии####,svch-kondensatory_87####svch-kondensatory_88####svch-kondensatory_89####svch-kondensatory_90,СВЧ-конденсатор ARC70A 5.1 пФ,СВЧ-конденсатор ARC70A 5.1 пФ⚡Изготовление на заказ ✔ pin-to-pin замены СВЧ-конденсаторов ATC700A (American Technical Ceramics)⚡Испытательная лаборатория⚡ЭКБ ТЕСТ,Наша продукция является прямой заменой конденсаторов ATC (American Technical Ceramics). Надёжный партнёр для вашего бизнеса. Комплексные решения в микроэлектронике. Адекватные цены на СВЧ-конденсатор ARC70A 5.1 пФ. Разумные сроки. Индивидуальный подход.,СВЧ-конденсаторы ЭКБ ТЕСТ,svch-kondensatory_section_6
svch-kondensatory_32,СВЧ-конденсатор ARC70A 5.6 пФ,svch-kondensator-arc70a-5-6-pf,Y,3300,"<p>Серия ARC70 - это сверхвысокочастотные/высокочастотные многослойные керамические чип-конденсаторы, температурный коэффициент которых составляет 0±30 м.д. / °С.</p>",html,12.jpg,"<p>Серия ARC70 - это сверхвысокочастотные/высокочастотные многослойные керамические чип-конденсаторы, температурный коэффициент которых составляет 0±30 м.д. / °С.</p>",html,12.jpg,ЭКБ ТЕСТ,5R6,Сверх-высокочастотные многослойные керамические чип-конденсаторы для ВП,ARC70,5.6,5R6,0505,±0.05 пФ,±0.5 пФ,-55,200,,,150 В Код 151 или 300 В Код 301,"<p>Высококачественные, высокое значение тока высокой частоты (ТВЧ)/напряжения тока, высокое значение радиочастотной мощности, низкое значение эквивалентного последовательного сопротивления (ESR)/ эквивалентной последовательной индуктивности (ESL), низкий уровень шума, повышенная степень надёжности.</p>","<p>Высокочастотные / микроволновые / радиочастотные усилители, усилители с низким уровнем помех, индуктивно-емкостные сглаживающие фильтры и так далее.</p>","<p>Модули радиотехнической разведки и радиоэлектронной борьбы для военных сверхвысокочастотных радиолокационных станций с фазированной антенной решеткой, военные коротковолновые, ультракоротковолновые, микроволновые системы связи.</p>","<p>Государственный военный стандарт, 7 специальный уровень качества, стандарт качества военной продукции.</p>",,ARC70A ЭКБ ТЕСТ.pdf,Руководство по применению ЭКБ ТЕСТ.pdf####Маркировка ЭКБ ТЕСТ.pdf####Наборы иструментов и датчиков для моделирования ЭКБ ТЕСТ.pdf####Иструкция по установке ЭКБ ТЕСТ.pdf####Составные элементы мощных чип-конд. для ВП ЭКБ ТЕСТ.pdf####Общая по серии а ЭКБ ТЕСТ.pdf,Руководство по применению####Маркировка####Наборы инструментов####Инструкция по установке####Составные элементы####Информация по серии####,svch-kondensatory_87####svch-kondensatory_88####svch-kondensatory_89####svch-kondensatory_90,СВЧ-конденсатор ARC70A 5.6 пФ,СВЧ-конденсатор ARC70A 5.6 пФ⚡Изготовление на заказ ✔ pin-to-pin замены СВЧ-конденсаторов ATC700A (American Technical Ceramics)⚡Испытательная лаборатория⚡ЭКБ ТЕСТ,Наша продукция является прямой заменой конденсаторов ATC (American Technical Ceramics). Надёжный партнёр для вашего бизнеса. Комплексные решения в микроэлектронике. Адекватные цены на СВЧ-конденсатор ARC70A 5.6 пФ. Разумные сроки. Индивидуальный подход.,СВЧ-конденсаторы ЭКБ ТЕСТ,svch-kondensatory_section_6
svch-kondensatory_33,СВЧ-конденсатор ARC70A 6.2 пФ,svch-kondensator-arc70a-6-2-pf,Y,3400,"<p>Серия ARC70 - это сверхвысокочастотные/высокочастотные многослойные керамические чип-конденсаторы, температурный коэффициент которых составляет 0±30 м.д. / °С.</p>",html,12.jpg,"<p>Серия ARC70 - это сверхвысокочастотные/высокочастотные многослойные керамические чип-конденсаторы, температурный коэффициент которых составляет 0±30 м.д. / °С.</p>",html,12.jpg,ЭКБ ТЕСТ,6R2,Сверх-высокочастотные многослойные керамические чип-конденсаторы для ВП,ARC70,6.2,6R2,0505,±0.05 пФ,±0.5 пФ,-55,200,,,150 В Код 151 или 300 В Код 301,"<p>Высококачественные, высокое значение тока высокой частоты (ТВЧ)/напряжения тока, высокое значение радиочастотной мощности, низкое значение эквивалентного последовательного сопротивления (ESR)/ эквивалентной последовательной индуктивности (ESL), низкий уровень шума, повышенная степень надёжности.</p>","<p>Высокочастотные / микроволновые / радиочастотные усилители, усилители с низким уровнем помех, индуктивно-емкостные сглаживающие фильтры и так далее.</p>","<p>Модули радиотехнической разведки и радиоэлектронной борьбы для военных сверхвысокочастотных радиолокационных станций с фазированной антенной решеткой, военные коротковолновые, ультракоротковолновые, микроволновые системы связи.</p>","<p>Государственный военный стандарт, 7 специальный уровень качества, стандарт качества военной продукции.</p>",,ARC70A ЭКБ ТЕСТ.pdf,Руководство по применению ЭКБ ТЕСТ.pdf####Маркировка ЭКБ ТЕСТ.pdf####Наборы иструментов и датчиков для моделирования ЭКБ ТЕСТ.pdf####Иструкция по установке ЭКБ ТЕСТ.pdf####Составные элементы мощных чип-конд. для ВП ЭКБ ТЕСТ.pdf####Общая по серии а ЭКБ ТЕСТ.pdf,Руководство по применению####Маркировка####Наборы инструментов####Инструкция по установке####Составные элементы####Информация по серии####,svch-kondensatory_87####svch-kondensatory_88####svch-kondensatory_89####svch-kondensatory_90,СВЧ-конденсатор ARC70A 6.2 пФ,СВЧ-конденсатор ARC70A 6.2 пФ⚡Изготовление на заказ ✔ pin-to-pin замены СВЧ-конденсаторов ATC700A (American Technical Ceramics)⚡Испытательная лаборатория⚡ЭКБ ТЕСТ,Наша продукция является прямой заменой конденсаторов ATC (American Technical Ceramics). Надёжный партнёр для вашего бизнеса. Комплексные решения в микроэлектронике. Адекватные цены на СВЧ-конденсатор ARC70A 6.2 пФ. Разумные сроки. Индивидуальный подход.,СВЧ-конденсаторы ЭКБ ТЕСТ,svch-kondensatory_section_6
svch-kondensatory_34,СВЧ-конденсатор ARC70A 6.8 пФ,svch-kondensator-arc70a-6-8-pf,Y,3500,"<p>Серия ARC70 - это сверхвысокочастотные/высокочастотные многослойные керамические чип-конденсаторы, температурный коэффициент которых составляет 0±30 м.д. / °С.</p>",html,,"<p>Серия ARC70 - это сверхвысокочастотные/высокочастотные многослойные керамические чип-конденсаторы, температурный коэффициент которых составляет 0±30 м.д. / °С.</p>",html,,ЭКБ ТЕСТ,6R8,Сверх-высокочастотные многослойные керамические чип-конденсаторы для ВП,ARC70,6.8,6R8,0505,±0.1 пФ,±0.25 пФ,-55,200,,,150 В Код 151 или 300 В Код 301,"<p>Высококачественные, высокое значение тока высокой частоты (ТВЧ)/напряжения тока, высокое значение радиочастотной мощности, низкое значение эквивалентного последовательного сопротивления (ESR)/ эквивалентной последовательной индуктивности (ESL), низкий уровень шума, повышенная степень надёжности.</p>","<p>Высокочастотные / микроволновые / радиочастотные усилители, усилители с низким уровнем помех, индуктивно-емкостные сглаживающие фильтры и так далее.</p>","<p>Модули радиотехнической разведки и радиоэлектронной борьбы для военных сверхвысокочастотных радиолокационных станций с фазированной антенной решеткой, военные коротковолновые, ультракоротковолновые, микроволновые системы связи.</p>","<p>Государственный военный стандарт, 7 специальный уровень качества, стандарт качества военной продукции.</p>",,ARC70A ЭКБ ТЕСТ.pdf,Руководство по применению ЭКБ ТЕСТ.pdf####Маркировка ЭКБ ТЕСТ.pdf####Наборы иструментов и датчиков для моделирования ЭКБ ТЕСТ.pdf####Иструкция по установке ЭКБ ТЕСТ.pdf####Составные элементы мощных чип-конд. для ВП ЭКБ ТЕСТ.pdf####Общая по серии а ЭКБ ТЕСТ.pdf,Руководство по применению####Маркировка####Наборы инструментов####Инструкция по установке####Составные элементы####Информация по серии####,svch-kondensatory_87####svch-kondensatory_88####svch-kondensatory_89####svch-kondensatory_90,СВЧ-конденсатор ARC70A 6.8 пФ,СВЧ-конденсатор ARC70A 6.8 пФ⚡Изготовление на заказ ✔ pin-to-pin замены СВЧ-конденсаторов ATC700A (American Technical Ceramics)⚡Испытательная лаборатория⚡ЭКБ ТЕСТ,Наша продукция является прямой заменой конденсаторов ATC (American Technical Ceramics). Надёжный партнёр для вашего бизнеса. Комплексные решения в микроэлектронике. Адекватные цены на СВЧ-конденсатор ARC70A 6.8 пФ. Разумные сроки. Индивидуальный подход.,СВЧ-конденсаторы ЭКБ ТЕСТ,svch-kondensatory_section_6
svch-kondensatory_35,СВЧ-конденсатор ARC70A 7.5 пФ,svch-kondensator-arc70a-7-5-pf,Y,3600,"<p>Серия ARC70 - это сверхвысокочастотные/высокочастотные многослойные керамические чип-конденсаторы, температурный коэффициент которых составляет 0±30 м.д. / °С.</p>",html,10.jpg,"<p>Серия ARC70 - это сверхвысокочастотные/высокочастотные многослойные керамические чип-конденсаторы, температурный коэффициент которых составляет 0±30 м.д. / °С.</p>",html,10.jpg,ЭКБ ТЕСТ,7R5,Сверх-высокочастотные многослойные керамические чип-конденсаторы для ВП,ARC70,7.5,7R5,0505,±0.1 пФ,±0.25 пФ,-55,200,,,150 В Код 151 или 300 В Код 301,"<p>Высококачественные, высокое значение тока высокой частоты (ТВЧ)/напряжения тока, высокое значение радиочастотной мощности, низкое значение эквивалентного последовательного сопротивления (ESR)/ эквивалентной последовательной индуктивности (ESL), низкий уровень шума, повышенная степень надёжности.</p>","<p>Высокочастотные / микроволновые / радиочастотные усилители, усилители с низким уровнем помех, индуктивно-емкостные сглаживающие фильтры и так далее.</p>","<p>Модули радиотехнической разведки и радиоэлектронной борьбы для военных сверхвысокочастотных радиолокационных станций с фазированной антенной решеткой, военные коротковолновые, ультракоротковолновые, микроволновые системы связи.</p>","<p>Государственный военный стандарт, 7 специальный уровень качества, стандарт качества военной продукции.</p>",,ARC70A ЭКБ ТЕСТ.pdf,Руководство по применению ЭКБ ТЕСТ.pdf####Маркировка ЭКБ ТЕСТ.pdf####Наборы иструментов и датчиков для моделирования ЭКБ ТЕСТ.pdf####Иструкция по установке ЭКБ ТЕСТ.pdf####Составные элементы мощных чип-конд. для ВП ЭКБ ТЕСТ.pdf####Общая по серии а ЭКБ ТЕСТ.pdf,Руководство по применению####Маркировка####Наборы инструментов####Инструкция по установке####Составные элементы####Информация по серии####,svch-kondensatory_87####svch-kondensatory_88####svch-kondensatory_89####svch-kondensatory_90,СВЧ-конденсатор ARC70A 7.5 пФ,СВЧ-конденсатор ARC70A 7.5 пФ⚡Изготовление на заказ ✔ pin-to-pin замены СВЧ-конденсаторов ATC700A (American Technical Ceramics)⚡Испытательная лаборатория⚡ЭКБ ТЕСТ,Наша продукция является прямой заменой конденсаторов ATC (American Technical Ceramics). Надёжный партнёр для вашего бизнеса. Комплексные решения в микроэлектронике. Адекватные цены на СВЧ-конденсатор ARC70A 7.5 пФ. Разумные сроки. Индивидуальный подход.,СВЧ-конденсаторы ЭКБ ТЕСТ,svch-kondensatory_section_6
svch-kondensatory_36,СВЧ-конденсатор ARC70A 8.2 пФ,svch-kondensator-arc70a-8-2-pf,Y,3700,"<p>Серия ARC70 - это сверхвысокочастотные/высокочастотные многослойные керамические чип-конденсаторы, температурный коэффициент которых составляет 0±30 м.д. / °С.</p>",html,10.jpg,"<p>Серия ARC70 - это сверхвысокочастотные/высокочастотные многослойные керамические чип-конденсаторы, температурный коэффициент которых составляет 0±30 м.д. / °С.</p>",html,10.jpg,ЭКБ ТЕСТ,8R2,Сверх-высокочастотные многослойные керамические чип-конденсаторы для ВП,ARC70,8.2,8R2,0505,±0.1 пФ,±0.25 пФ,-55,200,,,150 В Код 151 или 300 В Код 301,"<p>Высококачественные, высокое значение тока высокой частоты (ТВЧ)/напряжения тока, высокое значение радиочастотной мощности, низкое значение эквивалентного последовательного сопротивления (ESR)/ эквивалентной последовательной индуктивности (ESL), низкий уровень шума, повышенная степень надёжности.</p>","<p>Высокочастотные / микроволновые / радиочастотные усилители, усилители с низким уровнем помех, индуктивно-емкостные сглаживающие фильтры и так далее.</p>","<p>Модули радиотехнической разведки и радиоэлектронной борьбы для военных сверхвысокочастотных радиолокационных станций с фазированной антенной решеткой, военные коротковолновые, ультракоротковолновые, микроволновые системы связи.</p>","<p>Государственный военный стандарт, 7 специальный уровень качества, стандарт качества военной продукции.</p>",,ARC70A ЭКБ ТЕСТ.pdf,Руководство по применению ЭКБ ТЕСТ.pdf####Маркировка ЭКБ ТЕСТ.pdf####Наборы иструментов и датчиков для моделирования ЭКБ ТЕСТ.pdf####Иструкция по установке ЭКБ ТЕСТ.pdf####Составные элементы мощных чип-конд. для ВП ЭКБ ТЕСТ.pdf####Общая по серии а ЭКБ ТЕСТ.pdf,Руководство по применению####Маркировка####Наборы инструментов####Инструкция по установке####Составные элементы####Информация по серии####,svch-kondensatory_87####svch-kondensatory_88####svch-kondensatory_89####svch-kondensatory_90,СВЧ-конденсатор ARC70A 8.2 пФ,СВЧ-конденсатор ARC70A 8.2 пФ⚡Изготовление на заказ ✔ pin-to-pin замены СВЧ-конденсаторов ATC700A (American Technical Ceramics)⚡Испытательная лаборатория⚡ЭКБ ТЕСТ,Наша продукция является прямой заменой конденсаторов ATC (American Technical Ceramics). Надёжный партнёр для вашего бизнеса. Комплексные решения в микроэлектронике. Адекватные цены на СВЧ-конденсатор ARC70A 8.2 пФ. Разумные сроки. Индивидуальный подход.,СВЧ-конденсаторы ЭКБ ТЕСТ,svch-kondensatory_section_6
svch-kondensatory_37,СВЧ-конденсатор ARC70A 9.1 пФ,svch-kondensator-arc70a-9-1-pf,Y,3800,"<p>Серия ARC70 - это сверхвысокочастотные/высокочастотные многослойные керамические чип-конденсаторы, температурный коэффициент которых составляет 0±30 м.д. / °С.</p>",html,10.jpg,"<p>Серия ARC70 - это сверхвысокочастотные/высокочастотные многослойные керамические чип-конденсаторы, температурный коэффициент которых составляет 0±30 м.д. / °С.</p>",html,10.jpg,ЭКБ ТЕСТ,9R1,Сверх-высокочастотные многослойные керамические чип-конденсаторы для ВП,ARC70,9.1,9R1,0505,±0.1 пФ,±0.25 пФ,-55,200,,,150 В Код 151 или 300 В Код 301,"<p>Высококачественные, высокое значение тока высокой частоты (ТВЧ)/напряжения тока, высокое значение радиочастотной мощности, низкое значение эквивалентного последовательного сопротивления (ESR)/ эквивалентной последовательной индуктивности (ESL), низкий уровень шума, повышенная степень надёжности.</p>","<p>Высокочастотные / микроволновые / радиочастотные усилители, усилители с низким уровнем помех, индуктивно-емкостные сглаживающие фильтры и так далее.</p>","<p>Модули радиотехнической разведки и радиоэлектронной борьбы для военных сверхвысокочастотных радиолокационных станций с фазированной антенной решеткой, военные коротковолновые, ультракоротковолновые, микроволновые системы связи.</p>","<p>Государственный военный стандарт, 7 специальный уровень качества, стандарт качества военной продукции.</p>",,ARC70A ЭКБ ТЕСТ.pdf,Руководство по применению ЭКБ ТЕСТ.pdf####Маркировка ЭКБ ТЕСТ.pdf####Наборы иструментов и датчиков для моделирования ЭКБ ТЕСТ.pdf####Иструкция по установке ЭКБ ТЕСТ.pdf####Составные элементы мощных чип-конд. для ВП ЭКБ ТЕСТ.pdf####Общая по серии а ЭКБ ТЕСТ.pdf,Руководство по применению####Маркировка####Наборы инструментов####Инструкция по установке####Составные элементы####Информация по серии####,svch-kondensatory_87####svch-kondensatory_88####svch-kondensatory_89####svch-kondensatory_90,СВЧ-конденсатор ARC70A 9.1 пФ,СВЧ-конденсатор ARC70A 9.1 пФ⚡Изготовление на заказ ✔ pin-to-pin замены СВЧ-конденсаторов ATC700A (American Technical Ceramics)⚡Испытательная лаборатория⚡ЭКБ ТЕСТ,Наша продукция является прямой заменой конденсаторов ATC (American Technical Ceramics). Надёжный партнёр для вашего бизнеса. Комплексные решения в микроэлектронике. Адекватные цены на СВЧ-конденсатор ARC70A 9.1 пФ. Разумные сроки. Индивидуальный подход.,СВЧ-конденсаторы ЭКБ ТЕСТ,svch-kondensatory_section_6
svch-kondensatory_38,СВЧ-конденсатор ARC70A 10 пФ,svch-kondensator-arc70a-10-pf,Y,3900,"<p>Серия ARC70 - это сверхвысокочастотные/высокочастотные многослойные керамические чип-конденсаторы, температурный коэффициент которых составляет 0±30 м.д. / °С.</p>",html,10.jpg,"<p>Серия ARC70 - это сверхвысокочастотные/высокочастотные многослойные керамические чип-конденсаторы, температурный коэффициент которых составляет 0±30 м.д. / °С.</p>",html,10.jpg,ЭКБ ТЕСТ,100,Сверх-высокочастотные многослойные керамические чип-конденсаторы для ВП,ARC70,10,100,0505,±1%,±5%,-55,200,,,150 В Код 151 или 300 В Код 301,"<p>Высококачественные, высокое значение тока высокой частоты (ТВЧ)/напряжения тока, высокое значение радиочастотной мощности, низкое значение эквивалентного последовательного сопротивления (ESR)/ эквивалентной последовательной индуктивности (ESL), низкий уровень шума, повышенная степень надёжности.</p>","<p>Высокочастотные / микроволновые / радиочастотные усилители, усилители с низким уровнем помех, индуктивно-емкостные сглаживающие фильтры и так далее.</p>","<p>Модули радиотехнической разведки и радиоэлектронной борьбы для военных сверхвысокочастотных радиолокационных станций с фазированной антенной решеткой, военные коротковолновые, ультракоротковолновые, микроволновые системы связи.</p>","<p>Государственный военный стандарт, 7 специальный уровень качества, стандарт качества военной продукции.</p>",,ARC70A ЭКБ ТЕСТ.pdf,Руководство по применению ЭКБ ТЕСТ.pdf####Маркировка ЭКБ ТЕСТ.pdf####Наборы иструментов и датчиков для моделирования ЭКБ ТЕСТ.pdf####Иструкция по установке ЭКБ ТЕСТ.pdf####Составные элементы мощных чип-конд. для ВП ЭКБ ТЕСТ.pdf####Общая по серии а ЭКБ ТЕСТ.pdf,Руководство по применению####Маркировка####Наборы инструментов####Инструкция по установке####Составные элементы####Информация по серии####,svch-kondensatory_87####svch-kondensatory_88####svch-kondensatory_89####svch-kondensatory_90,СВЧ-конденсатор ARC70A 10 пФ,СВЧ-конденсатор ARC70A 10 пФ⚡Изготовление на заказ ✔ pin-to-pin замены СВЧ-конденсаторов ATC700A (American Technical Ceramics)⚡Испытательная лаборатория⚡ЭКБ ТЕСТ,Наша продукция является прямой заменой конденсаторов ATC (American Technical Ceramics). Надёжный партнёр для вашего бизнеса. Комплексные решения в микроэлектронике. Адекватные цены на СВЧ-конденсатор ARC70A 10 пФ. Разумные сроки. Индивидуальный подход.,СВЧ-конденсаторы ЭКБ ТЕСТ,svch-kondensatory_section_6
svch-kondensatory_39,СВЧ-конденсатор ARC70A 11 пФ,svch-kondensator-arc70a-11-pf,Y,4000,"<p>Серия ARC70 - это сверхвысокочастотные/высокочастотные многослойные керамические чип-конденсаторы, температурный коэффициент которых составляет 0±30 м.д. / °С.</p>",html,10.jpg,"<p>Серия ARC70 - это сверхвысокочастотные/высокочастотные многослойные керамические чип-конденсаторы, температурный коэффициент которых составляет 0±30 м.д. / °С.</p>",html,10.jpg,ЭКБ ТЕСТ,110,Сверх-высокочастотные многослойные керамические чип-конденсаторы для ВП,ARC70,11,110,0505,±1%,±5%,-55,200,,,150 В Код 151 или 300 В Код 301,"<p>Высококачественные, высокое значение тока высокой частоты (ТВЧ)/напряжения тока, высокое значение радиочастотной мощности, низкое значение эквивалентного последовательного сопротивления (ESR)/ эквивалентной последовательной индуктивности (ESL), низкий уровень шума, повышенная степень надёжности.</p>","<p>Высокочастотные / микроволновые / радиочастотные усилители, усилители с низким уровнем помех, индуктивно-емкостные сглаживающие фильтры и так далее.</p>","<p>Модули радиотехнической разведки и радиоэлектронной борьбы для военных сверхвысокочастотных радиолокационных станций с фазированной антенной решеткой, военные коротковолновые, ультракоротковолновые, микроволновые системы связи.</p>","<p>Государственный военный стандарт, 7 специальный уровень качества, стандарт качества военной продукции.</p>",,ARC70A ЭКБ ТЕСТ.pdf,Руководство по применению ЭКБ ТЕСТ.pdf####Маркировка ЭКБ ТЕСТ.pdf####Наборы иструментов и датчиков для моделирования ЭКБ ТЕСТ.pdf####Иструкция по установке ЭКБ ТЕСТ.pdf####Составные элементы мощных чип-конд. для ВП ЭКБ ТЕСТ.pdf####Общая по серии а ЭКБ ТЕСТ.pdf,Руководство по применению####Маркировка####Наборы инструментов####Инструкция по установке####Составные элементы####Информация по серии####,svch-kondensatory_87####svch-kondensatory_88####svch-kondensatory_89####svch-kondensatory_90,СВЧ-конденсатор ARC70A 11 пФ,СВЧ-конденсатор ARC70A 11 пФ⚡Изготовление на заказ ✔ pin-to-pin замены СВЧ-конденсаторов ATC700A (American Technical Ceramics)⚡Испытательная лаборатория⚡ЭКБ ТЕСТ,Наша продукция является прямой заменой конденсаторов ATC (American Technical Ceramics). Надёжный партнёр для вашего бизнеса. Комплексные решения в микроэлектронике. Адекватные цены на СВЧ-конденсатор ARC70A 11 пФ. Разумные сроки. Индивидуальный подход.,СВЧ-конденсаторы ЭКБ ТЕСТ,svch-kondensatory_section_6
svch-kondensatory_40,СВЧ-конденсатор ARC70A 12 пФ,svch-kondensator-arc70a-12-pf,Y,4100,"<p>Серия ARC70 - это сверхвысокочастотные/высокочастотные многослойные керамические чип-конденсаторы, температурный коэффициент которых составляет 0±30 м.д. / °С.</p>",html,10.jpg,"<p>Серия ARC70 - это сверхвысокочастотные/высокочастотные многослойные керамические чип-конденсаторы, температурный коэффициент которых составляет 0±30 м.д. / °С.</p>",html,10.jpg,ЭКБ ТЕСТ,120,Сверх-высокочастотные многослойные керамические чип-конденсаторы для ВП,ARC70,12,120,0505,±1%,±5%,-55,200,,,150 В Код 151 или 300 В Код 301,"<p>Высококачественные, высокое значение тока высокой частоты (ТВЧ)/напряжения тока, высокое значение радиочастотной мощности, низкое значение эквивалентного последовательного сопротивления (ESR)/ эквивалентной последовательной индуктивности (ESL), низкий уровень шума, повышенная степень надёжности.</p>","<p>Высокочастотные / микроволновые / радиочастотные усилители, усилители с низким уровнем помех, индуктивно-емкостные сглаживающие фильтры и так далее.</p>","<p>Модули радиотехнической разведки и радиоэлектронной борьбы для военных сверхвысокочастотных радиолокационных станций с фазированной антенной решеткой, военные коротковолновые, ультракоротковолновые, микроволновые системы связи.</p>","<p>Государственный военный стандарт, 7 специальный уровень качества, стандарт качества военной продукции.</p>",,ARC70A ЭКБ ТЕСТ.pdf,Руководство по применению ЭКБ ТЕСТ.pdf####Маркировка ЭКБ ТЕСТ.pdf####Наборы иструментов и датчиков для моделирования ЭКБ ТЕСТ.pdf####Иструкция по установке ЭКБ ТЕСТ.pdf####Составные элементы мощных чип-конд. для ВП ЭКБ ТЕСТ.pdf####Общая по серии а ЭКБ ТЕСТ.pdf,Руководство по применению####Маркировка####Наборы инструментов####Инструкция по установке####Составные элементы####Информация по серии####,svch-kondensatory_87####svch-kondensatory_88####svch-kondensatory_89####svch-kondensatory_90,СВЧ-конденсатор ARC70A 12 пФ,СВЧ-конденсатор ARC70A 12 пФ⚡Изготовление на заказ ✔ pin-to-pin замены СВЧ-конденсаторов ATC700A (American Technical Ceramics)⚡Испытательная лаборатория⚡ЭКБ ТЕСТ,Наша продукция является прямой заменой конденсаторов ATC (American Technical Ceramics). Надёжный партнёр для вашего бизнеса. Комплексные решения в микроэлектронике. Адекватные цены на СВЧ-конденсатор ARC70A 12 пФ. Разумные сроки. Индивидуальный подход.,СВЧ-конденсаторы ЭКБ ТЕСТ,svch-kondensatory_section_6
svch-kondensatory_41,СВЧ-конденсатор ARC70A 13 пФ,svch-kondensator-arc70a-13-pf,Y,4200,"<p>Серия ARC70 - это сверхвысокочастотные/высокочастотные многослойные керамические чип-конденсаторы, температурный коэффициент которых составляет 0±30 м.д. / °С.</p>",html,10.jpg,"<p>Серия ARC70 - это сверхвысокочастотные/высокочастотные многослойные керамические чип-конденсаторы, температурный коэффициент которых составляет 0±30 м.д. / °С.</p>",html,10.jpg,ЭКБ ТЕСТ,130,Сверх-высокочастотные многослойные керамические чип-конденсаторы для ВП,ARC70,13,130,0505,±1%,±5%,-55,200,,,150 В Код 151 или 300 В Код 301,"<p>Высококачественные, высокое значение тока высокой частоты (ТВЧ)/напряжения тока, высокое значение радиочастотной мощности, низкое значение эквивалентного последовательного сопротивления (ESR)/ эквивалентной последовательной индуктивности (ESL), низкий уровень шума, повышенная степень надёжности.</p>","<p>Высокочастотные / микроволновые / радиочастотные усилители, усилители с низким уровнем помех, индуктивно-емкостные сглаживающие фильтры и так далее.</p>","<p>Модули радиотехнической разведки и радиоэлектронной борьбы для военных сверхвысокочастотных радиолокационных станций с фазированной антенной решеткой, военные коротковолновые, ультракоротковолновые, микроволновые системы связи.</p>","<p>Государственный военный стандарт, 7 специальный уровень качества, стандарт качества военной продукции.</p>",,ARC70A ЭКБ ТЕСТ.pdf,Руководство по применению ЭКБ ТЕСТ.pdf####Маркировка ЭКБ ТЕСТ.pdf####Наборы иструментов и датчиков для моделирования ЭКБ ТЕСТ.pdf####Иструкция по установке ЭКБ ТЕСТ.pdf####Составные элементы мощных чип-конд. для ВП ЭКБ ТЕСТ.pdf####Общая по серии а ЭКБ ТЕСТ.pdf,Руководство по применению####Маркировка####Наборы инструментов####Инструкция по установке####Составные элементы####Информация по серии####,svch-kondensatory_87####svch-kondensatory_88####svch-kondensatory_89####svch-kondensatory_90,СВЧ-конденсатор ARC70A 13 пФ,СВЧ-конденсатор ARC70A 13 пФ⚡Изготовление на заказ ✔ pin-to-pin замены СВЧ-конденсаторов ATC700A (American Technical Ceramics)⚡Испытательная лаборатория⚡ЭКБ ТЕСТ,Наша продукция является прямой заменой конденсаторов ATC (American Technical Ceramics). Надёжный партнёр для вашего бизнеса. Комплексные решения в микроэлектронике. Адекватные цены на СВЧ-конденсатор ARC70A 13 пФ. Разумные сроки. Индивидуальный подход.,СВЧ-конденсаторы ЭКБ ТЕСТ,svch-kondensatory_section_6
svch-kondensatory_42,СВЧ-конденсатор ARC70A 15 пФ,svch-kondensator-arc70a-15-pf,Y,4300,"<p>Серия ARC70 - это сверхвысокочастотные/высокочастотные многослойные керамические чип-конденсаторы, температурный коэффициент которых составляет 0±30 м.д. / °С.</p>",html,9.jpg,"<p>Серия ARC70 - это сверхвысокочастотные/высокочастотные многослойные керамические чип-конденсаторы, температурный коэффициент которых составляет 0±30 м.д. / °С.</p>",html,9.jpg,ЭКБ ТЕСТ,150,Сверх-высокочастотные многослойные керамические чип-конденсаторы для ВП,ARC70,15,150,0505,±1%,±5%,-55,200,,,150 В Код 151 или 300 В Код 301,"<p>Высококачественные, высокое значение тока высокой частоты (ТВЧ)/напряжения тока, высокое значение радиочастотной мощности, низкое значение эквивалентного последовательного сопротивления (ESR)/ эквивалентной последовательной индуктивности (ESL), низкий уровень шума, повышенная степень надёжности.</p>","<p>Высокочастотные / микроволновые / радиочастотные усилители, усилители с низким уровнем помех, индуктивно-емкостные сглаживающие фильтры и так далее.</p>","<p>Модули радиотехнической разведки и радиоэлектронной борьбы для военных сверхвысокочастотных радиолокационных станций с фазированной антенной решеткой, военные коротковолновые, ультракоротковолновые, микроволновые системы связи.</p>","<p>Государственный военный стандарт, 7 специальный уровень качества, стандарт качества военной продукции.</p>",,ARC70A ЭКБ ТЕСТ.pdf,Руководство по применению ЭКБ ТЕСТ.pdf####Маркировка ЭКБ ТЕСТ.pdf####Наборы иструментов и датчиков для моделирования ЭКБ ТЕСТ.pdf####Иструкция по установке ЭКБ ТЕСТ.pdf####Составные элементы мощных чип-конд. для ВП ЭКБ ТЕСТ.pdf####Общая по серии а ЭКБ ТЕСТ.pdf,Руководство по применению####Маркировка####Наборы инструментов####Инструкция по установке####Составные элементы####Информация по серии####,svch-kondensatory_87####svch-kondensatory_88####svch-kondensatory_89####svch-kondensatory_90,СВЧ-конденсатор ARC70A 15 пФ,СВЧ-конденсатор ARC70A 15 пФ⚡Изготовление на заказ ✔ pin-to-pin замены СВЧ-конденсаторов ATC700A (American Technical Ceramics)⚡Испытательная лаборатория⚡ЭКБ ТЕСТ,Наша продукция является прямой заменой конденсаторов ATC (American Technical Ceramics). Надёжный партнёр для вашего бизнеса. Комплексные решения в микроэлектронике. Адекватные цены на СВЧ-конденсатор ARC70A 15 пФ. Разумные сроки. Индивидуальный подход.,СВЧ-конденсаторы ЭКБ ТЕСТ,svch-kondensatory_section_6
svch-kondensatory_43,СВЧ-конденсатор ARC70A 16 пФ,svch-kondensator-arc70a-16-pf,Y,4400,"<p>Серия ARC70 - это сверхвысокочастотные/высокочастотные многослойные керамические чип-конденсаторы, температурный коэффициент которых составляет 0±30 м.д. / °С.</p>",html,9.jpg,"<p>Серия ARC70 - это сверхвысокочастотные/высокочастотные многослойные керамические чип-конденсаторы, температурный коэффициент которых составляет 0±30 м.д. / °С.</p>",html,9.jpg,ЭКБ ТЕСТ,160,Сверх-высокочастотные многослойные керамические чип-конденсаторы для ВП,ARC70,16,160,0505,±1%,±5%,-55,200,,,150 В Код 151 или 300 В Код 301,"<p>Высококачественные, высокое значение тока высокой частоты (ТВЧ)/напряжения тока, высокое значение радиочастотной мощности, низкое значение эквивалентного последовательного сопротивления (ESR)/ эквивалентной последовательной индуктивности (ESL), низкий уровень шума, повышенная степень надёжности.</p>","<p>Высокочастотные / микроволновые / радиочастотные усилители, усилители с низким уровнем помех, индуктивно-емкостные сглаживающие фильтры и так далее.</p>","<p>Модули радиотехнической разведки и радиоэлектронной борьбы для военных сверхвысокочастотных радиолокационных станций с фазированной антенной решеткой, военные коротковолновые, ультракоротковолновые, микроволновые системы связи.</p>","<p>Государственный военный стандарт, 7 специальный уровень качества, стандарт качества военной продукции.</p>",,ARC70A ЭКБ ТЕСТ.pdf,Руководство по применению ЭКБ ТЕСТ.pdf####Маркировка ЭКБ ТЕСТ.pdf####Наборы иструментов и датчиков для моделирования ЭКБ ТЕСТ.pdf####Иструкция по установке ЭКБ ТЕСТ.pdf####Составные элементы мощных чип-конд. для ВП ЭКБ ТЕСТ.pdf####Общая по серии а ЭКБ ТЕСТ.pdf,Руководство по применению####Маркировка####Наборы инструментов####Инструкция по установке####Составные элементы####Информация по серии####,svch-kondensatory_87####svch-kondensatory_88####svch-kondensatory_89####svch-kondensatory_90,СВЧ-конденсатор ARC70A 16 пФ,СВЧ-конденсатор ARC70A 16 пФ⚡Изготовление на заказ ✔ pin-to-pin замены СВЧ-конденсаторов ATC700A (American Technical Ceramics)⚡Испытательная лаборатория⚡ЭКБ ТЕСТ,Наша продукция является прямой заменой конденсаторов ATC (American Technical Ceramics). Надёжный партнёр для вашего бизнеса. Комплексные решения в микроэлектронике. Адекватные цены на СВЧ-конденсатор ARC70A 16 пФ. Разумные сроки. Индивидуальный подход.,СВЧ-конденсаторы ЭКБ ТЕСТ,svch-kondensatory_section_6
svch-kondensatory_44,СВЧ-конденсатор ARC70A 18 пФ,svch-kondensator-arc70a-18-pf,Y,4500,"<p>Серия ARC70 - это сверхвысокочастотные/высокочастотные многослойные керамические чип-конденсаторы, температурный коэффициент которых составляет 0±30 м.д. / °С.</p>",html,9.jpg,"<p>Серия ARC70 - это сверхвысокочастотные/высокочастотные многослойные керамические чип-конденсаторы, температурный коэффициент которых составляет 0±30 м.д. / °С.</p>",html,9.jpg,ЭКБ ТЕСТ,180,Сверх-высокочастотные многослойные керамические чип-конденсаторы для ВП,ARC70,18,180,0505,±1%,±5%,-55,200,,,150 В Код 151 или 300 В Код 301,"<p>Высококачественные, высокое значение тока высокой частоты (ТВЧ)/напряжения тока, высокое значение радиочастотной мощности, низкое значение эквивалентного последовательного сопротивления (ESR)/ эквивалентной последовательной индуктивности (ESL), низкий уровень шума, повышенная степень надёжности.</p>","<p>Высокочастотные / микроволновые / радиочастотные усилители, усилители с низким уровнем помех, индуктивно-емкостные сглаживающие фильтры и так далее.</p>","<p>Модули радиотехнической разведки и радиоэлектронной борьбы для военных сверхвысокочастотных радиолокационных станций с фазированной антенной решеткой, военные коротковолновые, ультракоротковолновые, микроволновые системы связи.</p>","<p>Государственный военный стандарт, 7 специальный уровень качества, стандарт качества военной продукции.</p>",,ARC70A ЭКБ ТЕСТ.pdf,Руководство по применению ЭКБ ТЕСТ.pdf####Маркировка ЭКБ ТЕСТ.pdf####Наборы иструментов и датчиков для моделирования ЭКБ ТЕСТ.pdf####Иструкция по установке ЭКБ ТЕСТ.pdf####Составные элементы мощных чип-конд. для ВП ЭКБ ТЕСТ.pdf####Общая по серии а ЭКБ ТЕСТ.pdf,Руководство по применению####Маркировка####Наборы инструментов####Инструкция по установке####Составные элементы####Информация по серии####,svch-kondensatory_87####svch-kondensatory_88####svch-kondensatory_89####svch-kondensatory_90,СВЧ-конденсатор ARC70A 18 пФ,СВЧ-конденсатор ARC70A 18 пФ⚡Изготовление на заказ ✔ pin-to-pin замены СВЧ-конденсаторов ATC700A (American Technical Ceramics)⚡Испытательная лаборатория⚡ЭКБ ТЕСТ,Наша продукция является прямой заменой конденсаторов ATC (American Technical Ceramics). Надёжный партнёр для вашего бизнеса. Комплексные решения в микроэлектронике. Адекватные цены на СВЧ-конденсатор ARC70A 18 пФ. Разумные сроки. Индивидуальный подход.,СВЧ-конденсаторы ЭКБ ТЕСТ,svch-kondensatory_section_6
svch-kondensatory_45,СВЧ-конденсатор ARC70A 20 пФ,svch-kondensator-arc70a-20-pf,Y,4600,"<p>Серия ARC70 - это сверхвысокочастотные/высокочастотные многослойные керамические чип-конденсаторы, температурный коэффициент которых составляет 0±30 м.д. / °С.</p>",html,9.jpg,"<p>Серия ARC70 - это сверхвысокочастотные/высокочастотные многослойные керамические чип-конденсаторы, температурный коэффициент которых составляет 0±30 м.д. / °С.</p>",html,9.jpg,ЭКБ ТЕСТ,200,Сверх-высокочастотные многослойные керамические чип-конденсаторы для ВП,ARC70,20,200,0505,±1%,±5%,-55,200,,,150 В Код 151 или 300 В Код 301,"<p>Высококачественные, высокое значение тока высокой частоты (ТВЧ)/напряжения тока, высокое значение радиочастотной мощности, низкое значение эквивалентного последовательного сопротивления (ESR)/ эквивалентной последовательной индуктивности (ESL), низкий уровень шума, повышенная степень надёжности.</p>","<p>Высокочастотные / микроволновые / радиочастотные усилители, усилители с низким уровнем помех, индуктивно-емкостные сглаживающие фильтры и так далее.</p>","<p>Модули радиотехнической разведки и радиоэлектронной борьбы для военных сверхвысокочастотных радиолокационных станций с фазированной антенной решеткой, военные коротковолновые, ультракоротковолновые, микроволновые системы связи.</p>","<p>Государственный военный стандарт, 7 специальный уровень качества, стандарт качества военной продукции.</p>",,ARC70A ЭКБ ТЕСТ.pdf,Руководство по применению ЭКБ ТЕСТ.pdf####Маркировка ЭКБ ТЕСТ.pdf####Наборы иструментов и датчиков для моделирования ЭКБ ТЕСТ.pdf####Иструкция по установке ЭКБ ТЕСТ.pdf####Составные элементы мощных чип-конд. для ВП ЭКБ ТЕСТ.pdf####Общая по серии а ЭКБ ТЕСТ.pdf,Руководство по применению####Маркировка####Наборы инструментов####Инструкция по установке####Составные элементы####Информация по серии####,svch-kondensatory_87####svch-kondensatory_88####svch-kondensatory_89####svch-kondensatory_90,СВЧ-конденсатор ARC70A 20 пФ,СВЧ-конденсатор ARC70A 20 пФ⚡Изготовление на заказ ✔ pin-to-pin замены СВЧ-конденсаторов ATC700A (American Technical Ceramics)⚡Испытательная лаборатория⚡ЭКБ ТЕСТ,Наша продукция является прямой заменой конденсаторов ATC (American Technical Ceramics). Надёжный партнёр для вашего бизнеса. Комплексные решения в микроэлектронике. Адекватные цены на СВЧ-конденсатор ARC70A 20 пФ. Разумные сроки. Индивидуальный подход.,СВЧ-конденсаторы ЭКБ ТЕСТ,svch-kondensatory_section_6
svch-kondensatory_46,СВЧ-конденсатор ARC70A 22 пФ,svch-kondensator-arc70a-22-pf,Y,4700,"<p>Серия ARC70 - это сверхвысокочастотные/высокочастотные многослойные керамические чип-конденсаторы, температурный коэффициент которых составляет 0±30 м.д. / °С.</p>",html,9.jpg,"<p>Серия ARC70 - это сверхвысокочастотные/высокочастотные многослойные керамические чип-конденсаторы, температурный коэффициент которых составляет 0±30 м.д. / °С.</p>",html,9.jpg,ЭКБ ТЕСТ,220,Сверх-высокочастотные многослойные керамические чип-конденсаторы для ВП,ARC70,22,220,0505,±1%,±5%,-55,200,,,150 В Код 151 или 300 В Код 301,"<p>Высококачественные, высокое значение тока высокой частоты (ТВЧ)/напряжения тока, высокое значение радиочастотной мощности, низкое значение эквивалентного последовательного сопротивления (ESR)/ эквивалентной последовательной индуктивности (ESL), низкий уровень шума, повышенная степень надёжности.</p>","<p>Высокочастотные / микроволновые / радиочастотные усилители, усилители с низким уровнем помех, индуктивно-емкостные сглаживающие фильтры и так далее.</p>","<p>Модули радиотехнической разведки и радиоэлектронной борьбы для военных сверхвысокочастотных радиолокационных станций с фазированной антенной решеткой, военные коротковолновые, ультракоротковолновые, микроволновые системы связи.</p>","<p>Государственный военный стандарт, 7 специальный уровень качества, стандарт качества военной продукции.</p>",,ARC70A ЭКБ ТЕСТ.pdf,Руководство по применению ЭКБ ТЕСТ.pdf####Маркировка ЭКБ ТЕСТ.pdf####Наборы иструментов и датчиков для моделирования ЭКБ ТЕСТ.pdf####Иструкция по установке ЭКБ ТЕСТ.pdf####Составные элементы мощных чип-конд. для ВП ЭКБ ТЕСТ.pdf####Общая по серии а ЭКБ ТЕСТ.pdf,Руководство по применению####Маркировка####Наборы инструментов####Инструкция по установке####Составные элементы####Информация по серии####,svch-kondensatory_87####svch-kondensatory_88####svch-kondensatory_89####svch-kondensatory_90,СВЧ-конденсатор ARC70A 22 пФ,СВЧ-конденсатор ARC70A 22 пФ⚡Изготовление на заказ ✔ pin-to-pin замены СВЧ-конденсаторов ATC700A (American Technical Ceramics)⚡Испытательная лаборатория⚡ЭКБ ТЕСТ,Наша продукция является прямой заменой конденсаторов ATC (American Technical Ceramics). Надёжный партнёр для вашего бизнеса. Комплексные решения в микроэлектронике. Адекватные цены на СВЧ-конденсатор ARC70A 22 пФ. Разумные сроки. Индивидуальный подход.,СВЧ-конденсаторы ЭКБ ТЕСТ,svch-kondensatory_section_6
svch-kondensatory_47,СВЧ-конденсатор ARC70A 24 пФ,svch-kondensator-arc70a-24-pf,Y,4800,"<p>Серия ARC70 - это сверхвысокочастотные/высокочастотные многослойные керамические чип-конденсаторы, температурный коэффициент которых составляет 0±30 м.д. / °С.</p>",html,9.jpg,"<p>Серия ARC70 - это сверхвысокочастотные/высокочастотные многослойные керамические чип-конденсаторы, температурный коэффициент которых составляет 0±30 м.д. / °С.</p>",html,9.jpg,ЭКБ ТЕСТ,240,Сверх-высокочастотные многослойные керамические чип-конденсаторы для ВП,ARC70,24,240,0505,±1%,±5%,-55,200,,,150 В Код 151 или 300 В Код 301,"<p>Высококачественные, высокое значение тока высокой частоты (ТВЧ)/напряжения тока, высокое значение радиочастотной мощности, низкое значение эквивалентного последовательного сопротивления (ESR)/ эквивалентной последовательной индуктивности (ESL), низкий уровень шума, повышенная степень надёжности.</p>","<p>Высокочастотные / микроволновые / радиочастотные усилители, усилители с низким уровнем помех, индуктивно-емкостные сглаживающие фильтры и так далее.</p>","<p>Модули радиотехнической разведки и радиоэлектронной борьбы для военных сверхвысокочастотных радиолокационных станций с фазированной антенной решеткой, военные коротковолновые, ультракоротковолновые, микроволновые системы связи.</p>","<p>Государственный военный стандарт, 7 специальный уровень качества, стандарт качества военной продукции.</p>",,ARC70A ЭКБ ТЕСТ.pdf,Руководство по применению ЭКБ ТЕСТ.pdf####Маркировка ЭКБ ТЕСТ.pdf####Наборы иструментов и датчиков для моделирования ЭКБ ТЕСТ.pdf####Иструкция по установке ЭКБ ТЕСТ.pdf####Составные элементы мощных чип-конд. для ВП ЭКБ ТЕСТ.pdf####Общая по серии а ЭКБ ТЕСТ.pdf,Руководство по применению####Маркировка####Наборы инструментов####Инструкция по установке####Составные элементы####Информация по серии####,svch-kondensatory_87####svch-kondensatory_88####svch-kondensatory_89####svch-kondensatory_90,СВЧ-конденсатор ARC70A 24 пФ,СВЧ-конденсатор ARC70A 24 пФ⚡Изготовление на заказ ✔ pin-to-pin замены СВЧ-конденсаторов ATC700A (American Technical Ceramics)⚡Испытательная лаборатория⚡ЭКБ ТЕСТ,Наша продукция является прямой заменой конденсаторов ATC (American Technical Ceramics). Надёжный партнёр для вашего бизнеса. Комплексные решения в микроэлектронике. Адекватные цены на СВЧ-конденсатор ARC70A 24 пФ. Разумные сроки. Индивидуальный подход.,СВЧ-конденсаторы ЭКБ ТЕСТ,svch-kondensatory_section_6
svch-kondensatory_48,СВЧ-конденсатор ARC70A 27 пФ,svch-kondensator-arc70a-27-pf,Y,4900,"<p>Серия ARC70 - это сверхвысокочастотные/высокочастотные многослойные керамические чип-конденсаторы, температурный коэффициент которых составляет 0±30 м.д. / °С.</p>",html,9.jpg,"<p>Серия ARC70 - это сверхвысокочастотные/высокочастотные многослойные керамические чип-конденсаторы, температурный коэффициент которых составляет 0±30 м.д. / °С.</p>",html,9.jpg,ЭКБ ТЕСТ,270,Сверх-высокочастотные многослойные керамические чип-конденсаторы для ВП,ARC70,27,270,0505,±1%,±5%,-55,200,,,150 В Код 151 или 300 В Код 301,"<p>Высококачественные, высокое значение тока высокой частоты (ТВЧ)/напряжения тока, высокое значение радиочастотной мощности, низкое значение эквивалентного последовательного сопротивления (ESR)/ эквивалентной последовательной индуктивности (ESL), низкий уровень шума, повышенная степень надёжности.</p>","<p>Высокочастотные / микроволновые / радиочастотные усилители, усилители с низким уровнем помех, индуктивно-емкостные сглаживающие фильтры и так далее.</p>","<p>Модули радиотехнической разведки и радиоэлектронной борьбы для военных сверхвысокочастотных радиолокационных станций с фазированной антенной решеткой, военные коротковолновые, ультракоротковолновые, микроволновые системы связи.</p>","<p>Государственный военный стандарт, 7 специальный уровень качества, стандарт качества военной продукции.</p>",,ARC70A ЭКБ ТЕСТ.pdf,Руководство по применению ЭКБ ТЕСТ.pdf####Маркировка ЭКБ ТЕСТ.pdf####Наборы иструментов и датчиков для моделирования ЭКБ ТЕСТ.pdf####Иструкция по установке ЭКБ ТЕСТ.pdf####Составные элементы мощных чип-конд. для ВП ЭКБ ТЕСТ.pdf####Общая по серии а ЭКБ ТЕСТ.pdf,Руководство по применению####Маркировка####Наборы инструментов####Инструкция по установке####Составные элементы####Информация по серии####,svch-kondensatory_87####svch-kondensatory_88####svch-kondensatory_89####svch-kondensatory_90,СВЧ-конденсатор ARC70A 27 пФ,СВЧ-конденсатор ARC70A 27 пФ⚡Изготовление на заказ ✔ pin-to-pin замены СВЧ-конденсаторов ATC700A (American Technical Ceramics)⚡Испытательная лаборатория⚡ЭКБ ТЕСТ,Наша продукция является прямой заменой конденсаторов ATC (American Technical Ceramics). Надёжный партнёр для вашего бизнеса. Комплексные решения в микроэлектронике. Адекватные цены на СВЧ-конденсатор ARC70A 27 пФ. Разумные сроки. Индивидуальный подход.,СВЧ-конденсаторы ЭКБ ТЕСТ,svch-kondensatory_section_6
svch-kondensatory_49,СВЧ-конденсатор ARC70A 30 пФ,svch-kondensator-arc70a-30-pf,Y,5000,"<p>Серия ARC70 - это сверхвысокочастотные/высокочастотные многослойные керамические чип-конденсаторы, температурный коэффициент которых составляет 0±30 м.д. / °С.</p>",html,9.jpg,"<p>Серия ARC70 - это сверхвысокочастотные/высокочастотные многослойные керамические чип-конденсаторы, температурный коэффициент которых составляет 0±30 м.д. / °С.</p>",html,9.jpg,ЭКБ ТЕСТ,300,Сверх-высокочастотные многослойные керамические чип-конденсаторы для ВП,ARC70,30,300,0505,±1%,±5%,-55,200,,,150 В Код 151 или 300 В Код 301,"<p>Высококачественные, высокое значение тока высокой частоты (ТВЧ)/напряжения тока, высокое значение радиочастотной мощности, низкое значение эквивалентного последовательного сопротивления (ESR)/ эквивалентной последовательной индуктивности (ESL), низкий уровень шума, повышенная степень надёжности.</p>","<p>Высокочастотные / микроволновые / радиочастотные усилители, усилители с низким уровнем помех, индуктивно-емкостные сглаживающие фильтры и так далее.</p>","<p>Модули радиотехнической разведки и радиоэлектронной борьбы для военных сверхвысокочастотных радиолокационных станций с фазированной антенной решеткой, военные коротковолновые, ультракоротковолновые, микроволновые системы связи.</p>","<p>Государственный военный стандарт, 7 специальный уровень качества, стандарт качества военной продукции.</p>",,ARC70A ЭКБ ТЕСТ.pdf,Руководство по применению ЭКБ ТЕСТ.pdf####Маркировка ЭКБ ТЕСТ.pdf####Наборы иструментов и датчиков для моделирования ЭКБ ТЕСТ.pdf####Иструкция по установке ЭКБ ТЕСТ.pdf####Составные элементы мощных чип-конд. для ВП ЭКБ ТЕСТ.pdf####Общая по серии а ЭКБ ТЕСТ.pdf,Руководство по применению####Маркировка####Наборы инструментов####Инструкция по установке####Составные элементы####Информация по серии####,svch-kondensatory_87####svch-kondensatory_88####svch-kondensatory_89####svch-kondensatory_90,СВЧ-конденсатор ARC70A 30 пФ,СВЧ-конденсатор ARC70A 30 пФ⚡Изготовление на заказ ✔ pin-to-pin замены СВЧ-конденсаторов ATC700A (American Technical Ceramics)⚡Испытательная лаборатория⚡ЭКБ ТЕСТ,Наша продукция является прямой заменой конденсаторов ATC (American Technical Ceramics). Надёжный партнёр для вашего бизнеса. Комплексные решения в микроэлектронике. Адекватные цены на СВЧ-конденсатор ARC70A 30 пФ. Разумные сроки. Индивидуальный подход.,СВЧ-конденсаторы ЭКБ ТЕСТ,svch-kondensatory_section_6
svch-kondensatory_50,СВЧ-конденсатор ARC70A 33 пФ,svch-kondensator-arc70a-33-pf,Y,5100,"<p>Серия ARC70 - это сверхвысокочастотные/высокочастотные многослойные керамические чип-конденсаторы, температурный коэффициент которых составляет 0±30 м.д. / °С.</p>",html,8.jpg,"<p>Серия ARC70 - это сверхвысокочастотные/высокочастотные многослойные керамические чип-конденсаторы, температурный коэффициент которых составляет 0±30 м.д. / °С.</p>",html,8.jpg,ЭКБ ТЕСТ,330,Сверх-высокочастотные многослойные керамические чип-конденсаторы для ВП,ARC70,33,330,0505,±1%,±5%,-55,200,,,150 В Код 151 или 300 В Код 301,"<p>Высококачественные, высокое значение тока высокой частоты (ТВЧ)/напряжения тока, высокое значение радиочастотной мощности, низкое значение эквивалентного последовательного сопротивления (ESR)/ эквивалентной последовательной индуктивности (ESL), низкий уровень шума, повышенная степень надёжности.</p>","<p>Высокочастотные / микроволновые / радиочастотные усилители, усилители с низким уровнем помех, индуктивно-емкостные сглаживающие фильтры и так далее.</p>","<p>Модули радиотехнической разведки и радиоэлектронной борьбы для военных сверхвысокочастотных радиолокационных станций с фазированной антенной решеткой, военные коротковолновые, ультракоротковолновые, микроволновые системы связи.</p>","<p>Государственный военный стандарт, 7 специальный уровень качества, стандарт качества военной продукции.</p>",,ARC70A ЭКБ ТЕСТ.pdf,Руководство по применению ЭКБ ТЕСТ.pdf####Маркировка ЭКБ ТЕСТ.pdf####Наборы иструментов и датчиков для моделирования ЭКБ ТЕСТ.pdf####Иструкция по установке ЭКБ ТЕСТ.pdf####Составные элементы мощных чип-конд. для ВП ЭКБ ТЕСТ.pdf####Общая по серии а ЭКБ ТЕСТ.pdf,Руководство по применению####Маркировка####Наборы инструментов####Инструкция по установке####Составные элементы####Информация по серии####,svch-kondensatory_87####svch-kondensatory_88####svch-kondensatory_89####svch-kondensatory_90,СВЧ-конденсатор ARC70A 33 пФ,СВЧ-конденсатор ARC70A 33 пФ⚡Изготовление на заказ ✔ pin-to-pin замены СВЧ-конденсаторов ATC700A (American Technical Ceramics)⚡Испытательная лаборатория⚡ЭКБ ТЕСТ,Наша продукция является прямой заменой конденсаторов ATC (American Technical Ceramics). Надёжный партнёр для вашего бизнеса. Комплексные решения в микроэлектронике. Адекватные цены на СВЧ-конденсатор ARC70A 33 пФ. Разумные сроки. Индивидуальный подход.,СВЧ-конденсаторы ЭКБ ТЕСТ,svch-kondensatory_section_6
svch-kondensatory_51,СВЧ-конденсатор ARC70A 36 пФ,svch-kondensator-arc70a-36-pf,Y,5200,"<p>Серия ARC70 - это сверхвысокочастотные/высокочастотные многослойные керамические чип-конденсаторы, температурный коэффициент которых составляет 0±30 м.д. / °С.</p>",html,8.jpg,"<p>Серия ARC70 - это сверхвысокочастотные/высокочастотные многослойные керамические чип-конденсаторы, температурный коэффициент которых составляет 0±30 м.д. / °С.</p>",html,8.jpg,ЭКБ ТЕСТ,360,Сверх-высокочастотные многослойные керамические чип-конденсаторы для ВП,ARC70,36,360,0505,±1%,±5%,-55,200,,,150 В Код 151 или 300 В Код 301,"<p>Высококачественные, высокое значение тока высокой частоты (ТВЧ)/напряжения тока, высокое значение радиочастотной мощности, низкое значение эквивалентного последовательного сопротивления (ESR)/ эквивалентной последовательной индуктивности (ESL), низкий уровень шума, повышенная степень надёжности.</p>","<p>Высокочастотные / микроволновые / радиочастотные усилители, усилители с низким уровнем помех, индуктивно-емкостные сглаживающие фильтры и так далее.</p>","<p>Модули радиотехнической разведки и радиоэлектронной борьбы для военных сверхвысокочастотных радиолокационных станций с фазированной антенной решеткой, военные коротковолновые, ультракоротковолновые, микроволновые системы связи.</p>","<p>Государственный военный стандарт, 7 специальный уровень качества, стандарт качества военной продукции.</p>",,ARC70A ЭКБ ТЕСТ.pdf,Руководство по применению ЭКБ ТЕСТ.pdf####Маркировка ЭКБ ТЕСТ.pdf####Наборы иструментов и датчиков для моделирования ЭКБ ТЕСТ.pdf####Иструкция по установке ЭКБ ТЕСТ.pdf####Составные элементы мощных чип-конд. для ВП ЭКБ ТЕСТ.pdf####Общая по серии а ЭКБ ТЕСТ.pdf,Руководство по применению####Маркировка####Наборы инструментов####Инструкция по установке####Составные элементы####Информация по серии####,svch-kondensatory_87####svch-kondensatory_88####svch-kondensatory_89####svch-kondensatory_90,СВЧ-конденсатор ARC70A 36 пФ,СВЧ-конденсатор ARC70A 36 пФ⚡Изготовление на заказ ✔ pin-to-pin замены СВЧ-конденсаторов ATC700A (American Technical Ceramics)⚡Испытательная лаборатория⚡ЭКБ ТЕСТ,Наша продукция является прямой заменой конденсаторов ATC (American Technical Ceramics). Надёжный партнёр для вашего бизнеса. Комплексные решения в микроэлектронике. Адекватные цены на СВЧ-конденсатор ARC70A 36 пФ. Разумные сроки. Индивидуальный подход.,СВЧ-конденсаторы ЭКБ ТЕСТ,svch-kondensatory_section_6
svch-kondensatory_52,СВЧ-конденсатор ARC70A 39 пФ,svch-kondensator-arc70a-39-pf,Y,5300,"<p>Серия ARC70 - это сверхвысокочастотные/высокочастотные многослойные керамические чип-конденсаторы, температурный коэффициент которых составляет 0±30 м.д. / °С.</p>",html,8.jpg,"<p>Серия ARC70 - это сверхвысокочастотные/высокочастотные многослойные керамические чип-конденсаторы, температурный коэффициент которых составляет 0±30 м.д. / °С.</p>",html,8.jpg,ЭКБ ТЕСТ,390,Сверх-высокочастотные многослойные керамические чип-конденсаторы для ВП,ARC70,39,390,0505,±1%,±5%,-55,200,,,150 В Код 151 или 300 В Код 301,"<p>Высококачественные, высокое значение тока высокой частоты (ТВЧ)/напряжения тока, высокое значение радиочастотной мощности, низкое значение эквивалентного последовательного сопротивления (ESR)/ эквивалентной последовательной индуктивности (ESL), низкий уровень шума, повышенная степень надёжности.</p>","<p>Высокочастотные / микроволновые / радиочастотные усилители, усилители с низким уровнем помех, индуктивно-емкостные сглаживающие фильтры и так далее.</p>","<p>Модули радиотехнической разведки и радиоэлектронной борьбы для военных сверхвысокочастотных радиолокационных станций с фазированной антенной решеткой, военные коротковолновые, ультракоротковолновые, микроволновые системы связи.</p>","<p>Государственный военный стандарт, 7 специальный уровень качества, стандарт качества военной продукции.</p>",,ARC70A ЭКБ ТЕСТ.pdf,Руководство по применению ЭКБ ТЕСТ.pdf####Маркировка ЭКБ ТЕСТ.pdf####Наборы иструментов и датчиков для моделирования ЭКБ ТЕСТ.pdf####Иструкция по установке ЭКБ ТЕСТ.pdf####Составные элементы мощных чип-конд. для ВП ЭКБ ТЕСТ.pdf####Общая по серии а ЭКБ ТЕСТ.pdf,Руководство по применению####Маркировка####Наборы инструментов####Инструкция по установке####Составные элементы####Информация по серии####,svch-kondensatory_87####svch-kondensatory_88####svch-kondensatory_89####svch-kondensatory_90,СВЧ-конденсатор ARC70A 39 пФ,СВЧ-конденсатор ARC70A 39 пФ⚡Изготовление на заказ ✔ pin-to-pin замены СВЧ-конденсаторов ATC700A (American Technical Ceramics)⚡Испытательная лаборатория⚡ЭКБ ТЕСТ,Наша продукция является прямой заменой конденсаторов ATC (American Technical Ceramics). Надёжный партнёр для вашего бизнеса. Комплексные решения в микроэлектронике. Адекватные цены на СВЧ-конденсатор ARC70A 39 пФ. Разумные сроки. Индивидуальный подход.,СВЧ-конденсаторы ЭКБ ТЕСТ,svch-kondensatory_section_6
svch-kondensatory_53,СВЧ-конденсатор ARC70A 43 пФ,svch-kondensator-arc70a-43-pf,Y,5400,"<p>Серия ARC70 - это сверхвысокочастотные/высокочастотные многослойные керамические чип-конденсаторы, температурный коэффициент которых составляет 0±30 м.д. / °С.</p>",html,8.jpg,"<p>Серия ARC70 - это сверхвысокочастотные/высокочастотные многослойные керамические чип-конденсаторы, температурный коэффициент которых составляет 0±30 м.д. / °С.</p>",html,8.jpg,ЭКБ ТЕСТ,430,Сверх-высокочастотные многослойные керамические чип-конденсаторы для ВП,ARC70,43,430,0505,±1%,±5%,-55,200,,,150 В Код 151 или 300 В Код 301,"<p>Высококачественные, высокое значение тока высокой частоты (ТВЧ)/напряжения тока, высокое значение радиочастотной мощности, низкое значение эквивалентного последовательного сопротивления (ESR)/ эквивалентной последовательной индуктивности (ESL), низкий уровень шума, повышенная степень надёжности.</p>","<p>Высокочастотные / микроволновые / радиочастотные усилители, усилители с низким уровнем помех, индуктивно-емкостные сглаживающие фильтры и так далее.</p>","<p>Модули радиотехнической разведки и радиоэлектронной борьбы для военных сверхвысокочастотных радиолокационных станций с фазированной антенной решеткой, военные коротковолновые, ультракоротковолновые, микроволновые системы связи.</p>","<p>Государственный военный стандарт, 7 специальный уровень качества, стандарт качества военной продукции.</p>",,ARC70A ЭКБ ТЕСТ.pdf,Руководство по применению ЭКБ ТЕСТ.pdf####Маркировка ЭКБ ТЕСТ.pdf####Наборы иструментов и датчиков для моделирования ЭКБ ТЕСТ.pdf####Иструкция по установке ЭКБ ТЕСТ.pdf####Составные элементы мощных чип-конд. для ВП ЭКБ ТЕСТ.pdf####Общая по серии а ЭКБ ТЕСТ.pdf,Руководство по применению####Маркировка####Наборы инструментов####Инструкция по установке####Составные элементы####Информация по серии####,svch-kondensatory_87####svch-kondensatory_88####svch-kondensatory_89####svch-kondensatory_90,СВЧ-конденсатор ARC70A 43 пФ,СВЧ-конденсатор ARC70A 43 пФ⚡Изготовление на заказ ✔ pin-to-pin замены СВЧ-конденсаторов ATC700A (American Technical Ceramics)⚡Испытательная лаборатория⚡ЭКБ ТЕСТ,Наша продукция является прямой заменой конденсаторов ATC (American Technical Ceramics). Надёжный партнёр для вашего бизнеса. Комплексные решения в микроэлектронике. Адекватные цены на СВЧ-конденсатор ARC70A 43 пФ. Разумные сроки. Индивидуальный подход.,СВЧ-конденсаторы ЭКБ ТЕСТ,svch-kondensatory_section_6
svch-kondensatory_54,СВЧ-конденсатор ARC70A 47 пФ,svch-kondensator-arc70a-47-pf,Y,5500,"<p>Серия ARC70 - это сверхвысокочастотные/высокочастотные многослойные керамические чип-конденсаторы, температурный коэффициент которых составляет 0±30 м.д. / °С.</p>",html,8.jpg,"<p>Серия ARC70 - это сверхвысокочастотные/высокочастотные многослойные керамические чип-конденсаторы, температурный коэффициент которых составляет 0±30 м.д. / °С.</p>",html,8.jpg,ЭКБ ТЕСТ,470,Сверх-высокочастотные многослойные керамические чип-конденсаторы для ВП,ARC70,47,470,0505,±1%,±5%,-55,200,,,150 В Код 151 или 300 В Код 301,"<p>Высококачественные, высокое значение тока высокой частоты (ТВЧ)/напряжения тока, высокое значение радиочастотной мощности, низкое значение эквивалентного последовательного сопротивления (ESR)/ эквивалентной последовательной индуктивности (ESL), низкий уровень шума, повышенная степень надёжности.</p>","<p>Высокочастотные / микроволновые / радиочастотные усилители, усилители с низким уровнем помех, индуктивно-емкостные сглаживающие фильтры и так далее.</p>","<p>Модули радиотехнической разведки и радиоэлектронной борьбы для военных сверхвысокочастотных радиолокационных станций с фазированной антенной решеткой, военные коротковолновые, ультракоротковолновые, микроволновые системы связи.</p>","<p>Государственный военный стандарт, 7 специальный уровень качества, стандарт качества военной продукции.</p>",,ARC70A ЭКБ ТЕСТ.pdf,Руководство по применению ЭКБ ТЕСТ.pdf####Маркировка ЭКБ ТЕСТ.pdf####Наборы иструментов и датчиков для моделирования ЭКБ ТЕСТ.pdf####Иструкция по установке ЭКБ ТЕСТ.pdf####Составные элементы мощных чип-конд. для ВП ЭКБ ТЕСТ.pdf####Общая по серии а ЭКБ ТЕСТ.pdf,Руководство по применению####Маркировка####Наборы инструментов####Инструкция по установке####Составные элементы####Информация по серии####,svch-kondensatory_87####svch-kondensatory_88####svch-kondensatory_89####svch-kondensatory_90,СВЧ-конденсатор ARC70A 47 пФ,СВЧ-конденсатор ARC70A 47 пФ⚡Изготовление на заказ ✔ pin-to-pin замены СВЧ-конденсаторов ATC700A (American Technical Ceramics)⚡Испытательная лаборатория⚡ЭКБ ТЕСТ,Наша продукция является прямой заменой конденсаторов ATC (American Technical Ceramics). Надёжный партнёр для вашего бизнеса. Комплексные решения в микроэлектронике. Адекватные цены на СВЧ-конденсатор ARC70A 47 пФ. Разумные сроки. Индивидуальный подход.,СВЧ-конденсаторы ЭКБ ТЕСТ,svch-kondensatory_section_6
svch-kondensatory_55,СВЧ-конденсатор ARC70A 51 пФ,svch-kondensator-arc70a-51-pf,Y,5600,"<p>Серия ARC70 - это сверхвысокочастотные/высокочастотные многослойные керамические чип-конденсаторы, температурный коэффициент которых составляет 0±30 м.д. / °С.</p>",html,7.jpg,"<p>Серия ARC70 - это сверхвысокочастотные/высокочастотные многослойные керамические чип-конденсаторы, температурный коэффициент которых составляет 0±30 м.д. / °С.</p>",html,7.jpg,ЭКБ ТЕСТ,510,Сверх-высокочастотные многослойные керамические чип-конденсаторы для ВП,ARC70,51,510,0505,±1%,±5%,-55,200,,,151 В Код 151 или 200 В Код 201,"<p>Высококачественные, высокое значение тока высокой частоты (ТВЧ)/напряжения тока, высокое значение радиочастотной мощности, низкое значение эквивалентного последовательного сопротивления (ESR)/ эквивалентной последовательной индуктивности (ESL), низкий уровень шума, повышенная степень надёжности.</p>","<p>Высокочастотные / микроволновые / радиочастотные усилители, усилители с низким уровнем помех, индуктивно-емкостные сглаживающие фильтры и так далее.</p>","<p>Модули радиотехнической разведки и радиоэлектронной борьбы для военных сверхвысокочастотных радиолокационных станций с фазированной антенной решеткой, военные коротковолновые, ультракоротковолновые, микроволновые системы связи.</p>","<p>Государственный военный стандарт, 7 специальный уровень качества, стандарт качества военной продукции.</p>",,ARC70A ЭКБ ТЕСТ.pdf,Руководство по применению ЭКБ ТЕСТ.pdf####Маркировка ЭКБ ТЕСТ.pdf####Наборы иструментов и датчиков для моделирования ЭКБ ТЕСТ.pdf####Иструкция по установке ЭКБ ТЕСТ.pdf####Составные элементы мощных чип-конд. для ВП ЭКБ ТЕСТ.pdf####Общая по серии а ЭКБ ТЕСТ.pdf,Руководство по применению####Маркировка####Наборы инструментов####Инструкция по установке####Составные элементы####Информация по серии####,svch-kondensatory_87####svch-kondensatory_88####svch-kondensatory_89####svch-kondensatory_90,СВЧ-конденсатор ARC70A 51 пФ,СВЧ-конденсатор ARC70A 51 пФ⚡Изготовление на заказ ✔ pin-to-pin замены СВЧ-конденсаторов ATC700A (American Technical Ceramics)⚡Испытательная лаборатория⚡ЭКБ ТЕСТ,Наша продукция является прямой заменой конденсаторов ATC (American Technical Ceramics). Надёжный партнёр для вашего бизнеса. Комплексные решения в микроэлектронике. Адекватные цены на СВЧ-конденсатор ARC70A 51 пФ. Разумные сроки. Индивидуальный подход.,СВЧ-конденсаторы ЭКБ ТЕСТ,svch-kondensatory_section_6
svch-kondensatory_56,СВЧ-конденсатор ARC70A 56 пФ,svch-kondensator-arc70a-56-pf,Y,5700,"<p>Серия ARC70 - это сверхвысокочастотные/высокочастотные многослойные керамические чип-конденсаторы, температурный коэффициент которых составляет 0±30 м.д. / °С.</p>",html,7.jpg,"<p>Серия ARC70 - это сверхвысокочастотные/высокочастотные многослойные керамические чип-конденсаторы, температурный коэффициент которых составляет 0±30 м.д. / °С.</p>",html,7.jpg,ЭКБ ТЕСТ,560,Сверх-высокочастотные многослойные керамические чип-конденсаторы для ВП,ARC70,56,560,0505,±1%,±5%,-55,200,,,151 В Код 151 или 200 В Код 201,"<p>Высококачественные, высокое значение тока высокой частоты (ТВЧ)/напряжения тока, высокое значение радиочастотной мощности, низкое значение эквивалентного последовательного сопротивления (ESR)/ эквивалентной последовательной индуктивности (ESL), низкий уровень шума, повышенная степень надёжности.</p>","<p>Высокочастотные / микроволновые / радиочастотные усилители, усилители с низким уровнем помех, индуктивно-емкостные сглаживающие фильтры и так далее.</p>","<p>Модули радиотехнической разведки и радиоэлектронной борьбы для военных сверхвысокочастотных радиолокационных станций с фазированной антенной решеткой, военные коротковолновые, ультракоротковолновые, микроволновые системы связи.</p>","<p>Государственный военный стандарт, 7 специальный уровень качества, стандарт качества военной продукции.</p>",,ARC70A ЭКБ ТЕСТ.pdf,Руководство по применению ЭКБ ТЕСТ.pdf####Маркировка ЭКБ ТЕСТ.pdf####Наборы иструментов и датчиков для моделирования ЭКБ ТЕСТ.pdf####Иструкция по установке ЭКБ ТЕСТ.pdf####Составные элементы мощных чип-конд. для ВП ЭКБ ТЕСТ.pdf####Общая по серии а ЭКБ ТЕСТ.pdf,Руководство по применению####Маркировка####Наборы инструментов####Инструкция по установке####Составные элементы####Информация по серии####,svch-kondensatory_87####svch-kondensatory_88####svch-kondensatory_89####svch-kondensatory_90,СВЧ-конденсатор ARC70A 56 пФ,СВЧ-конденсатор ARC70A 56 пФ⚡Изготовление на заказ ✔ pin-to-pin замены СВЧ-конденсаторов ATC700A (American Technical Ceramics)⚡Испытательная лаборатория⚡ЭКБ ТЕСТ,Наша продукция является прямой заменой конденсаторов ATC (American Technical Ceramics). Надёжный партнёр для вашего бизнеса. Комплексные решения в микроэлектронике. Адекватные цены на СВЧ-конденсатор ARC70A 56 пФ. Разумные сроки. Индивидуальный подход.,СВЧ-конденсаторы ЭКБ ТЕСТ,svch-kondensatory_section_6
svch-kondensatory_57,СВЧ-конденсатор ARC70A 62 пФ,svch-kondensator-arc70a-62-pf,Y,5800,"<p>Серия ARC70 - это сверхвысокочастотные/высокочастотные многослойные керамические чип-конденсаторы, температурный коэффициент которых составляет 0±30 м.д. / °С.</p>",html,7.jpg,"<p>Серия ARC70 - это сверхвысокочастотные/высокочастотные многослойные керамические чип-конденсаторы, температурный коэффициент которых составляет 0±30 м.д. / °С.</p>",html,7.jpg,ЭКБ ТЕСТ,620,Сверх-высокочастотные многослойные керамические чип-конденсаторы для ВП,ARC70,62,620,0505,±1%,±5%,-55,200,,,151 В Код 151 или 200 В Код 201,"<p>Высококачественные, высокое значение тока высокой частоты (ТВЧ)/напряжения тока, высокое значение радиочастотной мощности, низкое значение эквивалентного последовательного сопротивления (ESR)/ эквивалентной последовательной индуктивности (ESL), низкий уровень шума, повышенная степень надёжности.</p>","<p>Высокочастотные / микроволновые / радиочастотные усилители, усилители с низким уровнем помех, индуктивно-емкостные сглаживающие фильтры и так далее.</p>","<p>Модули радиотехнической разведки и радиоэлектронной борьбы для военных сверхвысокочастотных радиолокационных станций с фазированной антенной решеткой, военные коротковолновые, ультракоротковолновые, микроволновые системы связи.</p>","<p>Государственный военный стандарт, 7 специальный уровень качества, стандарт качества военной продукции.</p>",,ARC70A ЭКБ ТЕСТ.pdf,Руководство по применению ЭКБ ТЕСТ.pdf####Маркировка ЭКБ ТЕСТ.pdf####Наборы иструментов и датчиков для моделирования ЭКБ ТЕСТ.pdf####Иструкция по установке ЭКБ ТЕСТ.pdf####Составные элементы мощных чип-конд. для ВП ЭКБ ТЕСТ.pdf####Общая по серии а ЭКБ ТЕСТ.pdf,Руководство по применению####Маркировка####Наборы инструментов####Инструкция по установке####Составные элементы####Информация по серии####,svch-kondensatory_87####svch-kondensatory_88####svch-kondensatory_89####svch-kondensatory_90,СВЧ-конденсатор ARC70A 62 пФ,СВЧ-конденсатор ARC70A 62 пФ⚡Изготовление на заказ ✔ pin-to-pin замены СВЧ-конденсаторов ATC700A (American Technical Ceramics)⚡Испытательная лаборатория⚡ЭКБ ТЕСТ,Наша продукция является прямой заменой конденсаторов ATC (American Technical Ceramics). Надёжный партнёр для вашего бизнеса. Комплексные решения в микроэлектронике. Адекватные цены на СВЧ-конденсатор ARC70A 62 пФ. Разумные сроки. Индивидуальный подход.,СВЧ-конденсаторы ЭКБ ТЕСТ,svch-kondensatory_section_6
svch-kondensatory_58,СВЧ-конденсатор ARC70A 68 пФ,svch-kondensator-arc70a-68-pf,Y,5900,"<p>Серия ARC70 - это сверхвысокочастотные/высокочастотные многослойные керамические чип-конденсаторы, температурный коэффициент которых составляет 0±30 м.д. / °С.</p>",html,7.jpg,"<p>Серия ARC70 - это сверхвысокочастотные/высокочастотные многослойные керамические чип-конденсаторы, температурный коэффициент которых составляет 0±30 м.д. / °С.</p>",html,7.jpg,ЭКБ ТЕСТ,680,Сверх-высокочастотные многослойные керамические чип-конденсаторы для ВП,ARC70,68,680,0505,±1%,±5%,-55,200,,,151 В Код 151 или 200 В Код 201,"<p>Высококачественные, высокое значение тока высокой частоты (ТВЧ)/напряжения тока, высокое значение радиочастотной мощности, низкое значение эквивалентного последовательного сопротивления (ESR)/ эквивалентной последовательной индуктивности (ESL), низкий уровень шума, повышенная степень надёжности.</p>","<p>Высокочастотные / микроволновые / радиочастотные усилители, усилители с низким уровнем помех, индуктивно-емкостные сглаживающие фильтры и так далее.</p>","<p>Модули радиотехнической разведки и радиоэлектронной борьбы для военных сверхвысокочастотных радиолокационных станций с фазированной антенной решеткой, военные коротковолновые, ультракоротковолновые, микроволновые системы связи.</p>","<p>Государственный военный стандарт, 7 специальный уровень качества, стандарт качества военной продукции.</p>",,ARC70A ЭКБ ТЕСТ.pdf,Руководство по применению ЭКБ ТЕСТ.pdf####Маркировка ЭКБ ТЕСТ.pdf####Наборы иструментов и датчиков для моделирования ЭКБ ТЕСТ.pdf####Иструкция по установке ЭКБ ТЕСТ.pdf####Составные элементы мощных чип-конд. для ВП ЭКБ ТЕСТ.pdf####Общая по серии а ЭКБ ТЕСТ.pdf,Руководство по применению####Маркировка####Наборы инструментов####Инструкция по установке####Составные элементы####Информация по серии####,svch-kondensatory_87####svch-kondensatory_88####svch-kondensatory_89####svch-kondensatory_90,СВЧ-конденсатор ARC70A 68 пФ,СВЧ-конденсатор ARC70A 68 пФ⚡Изготовление на заказ ✔ pin-to-pin замены СВЧ-конденсаторов ATC700A (American Technical Ceramics)⚡Испытательная лаборатория⚡ЭКБ ТЕСТ,Наша продукция является прямой заменой конденсаторов ATC (American Technical Ceramics). Надёжный партнёр для вашего бизнеса. Комплексные решения в микроэлектронике. Адекватные цены на СВЧ-конденсатор ARC70A 68 пФ. Разумные сроки. Индивидуальный подход.,СВЧ-конденсаторы ЭКБ ТЕСТ,svch-kondensatory_section_6
svch-kondensatory_59,СВЧ-конденсатор ARC70A 75 пФ,svch-kondensator-arc70a-75-pf,Y,6000,"<p>Серия ARC70 - это сверхвысокочастотные/высокочастотные многослойные керамические чип-конденсаторы, температурный коэффициент которых составляет 0±30 м.д. / °С.</p>",html,7.jpg,"<p>Серия ARC70 - это сверхвысокочастотные/высокочастотные многослойные керамические чип-конденсаторы, температурный коэффициент которых составляет 0±30 м.д. / °С.</p>",html,7.jpg,ЭКБ ТЕСТ,750,Сверх-высокочастотные многослойные керамические чип-конденсаторы для ВП,ARC70,75,750,0505,±1%,±5%,-55,200,,,151 В Код 151 или 200 В Код 201,"<p>Высококачественные, высокое значение тока высокой частоты (ТВЧ)/напряжения тока, высокое значение радиочастотной мощности, низкое значение эквивалентного последовательного сопротивления (ESR)/ эквивалентной последовательной индуктивности (ESL), низкий уровень шума, повышенная степень надёжности.</p>","<p>Высокочастотные / микроволновые / радиочастотные усилители, усилители с низким уровнем помех, индуктивно-емкостные сглаживающие фильтры и так далее.</p>","<p>Модули радиотехнической разведки и радиоэлектронной борьбы для военных сверхвысокочастотных радиолокационных станций с фазированной антенной решеткой, военные коротковолновые, ультракоротковолновые, микроволновые системы связи.</p>","<p>Государственный военный стандарт, 7 специальный уровень качества, стандарт качества военной продукции.</p>",,ARC70A ЭКБ ТЕСТ.pdf,Руководство по применению ЭКБ ТЕСТ.pdf####Маркировка ЭКБ ТЕСТ.pdf####Наборы иструментов и датчиков для моделирования ЭКБ ТЕСТ.pdf####Иструкция по установке ЭКБ ТЕСТ.pdf####Составные элементы мощных чип-конд. для ВП ЭКБ ТЕСТ.pdf####Общая по серии а ЭКБ ТЕСТ.pdf,Руководство по применению####Маркировка####Наборы инструментов####Инструкция по установке####Составные элементы####Информация по серии####,svch-kondensatory_87####svch-kondensatory_88####svch-kondensatory_89####svch-kondensatory_90,СВЧ-конденсатор ARC70A 75 пФ,СВЧ-конденсатор ARC70A 75 пФ⚡Изготовление на заказ ✔ pin-to-pin замены СВЧ-конденсаторов ATC700A (American Technical Ceramics)⚡Испытательная лаборатория⚡ЭКБ ТЕСТ,Наша продукция является прямой заменой конденсаторов ATC (American Technical Ceramics). Надёжный партнёр для вашего бизнеса. Комплексные решения в микроэлектронике. Адекватные цены на СВЧ-конденсатор ARC70A 75 пФ. Разумные сроки. Индивидуальный подход.,СВЧ-конденсаторы ЭКБ ТЕСТ,svch-kondensatory_section_6
svch-kondensatory_60,СВЧ-конденсатор ARC70A 82 пФ,svch-kondensator-arc70a-82-pf,Y,6100,"<p>Серия ARC70 - это сверхвысокочастотные/высокочастотные многослойные керамические чип-конденсаторы, температурный коэффициент которых составляет 0±30 м.д. / °С.</p>",html,7.jpg,"<p>Серия ARC70 - это сверхвысокочастотные/высокочастотные многослойные керамические чип-конденсаторы, температурный коэффициент которых составляет 0±30 м.д. / °С.</p>",html,7.jpg,ЭКБ ТЕСТ,820,Сверх-высокочастотные многослойные керамические чип-конденсаторы для ВП,ARC70,82,820,0505,±1%,±5%,-55,200,,,151 В Код 151 или 200 В Код 201,"<p>Высококачественные, высокое значение тока высокой частоты (ТВЧ)/напряжения тока, высокое значение радиочастотной мощности, низкое значение эквивалентного последовательного сопротивления (ESR)/ эквивалентной последовательной индуктивности (ESL), низкий уровень шума, повышенная степень надёжности.</p>","<p>Высокочастотные / микроволновые / радиочастотные усилители, усилители с низким уровнем помех, индуктивно-емкостные сглаживающие фильтры и так далее.</p>","<p>Модули радиотехнической разведки и радиоэлектронной борьбы для военных сверхвысокочастотных радиолокационных станций с фазированной антенной решеткой, военные коротковолновые, ультракоротковолновые, микроволновые системы связи.</p>","<p>Государственный военный стандарт, 7 специальный уровень качества, стандарт качества военной продукции.</p>",,ARC70A ЭКБ ТЕСТ.pdf,Руководство по применению ЭКБ ТЕСТ.pdf####Маркировка ЭКБ ТЕСТ.pdf####Наборы иструментов и датчиков для моделирования ЭКБ ТЕСТ.pdf####Иструкция по установке ЭКБ ТЕСТ.pdf####Составные элементы мощных чип-конд. для ВП ЭКБ ТЕСТ.pdf####Общая по серии а ЭКБ ТЕСТ.pdf,Руководство по применению####Маркировка####Наборы инструментов####Инструкция по установке####Составные элементы####Информация по серии####,svch-kondensatory_87####svch-kondensatory_88####svch-kondensatory_89####svch-kondensatory_90,СВЧ-конденсатор ARC70A 82 пФ,СВЧ-конденсатор ARC70A 82 пФ⚡Изготовление на заказ ✔ pin-to-pin замены СВЧ-конденсаторов ATC700A (American Technical Ceramics)⚡Испытательная лаборатория⚡ЭКБ ТЕСТ,Наша продукция является прямой заменой конденсаторов ATC (American Technical Ceramics). Надёжный партнёр для вашего бизнеса. Комплексные решения в микроэлектронике. Адекватные цены на СВЧ-конденсатор ARC70A 82 пФ. Разумные сроки. Индивидуальный подход.,СВЧ-конденсаторы ЭКБ ТЕСТ,svch-kondensatory_section_6
svch-kondensatory_61,СВЧ-конденсатор ARC70A 91 пФ,svch-kondensator-arc70a-91-pf,Y,6200,"<p>Серия ARC70 - это сверхвысокочастотные/высокочастотные многослойные керамические чип-конденсаторы, температурный коэффициент которых составляет 0±30 м.д. / °С.</p>",html,5.jpg,"<p>Серия ARC70 - это сверхвысокочастотные/высокочастотные многослойные керамические чип-конденсаторы, температурный коэффициент которых составляет 0±30 м.д. / °С.</p>",html,5.jpg,ЭКБ ТЕСТ,910,Сверх-высокочастотные многослойные керамические чип-конденсаторы для ВП,ARC70,91,910,0505,±1%,±5%,-55,200,,,151 В Код 151 или 200 В Код 201,"<p>Высококачественные, высокое значение тока высокой частоты (ТВЧ)/напряжения тока, высокое значение радиочастотной мощности, низкое значение эквивалентного последовательного сопротивления (ESR)/ эквивалентной последовательной индуктивности (ESL), низкий уровень шума, повышенная степень надёжности.</p>","<p>Высокочастотные / микроволновые / радиочастотные усилители, усилители с низким уровнем помех, индуктивно-емкостные сглаживающие фильтры и так далее.</p>","<p>Модули радиотехнической разведки и радиоэлектронной борьбы для военных сверхвысокочастотных радиолокационных станций с фазированной антенной решеткой, военные коротковолновые, ультракоротковолновые, микроволновые системы связи.</p>","<p>Государственный военный стандарт, 7 специальный уровень качества, стандарт качества военной продукции.</p>",,ARC70A ЭКБ ТЕСТ.pdf,Руководство по применению ЭКБ ТЕСТ.pdf####Маркировка ЭКБ ТЕСТ.pdf####Наборы иструментов и датчиков для моделирования ЭКБ ТЕСТ.pdf####Иструкция по установке ЭКБ ТЕСТ.pdf####Составные элементы мощных чип-конд. для ВП ЭКБ ТЕСТ.pdf####Общая по серии а ЭКБ ТЕСТ.pdf,Руководство по применению####Маркировка####Наборы инструментов####Инструкция по установке####Составные элементы####Информация по серии####,svch-kondensatory_87####svch-kondensatory_88####svch-kondensatory_89####svch-kondensatory_90,СВЧ-конденсатор ARC70A 91 пФ,СВЧ-конденсатор ARC70A 91 пФ⚡Изготовление на заказ ✔ pin-to-pin замены СВЧ-конденсаторов ATC700A (American Technical Ceramics)⚡Испытательная лаборатория⚡ЭКБ ТЕСТ,Наша продукция является прямой заменой конденсаторов ATC (American Technical Ceramics). Надёжный партнёр для вашего бизнеса. Комплексные решения в микроэлектронике. Адекватные цены на СВЧ-конденсатор ARC70A 91 пФ. Разумные сроки. Индивидуальный подход.,СВЧ-конденсаторы ЭКБ ТЕСТ,svch-kondensatory_section_6
svch-kondensatory_62,СВЧ-конденсатор ARC70A 100 пФ,svch-kondensator-arc70a-100-pf,Y,6300,"<p>Серия ARC70 - это сверхвысокочастотные/высокочастотные многослойные керамические чип-конденсаторы, температурный коэффициент которых составляет 0±30 м.д. / °С.</p>",html,5.jpg,"<p>Серия ARC70 - это сверхвысокочастотные/высокочастотные многослойные керамические чип-конденсаторы, температурный коэффициент которых составляет 0±30 м.д. / °С.</p>",html,5.jpg,ЭКБ ТЕСТ,101,Сверх-высокочастотные многослойные керамические чип-конденсаторы для ВП,ARC70,100,101,0505,±1%,±5%,-55,200,,,151 В Код 151 или 200 В Код 201,"<p>Высококачественные, высокое значение тока высокой частоты (ТВЧ)/напряжения тока, высокое значение радиочастотной мощности, низкое значение эквивалентного последовательного сопротивления (ESR)/ эквивалентной последовательной индуктивности (ESL), низкий уровень шума, повышенная степень надёжности.</p>","<p>Высокочастотные / микроволновые / радиочастотные усилители, усилители с низким уровнем помех, индуктивно-емкостные сглаживающие фильтры и так далее.</p>","<p>Модули радиотехнической разведки и радиоэлектронной борьбы для военных сверхвысокочастотных радиолокационных станций с фазированной антенной решеткой, военные коротковолновые, ультракоротковолновые, микроволновые системы связи.</p>","<p>Государственный военный стандарт, 7 специальный уровень качества, стандарт качества военной продукции.</p>",,ARC70A ЭКБ ТЕСТ.pdf,Руководство по применению ЭКБ ТЕСТ.pdf####Маркировка ЭКБ ТЕСТ.pdf####Наборы иструментов и датчиков для моделирования ЭКБ ТЕСТ.pdf####Иструкция по установке ЭКБ ТЕСТ.pdf####Составные элементы мощных чип-конд. для ВП ЭКБ ТЕСТ.pdf####Общая по серии а ЭКБ ТЕСТ.pdf,Руководство по применению####Маркировка####Наборы инструментов####Инструкция по установке####Составные элементы####Информация по серии####,svch-kondensatory_87####svch-kondensatory_88####svch-kondensatory_89####svch-kondensatory_90,СВЧ-конденсатор ARC70A 100 пФ,СВЧ-конденсатор ARC70A 100 пФ⚡Изготовление на заказ ✔ pin-to-pin замены СВЧ-конденсаторов ATC700A (American Technical Ceramics)⚡Испытательная лаборатория⚡ЭКБ ТЕСТ,Наша продукция является прямой заменой конденсаторов ATC (American Technical Ceramics). Надёжный партнёр для вашего бизнеса. Комплексные решения в микроэлектронике. Адекватные цены на СВЧ-конденсатор ARC70A 100 пФ. Разумные сроки. Индивидуальный подход.,СВЧ-конденсаторы ЭКБ ТЕСТ,svch-kondensatory_section_6
svch-kondensatory_63,СВЧ-конденсатор ARC70A 110 пФ,svch-kondensator-arc70a-110-pf,Y,6400,"<p>Серия ARC70 - это сверхвысокочастотные/высокочастотные многослойные керамические чип-конденсаторы, температурный коэффициент которых составляет 0±30 м.д. / °С.</p>",html,5.jpg,"<p>Серия ARC70 - это сверхвысокочастотные/высокочастотные многослойные керамические чип-конденсаторы, температурный коэффициент которых составляет 0±30 м.д. / °С.</p>",html,5.jpg,ЭКБ ТЕСТ,111,Сверх-высокочастотные многослойные керамические чип-конденсаторы для ВП,ARC70,110,111,0505,±1%,±5%,-55,200,,,151 В Код 151 или 200 В Код 201,"<p>Высококачественные, высокое значение тока высокой частоты (ТВЧ)/напряжения тока, высокое значение радиочастотной мощности, низкое значение эквивалентного последовательного сопротивления (ESR)/ эквивалентной последовательной индуктивности (ESL), низкий уровень шума, повышенная степень надёжности.</p>","<p>Высокочастотные / микроволновые / радиочастотные усилители, усилители с низким уровнем помех, индуктивно-емкостные сглаживающие фильтры и так далее.</p>","<p>Модули радиотехнической разведки и радиоэлектронной борьбы для военных сверхвысокочастотных радиолокационных станций с фазированной антенной решеткой, военные коротковолновые, ультракоротковолновые, микроволновые системы связи.</p>","<p>Государственный военный стандарт, 7 специальный уровень качества, стандарт качества военной продукции.</p>",,ARC70A ЭКБ ТЕСТ.pdf,Руководство по применению ЭКБ ТЕСТ.pdf####Маркировка ЭКБ ТЕСТ.pdf####Наборы иструментов и датчиков для моделирования ЭКБ ТЕСТ.pdf####Иструкция по установке ЭКБ ТЕСТ.pdf####Составные элементы мощных чип-конд. для ВП ЭКБ ТЕСТ.pdf####Общая по серии а ЭКБ ТЕСТ.pdf,Руководство по применению####Маркировка####Наборы инструментов####Инструкция по установке####Составные элементы####Информация по серии####,svch-kondensatory_87####svch-kondensatory_88####svch-kondensatory_89####svch-kondensatory_90,СВЧ-конденсатор ARC70A 110 пФ,СВЧ-конденсатор ARC70A 110 пФ⚡Изготовление на заказ ✔ pin-to-pin замены СВЧ-конденсаторов ATC700A (American Technical Ceramics)⚡Испытательная лаборатория⚡ЭКБ ТЕСТ,Наша продукция является прямой заменой конденсаторов ATC (American Technical Ceramics). Надёжный партнёр для вашего бизнеса. Комплексные решения в микроэлектронике. Адекватные цены на СВЧ-конденсатор ARC70A 110 пФ. Разумные сроки. Индивидуальный подход.,СВЧ-конденсаторы ЭКБ ТЕСТ,svch-kondensatory_section_6
svch-kondensatory_64,СВЧ-конденсатор ARC70A 120 пФ,svch-kondensator-arc70a-120-pf,Y,6500,"<p>Серия ARC70 - это сверхвысокочастотные/высокочастотные многослойные керамические чип-конденсаторы, температурный коэффициент которых составляет 0±30 м.д. / °С.</p>",html,5.jpg,"<p>Серия ARC70 - это сверхвысокочастотные/высокочастотные многослойные керамические чип-конденсаторы, температурный коэффициент которых составляет 0±30 м.д. / °С.</p>",html,5.jpg,ЭКБ ТЕСТ,121,Сверх-высокочастотные многослойные керамические чип-конденсаторы для ВП,ARC70,120,121,0505,±1%,±5%,-55,200,,,151 В Код 151 или 200 В Код 201,"<p>Высококачественные, высокое значение тока высокой частоты (ТВЧ)/напряжения тока, высокое значение радиочастотной мощности, низкое значение эквивалентного последовательного сопротивления (ESR)/ эквивалентной последовательной индуктивности (ESL), низкий уровень шума, повышенная степень надёжности.</p>","<p>Высокочастотные / микроволновые / радиочастотные усилители, усилители с низким уровнем помех, индуктивно-емкостные сглаживающие фильтры и так далее.</p>","<p>Модули радиотехнической разведки и радиоэлектронной борьбы для военных сверхвысокочастотных радиолокационных станций с фазированной антенной решеткой, военные коротковолновые, ультракоротковолновые, микроволновые системы связи.</p>","<p>Государственный военный стандарт, 7 специальный уровень качества, стандарт качества военной продукции.</p>",,ARC70A ЭКБ ТЕСТ.pdf,Руководство по применению ЭКБ ТЕСТ.pdf####Маркировка ЭКБ ТЕСТ.pdf####Наборы иструментов и датчиков для моделирования ЭКБ ТЕСТ.pdf####Иструкция по установке ЭКБ ТЕСТ.pdf####Составные элементы мощных чип-конд. для ВП ЭКБ ТЕСТ.pdf####Общая по серии а ЭКБ ТЕСТ.pdf,Руководство по применению####Маркировка####Наборы инструментов####Инструкция по установке####Составные элементы####Информация по серии####,svch-kondensatory_87####svch-kondensatory_88####svch-kondensatory_89####svch-kondensatory_90,СВЧ-конденсатор ARC70A 120 пФ,СВЧ-конденсатор ARC70A 120 пФ⚡Изготовление на заказ ✔ pin-to-pin замены СВЧ-конденсаторов ATC700A (American Technical Ceramics)⚡Испытательная лаборатория⚡ЭКБ ТЕСТ,Наша продукция является прямой заменой конденсаторов ATC (American Technical Ceramics). Надёжный партнёр для вашего бизнеса. Комплексные решения в микроэлектронике. Адекватные цены на СВЧ-конденсатор ARC70A 120 пФ. Разумные сроки. Индивидуальный подход.,СВЧ-конденсаторы ЭКБ ТЕСТ,svch-kondensatory_section_6
svch-kondensatory_65,СВЧ-конденсатор ARC70A 130 пФ,svch-kondensator-arc70a-130-pf,Y,6600,"<p>Серия ARC70 - это сверхвысокочастотные/высокочастотные многослойные керамические чип-конденсаторы, температурный коэффициент которых составляет 0±30 м.д. / °С.</p>",html,5.jpg,"<p>Серия ARC70 - это сверхвысокочастотные/высокочастотные многослойные керамические чип-конденсаторы, температурный коэффициент которых составляет 0±30 м.д. / °С.</p>",html,5.jpg,ЭКБ ТЕСТ,131,Сверх-высокочастотные многослойные керамические чип-конденсаторы для ВП,ARC70,130,131,0505,±1%,±5%,-55,200,,,151 В Код 151 или 200 В Код 201,"<p>Высококачественные, высокое значение тока высокой частоты (ТВЧ)/напряжения тока, высокое значение радиочастотной мощности, низкое значение эквивалентного последовательного сопротивления (ESR)/ эквивалентной последовательной индуктивности (ESL), низкий уровень шума, повышенная степень надёжности.</p>","<p>Высокочастотные / микроволновые / радиочастотные усилители, усилители с низким уровнем помех, индуктивно-емкостные сглаживающие фильтры и так далее.</p>","<p>Модули радиотехнической разведки и радиоэлектронной борьбы для военных сверхвысокочастотных радиолокационных станций с фазированной антенной решеткой, военные коротковолновые, ультракоротковолновые, микроволновые системы связи.</p>","<p>Государственный военный стандарт, 7 специальный уровень качества, стандарт качества военной продукции.</p>",,ARC70A ЭКБ ТЕСТ.pdf,Руководство по применению ЭКБ ТЕСТ.pdf####Маркировка ЭКБ ТЕСТ.pdf####Наборы иструментов и датчиков для моделирования ЭКБ ТЕСТ.pdf####Иструкция по установке ЭКБ ТЕСТ.pdf####Составные элементы мощных чип-конд. для ВП ЭКБ ТЕСТ.pdf####Общая по серии а ЭКБ ТЕСТ.pdf,Руководство по применению####Маркировка####Наборы инструментов####Инструкция по установке####Составные элементы####Информация по серии####,svch-kondensatory_87####svch-kondensatory_88####svch-kondensatory_89####svch-kondensatory_90,СВЧ-конденсатор ARC70A 130 пФ,СВЧ-конденсатор ARC70A 130 пФ⚡Изготовление на заказ ✔ pin-to-pin замены СВЧ-конденсаторов ATC700A (American Technical Ceramics)⚡Испытательная лаборатория⚡ЭКБ ТЕСТ,Наша продукция является прямой заменой конденсаторов ATC (American Technical Ceramics). Надёжный партнёр для вашего бизнеса. Комплексные решения в микроэлектронике. Адекватные цены на СВЧ-конденсатор ARC70A 130 пФ. Разумные сроки. Индивидуальный подход.,СВЧ-конденсаторы ЭКБ ТЕСТ,svch-kondensatory_section_6
svch-kondensatory_66,СВЧ-конденсатор ARC70A 150 пФ,svch-kondensator-arc70a-150-pf,Y,6700,"<p>Серия ARC70 - это сверхвысокочастотные/высокочастотные многослойные керамические чип-конденсаторы, температурный коэффициент которых составляет 0±30 м.д. / °С.</p>",html,5.jpg,"<p>Серия ARC70 - это сверхвысокочастотные/высокочастотные многослойные керамические чип-конденсаторы, температурный коэффициент которых составляет 0±30 м.д. / °С.</p>",html,5.jpg,ЭКБ ТЕСТ,151,Сверх-высокочастотные многослойные керамические чип-конденсаторы для ВП,ARC70,150,151,0505,±1%,±5%,-55,200,,,151 В Код 151 или 200 В Код 201,"<p>Высококачественные, высокое значение тока высокой частоты (ТВЧ)/напряжения тока, высокое значение радиочастотной мощности, низкое значение эквивалентного последовательного сопротивления (ESR)/ эквивалентной последовательной индуктивности (ESL), низкий уровень шума, повышенная степень надёжности.</p>","<p>Высокочастотные / микроволновые / радиочастотные усилители, усилители с низким уровнем помех, индуктивно-емкостные сглаживающие фильтры и так далее.</p>","<p>Модули радиотехнической разведки и радиоэлектронной борьбы для военных сверхвысокочастотных радиолокационных станций с фазированной антенной решеткой, военные коротковолновые, ультракоротковолновые, микроволновые системы связи.</p>","<p>Государственный военный стандарт, 7 специальный уровень качества, стандарт качества военной продукции.</p>",,ARC70A ЭКБ ТЕСТ.pdf,Руководство по применению ЭКБ ТЕСТ.pdf####Маркировка ЭКБ ТЕСТ.pdf####Наборы иструментов и датчиков для моделирования ЭКБ ТЕСТ.pdf####Иструкция по установке ЭКБ ТЕСТ.pdf####Составные элементы мощных чип-конд. для ВП ЭКБ ТЕСТ.pdf####Общая по серии а ЭКБ ТЕСТ.pdf,Руководство по применению####Маркировка####Наборы инструментов####Инструкция по установке####Составные элементы####Информация по серии####,svch-kondensatory_87####svch-kondensatory_88####svch-kondensatory_89####svch-kondensatory_90,СВЧ-конденсатор ARC70A 150 пФ,СВЧ-конденсатор ARC70A 150 пФ⚡Изготовление на заказ ✔ pin-to-pin замены СВЧ-конденсаторов ATC700A (American Technical Ceramics)⚡Испытательная лаборатория⚡ЭКБ ТЕСТ,Наша продукция является прямой заменой конденсаторов ATC (American Technical Ceramics). Надёжный партнёр для вашего бизнеса. Комплексные решения в микроэлектронике. Адекватные цены на СВЧ-конденсатор ARC70A 150 пФ. Разумные сроки. Индивидуальный подход.,СВЧ-конденсаторы ЭКБ ТЕСТ,svch-kondensatory_section_6
svch-kondensatory_67,СВЧ-конденсатор ARC70A 160 пФ,svch-kondensator-arc70a-160-pf,Y,6800,"<p>Серия ARC70 - это сверхвысокочастотные/высокочастотные многослойные керамические чип-конденсаторы, температурный коэффициент которых составляет 0±30 м.д. / °С.</p>",html,2.png,"<p>Серия ARC70 - это сверхвысокочастотные/высокочастотные многослойные керамические чип-конденсаторы, температурный коэффициент которых составляет 0±30 м.д. / °С.</p>",html,2.png,ЭКБ ТЕСТ,161,Сверх-высокочастотные многослойные керамические чип-конденсаторы для ВП,ARC70,160,161,0505,±1%,±5%,-55,200,,,151 В Код 151 или 200 В Код 201,"<p>Высококачественные, высокое значение тока высокой частоты (ТВЧ)/напряжения тока, высокое значение радиочастотной мощности, низкое значение эквивалентного последовательного сопротивления (ESR)/ эквивалентной последовательной индуктивности (ESL), низкий уровень шума, повышенная степень надёжности.</p>","<p>Высокочастотные / микроволновые / радиочастотные усилители, усилители с низким уровнем помех, индуктивно-емкостные сглаживающие фильтры и так далее.</p>","<p>Модули радиотехнической разведки и радиоэлектронной борьбы для военных сверхвысокочастотных радиолокационных станций с фазированной антенной решеткой, военные коротковолновые, ультракоротковолновые, микроволновые системы связи.</p>","<p>Государственный военный стандарт, 7 специальный уровень качества, стандарт качества военной продукции.</p>",,ARC70A ЭКБ ТЕСТ.pdf,Руководство по применению ЭКБ ТЕСТ.pdf####Маркировка ЭКБ ТЕСТ.pdf####Наборы иструментов и датчиков для моделирования ЭКБ ТЕСТ.pdf####Иструкция по установке ЭКБ ТЕСТ.pdf####Составные элементы мощных чип-конд. для ВП ЭКБ ТЕСТ.pdf####Общая по серии а ЭКБ ТЕСТ.pdf,Руководство по применению####Маркировка####Наборы инструментов####Инструкция по установке####Составные элементы####Информация по серии####,svch-kondensatory_87####svch-kondensatory_88####svch-kondensatory_89####svch-kondensatory_90,СВЧ-конденсатор ARC70A 160 пФ,СВЧ-конденсатор ARC70A 160 пФ⚡Изготовление на заказ ✔ pin-to-pin замены СВЧ-конденсаторов ATC700A (American Technical Ceramics)⚡Испытательная лаборатория⚡ЭКБ ТЕСТ,Наша продукция является прямой заменой конденсаторов ATC (American Technical Ceramics). Надёжный партнёр для вашего бизнеса. Комплексные решения в микроэлектронике. Адекватные цены на СВЧ-конденсатор ARC70A 160 пФ. Разумные сроки. Индивидуальный подход.,СВЧ-конденсаторы ЭКБ ТЕСТ,svch-kondensatory_section_6
svch-kondensatory_68,СВЧ-конденсатор ARC70A 180 пФ,svch-kondensator-arc70a-180-pf,Y,6900,"<p>Серия ARC70 - это сверхвысокочастотные/высокочастотные многослойные керамические чип-конденсаторы, температурный коэффициент которых составляет 0±30 м.д. / °С.</p>",html,2.png,"<p>Серия ARC70 - это сверхвысокочастотные/высокочастотные многослойные керамические чип-конденсаторы, температурный коэффициент которых составляет 0±30 м.д. / °С.</p>",html,2.png,ЭКБ ТЕСТ,181,Сверх-высокочастотные многослойные керамические чип-конденсаторы для ВП,ARC70,180,181,0505,±1%,±5%,-55,200,,,151 В Код 151 или 200 В Код 201,"<p>Высококачественные, высокое значение тока высокой частоты (ТВЧ)/напряжения тока, высокое значение радиочастотной мощности, низкое значение эквивалентного последовательного сопротивления (ESR)/ эквивалентной последовательной индуктивности (ESL), низкий уровень шума, повышенная степень надёжности.</p>","<p>Высокочастотные / микроволновые / радиочастотные усилители, усилители с низким уровнем помех, индуктивно-емкостные сглаживающие фильтры и так далее.</p>","<p>Модули радиотехнической разведки и радиоэлектронной борьбы для военных сверхвысокочастотных радиолокационных станций с фазированной антенной решеткой, военные коротковолновые, ультракоротковолновые, микроволновые системы связи.</p>","<p>Государственный военный стандарт, 7 специальный уровень качества, стандарт качества военной продукции.</p>",,ARC70A ЭКБ ТЕСТ.pdf,Руководство по применению ЭКБ ТЕСТ.pdf####Маркировка ЭКБ ТЕСТ.pdf####Наборы иструментов и датчиков для моделирования ЭКБ ТЕСТ.pdf####Иструкция по установке ЭКБ ТЕСТ.pdf####Составные элементы мощных чип-конд. для ВП ЭКБ ТЕСТ.pdf####Общая по серии а ЭКБ ТЕСТ.pdf,Руководство по применению####Маркировка####Наборы инструментов####Инструкция по установке####Составные элементы####Информация по серии####,svch-kondensatory_87####svch-kondensatory_88####svch-kondensatory_89####svch-kondensatory_90,СВЧ-конденсатор ARC70A 180 пФ,СВЧ-конденсатор ARC70A 180 пФ⚡Изготовление на заказ ✔ pin-to-pin замены СВЧ-конденсаторов ATC700A (American Technical Ceramics)⚡Испытательная лаборатория⚡ЭКБ ТЕСТ,Наша продукция является прямой заменой конденсаторов ATC (American Technical Ceramics). Надёжный партнёр для вашего бизнеса. Комплексные решения в микроэлектронике. Адекватные цены на СВЧ-конденсатор ARC70A 180 пФ. Разумные сроки. Индивидуальный подход.,СВЧ-конденсаторы ЭКБ ТЕСТ,svch-kondensatory_section_6
svch-kondensatory_69,СВЧ-конденсатор ARC70A 200 пФ,svch-kondensator-arc70a-200-pf,Y,7000,"<p>Серия ARC70 - это сверхвысокочастотные/высокочастотные многослойные керамические чип-конденсаторы, температурный коэффициент которых составляет 0±30 м.д. / °С.</p>",html,2.png,"<p>Серия ARC70 - это сверхвысокочастотные/высокочастотные многослойные керамические чип-конденсаторы, температурный коэффициент которых составляет 0±30 м.д. / °С.</p>",html,2.png,ЭКБ ТЕСТ,201,Сверх-высокочастотные многослойные керамические чип-конденсаторы для ВП,ARC70,200,201,0505,±1%,±5%,-55,200,,,151 В Код 151 или 200 В Код 201,"<p>Высококачественные, высокое значение тока высокой частоты (ТВЧ)/напряжения тока, высокое значение радиочастотной мощности, низкое значение эквивалентного последовательного сопротивления (ESR)/ эквивалентной последовательной индуктивности (ESL), низкий уровень шума, повышенная степень надёжности.</p>","<p>Высокочастотные / микроволновые / радиочастотные усилители, усилители с низким уровнем помех, индуктивно-емкостные сглаживающие фильтры и так далее.</p>","<p>Модули радиотехнической разведки и радиоэлектронной борьбы для военных сверхвысокочастотных радиолокационных станций с фазированной антенной решеткой, военные коротковолновые, ультракоротковолновые, микроволновые системы связи.</p>","<p>Государственный военный стандарт, 7 специальный уровень качества, стандарт качества военной продукции.</p>",,ARC70A ЭКБ ТЕСТ.pdf,Руководство по применению ЭКБ ТЕСТ.pdf####Маркировка ЭКБ ТЕСТ.pdf####Наборы иструментов и датчиков для моделирования ЭКБ ТЕСТ.pdf####Иструкция по установке ЭКБ ТЕСТ.pdf####Составные элементы мощных чип-конд. для ВП ЭКБ ТЕСТ.pdf####Общая по серии а ЭКБ ТЕСТ.pdf,Руководство по применению####Маркировка####Наборы инструментов####Инструкция по установке####Составные элементы####Информация по серии####,svch-kondensatory_87####svch-kondensatory_88####svch-kondensatory_89####svch-kondensatory_90,СВЧ-конденсатор ARC70A 200 пФ,СВЧ-конденсатор ARC70A 200 пФ⚡Изготовление на заказ ✔ pin-to-pin замены СВЧ-конденсаторов ATC700A (American Technical Ceramics)⚡Испытательная лаборатория⚡ЭКБ ТЕСТ,Наша продукция является прямой заменой конденсаторов ATC (American Technical Ceramics). Надёжный партнёр для вашего бизнеса. Комплексные решения в микроэлектронике. Адекватные цены на СВЧ-конденсатор ARC70A 200 пФ. Разумные сроки. Индивидуальный подход.,СВЧ-конденсаторы ЭКБ ТЕСТ,svch-kondensatory_section_6
svch-kondensatory_70,СВЧ-конденсатор ARC70A 220 пФ,svch-kondensator-arc70a-220-pf,Y,7100,"<p>Серия ARC70 - это сверхвысокочастотные/высокочастотные многослойные керамические чип-конденсаторы, температурный коэффициент которых составляет 0±30 м.д. / °С.</p>",html,2.png,"<p>Серия ARC70 - это сверхвысокочастотные/высокочастотные многослойные керамические чип-конденсаторы, температурный коэффициент которых составляет 0±30 м.д. / °С.</p>",html,2.png,ЭКБ ТЕСТ,221,Сверх-высокочастотные многослойные керамические чип-конденсаторы для ВП,ARC70,220,221,0505,±1%,±5%,-55,200,,,151 В Код 151 или 200 В Код 201,"<p>Высококачественные, высокое значение тока высокой частоты (ТВЧ)/напряжения тока, высокое значение радиочастотной мощности, низкое значение эквивалентного последовательного сопротивления (ESR)/ эквивалентной последовательной индуктивности (ESL), низкий уровень шума, повышенная степень надёжности.</p>","<p>Высокочастотные / микроволновые / радиочастотные усилители, усилители с низким уровнем помех, индуктивно-емкостные сглаживающие фильтры и так далее.</p>","<p>Модули радиотехнической разведки и радиоэлектронной борьбы для военных сверхвысокочастотных радиолокационных станций с фазированной антенной решеткой, военные коротковолновые, ультракоротковолновые, микроволновые системы связи.</p>","<p>Государственный военный стандарт, 7 специальный уровень качества, стандарт качества военной продукции.</p>",,ARC70A ЭКБ ТЕСТ.pdf,Руководство по применению ЭКБ ТЕСТ.pdf####Маркировка ЭКБ ТЕСТ.pdf####Наборы иструментов и датчиков для моделирования ЭКБ ТЕСТ.pdf####Иструкция по установке ЭКБ ТЕСТ.pdf####Составные элементы мощных чип-конд. для ВП ЭКБ ТЕСТ.pdf####Общая по серии а ЭКБ ТЕСТ.pdf,Руководство по применению####Маркировка####Наборы инструментов####Инструкция по установке####Составные элементы####Информация по серии####,svch-kondensatory_87####svch-kondensatory_88####svch-kondensatory_89####svch-kondensatory_90,СВЧ-конденсатор ARC70A 220 пФ,СВЧ-конденсатор ARC70A 220 пФ⚡Изготовление на заказ ✔ pin-to-pin замены СВЧ-конденсаторов ATC700A (American Technical Ceramics)⚡Испытательная лаборатория⚡ЭКБ ТЕСТ,Наша продукция является прямой заменой конденсаторов ATC (American Technical Ceramics). Надёжный партнёр для вашего бизнеса. Комплексные решения в микроэлектронике. Адекватные цены на СВЧ-конденсатор ARC70A 220 пФ. Разумные сроки. Индивидуальный подход.,СВЧ-конденсаторы ЭКБ ТЕСТ,svch-kondensatory_section_6
svch-kondensatory_71,СВЧ-конденсатор ARC70A 240 пФ,svch-kondensator-arc70a-240-pf,Y,7200,"<p>Серия ARC70 - это сверхвысокочастотные/высокочастотные многослойные керамические чип-конденсаторы, температурный коэффициент которых составляет 0±30 м.д. / °С.</p>",html,2.png,"<p>Серия ARC70 - это сверхвысокочастотные/высокочастотные многослойные керамические чип-конденсаторы, температурный коэффициент которых составляет 0±30 м.д. / °С.</p>",html,2.png,ЭКБ ТЕСТ,241,Сверх-высокочастотные многослойные керамические чип-конденсаторы для ВП,ARC70,240,241,0505,±1%,±5%,-55,200,,,151 В Код 151 или 200 В Код 201,"<p>Высококачественные, высокое значение тока высокой частоты (ТВЧ)/напряжения тока, высокое значение радиочастотной мощности, низкое значение эквивалентного последовательного сопротивления (ESR)/ эквивалентной последовательной индуктивности (ESL), низкий уровень шума, повышенная степень надёжности.</p>","<p>Высокочастотные / микроволновые / радиочастотные усилители, усилители с низким уровнем помех, индуктивно-емкостные сглаживающие фильтры и так далее.</p>","<p>Модули радиотехнической разведки и радиоэлектронной борьбы для военных сверхвысокочастотных радиолокационных станций с фазированной антенной решеткой, военные коротковолновые, ультракоротковолновые, микроволновые системы связи.</p>","<p>Государственный военный стандарт, 7 специальный уровень качества, стандарт качества военной продукции.</p>",,ARC70A ЭКБ ТЕСТ.pdf,Руководство по применению ЭКБ ТЕСТ.pdf####Маркировка ЭКБ ТЕСТ.pdf####Наборы иструментов и датчиков для моделирования ЭКБ ТЕСТ.pdf####Иструкция по установке ЭКБ ТЕСТ.pdf####Составные элементы мощных чип-конд. для ВП ЭКБ ТЕСТ.pdf####Общая по серии а ЭКБ ТЕСТ.pdf,Руководство по применению####Маркировка####Наборы инструментов####Инструкция по установке####Составные элементы####Информация по серии####,svch-kondensatory_87####svch-kondensatory_88####svch-kondensatory_89####svch-kondensatory_90,СВЧ-конденсатор ARC70A 240 пФ,СВЧ-конденсатор ARC70A 240 пФ⚡Изготовление на заказ ✔ pin-to-pin замены СВЧ-конденсаторов ATC700A (American Technical Ceramics)⚡Испытательная лаборатория⚡ЭКБ ТЕСТ,Наша продукция является прямой заменой конденсаторов ATC (American Technical Ceramics). Надёжный партнёр для вашего бизнеса. Комплексные решения в микроэлектронике. Адекватные цены на СВЧ-конденсатор ARC70A 240 пФ. Разумные сроки. Индивидуальный подход.,СВЧ-конденсаторы ЭКБ ТЕСТ,svch-kondensatory_section_6
svch-kondensatory_72,СВЧ-конденсатор ARC70A 270 пФ,svch-kondensator-arc70a-270-pf,Y,7300,"<p>Серия ARC70 - это сверхвысокочастотные/высокочастотные многослойные керамические чип-конденсаторы, температурный коэффициент которых составляет 0±30 м.д. / °С.</p>",html,2.png,"<p>Серия ARC70 - это сверхвысокочастотные/высокочастотные многослойные керамические чип-конденсаторы, температурный коэффициент которых составляет 0±30 м.д. / °С.</p>",html,2.png,ЭКБ ТЕСТ,271,Сверх-высокочастотные многослойные керамические чип-конденсаторы для ВП,ARC70,270,271,0505,±1%,±5%,-55,200,,,151 В Код 151 или 200 В Код 201,"<p>Высококачественные, высокое значение тока высокой частоты (ТВЧ)/напряжения тока, высокое значение радиочастотной мощности, низкое значение эквивалентного последовательного сопротивления (ESR)/ эквивалентной последовательной индуктивности (ESL), низкий уровень шума, повышенная степень надёжности.</p>","<p>Высокочастотные / микроволновые / радиочастотные усилители, усилители с низким уровнем помех, индуктивно-емкостные сглаживающие фильтры и так далее.</p>","<p>Модули радиотехнической разведки и радиоэлектронной борьбы для военных сверхвысокочастотных радиолокационных станций с фазированной антенной решеткой, военные коротковолновые, ультракоротковолновые, микроволновые системы связи.</p>","<p>Государственный военный стандарт, 7 специальный уровень качества, стандарт качества военной продукции.</p>",,ARC70A ЭКБ ТЕСТ.pdf,Руководство по применению ЭКБ ТЕСТ.pdf####Маркировка ЭКБ ТЕСТ.pdf####Наборы иструментов и датчиков для моделирования ЭКБ ТЕСТ.pdf####Иструкция по установке ЭКБ ТЕСТ.pdf####Составные элементы мощных чип-конд. для ВП ЭКБ ТЕСТ.pdf####Общая по серии а ЭКБ ТЕСТ.pdf,Руководство по применению####Маркировка####Наборы инструментов####Инструкция по установке####Составные элементы####Информация по серии####,svch-kondensatory_87####svch-kondensatory_88####svch-kondensatory_89####svch-kondensatory_90,СВЧ-конденсатор ARC70A 270 пФ,СВЧ-конденсатор ARC70A 270 пФ⚡Изготовление на заказ ✔ pin-to-pin замены СВЧ-конденсаторов ATC700A (American Technical Ceramics)⚡Испытательная лаборатория⚡ЭКБ ТЕСТ,Наша продукция является прямой заменой конденсаторов ATC (American Technical Ceramics). Надёжный партнёр для вашего бизнеса. Комплексные решения в микроэлектронике. Адекватные цены на СВЧ-конденсатор ARC70A 270 пФ. Разумные сроки. Индивидуальный подход.,СВЧ-конденсаторы ЭКБ ТЕСТ,svch-kondensatory_section_6
svch-kondensatory_73,СВЧ-конденсатор ARC70A 300 пФ,svch-kondensator-arc70a-300-pf,Y,7400,"<p>Серия ARC70 - это сверхвысокочастотные/высокочастотные многослойные керамические чип-конденсаторы, температурный коэффициент которых составляет 0±30 м.д. / °С.</p>",html,2.png,"<p>Серия ARC70 - это сверхвысокочастотные/высокочастотные многослойные керамические чип-конденсаторы, температурный коэффициент которых составляет 0±30 м.д. / °С.</p>",html,2.png,ЭКБ ТЕСТ,301,Сверх-высокочастотные многослойные керамические чип-конденсаторы для ВП,ARC70,300,301,0505,±1%,±5%,-55,200,,,151 В Код 151 или 200 В Код 201,"<p>Высококачественные, высокое значение тока высокой частоты (ТВЧ)/напряжения тока, высокое значение радиочастотной мощности, низкое значение эквивалентного последовательного сопротивления (ESR)/ эквивалентной последовательной индуктивности (ESL), низкий уровень шума, повышенная степень надёжности.</p>","<p>Высокочастотные / микроволновые / радиочастотные усилители, усилители с низким уровнем помех, индуктивно-емкостные сглаживающие фильтры и так далее.</p>","<p>Модули радиотехнической разведки и радиоэлектронной борьбы для военных сверхвысокочастотных радиолокационных станций с фазированной антенной решеткой, военные коротковолновые, ультракоротковолновые, микроволновые системы связи.</p>","<p>Государственный военный стандарт, 7 специальный уровень качества, стандарт качества военной продукции.</p>",,ARC70A ЭКБ ТЕСТ.pdf,Руководство по применению ЭКБ ТЕСТ.pdf####Маркировка ЭКБ ТЕСТ.pdf####Наборы иструментов и датчиков для моделирования ЭКБ ТЕСТ.pdf####Иструкция по установке ЭКБ ТЕСТ.pdf####Составные элементы мощных чип-конд. для ВП ЭКБ ТЕСТ.pdf####Общая по серии а ЭКБ ТЕСТ.pdf,Руководство по применению####Маркировка####Наборы инструментов####Инструкция по установке####Составные элементы####Информация по серии####,svch-kondensatory_87####svch-kondensatory_88####svch-kondensatory_89####svch-kondensatory_90,СВЧ-конденсатор ARC70A 300 пФ,СВЧ-конденсатор ARC70A 300 пФ⚡Изготовление на заказ ✔ pin-to-pin замены СВЧ-конденсаторов ATC700A (American Technical Ceramics)⚡Испытательная лаборатория⚡ЭКБ ТЕСТ,Наша продукция является прямой заменой конденсаторов ATC (American Technical Ceramics). Надёжный партнёр для вашего бизнеса. Комплексные решения в микроэлектронике. Адекватные цены на СВЧ-конденсатор ARC70A 300 пФ. Разумные сроки. Индивидуальный подход.,СВЧ-конденсаторы ЭКБ ТЕСТ,svch-kondensatory_section_6
svch-kondensatory_74,СВЧ-конденсатор ARC70A 330 пФ,svch-kondensator-arc70a-330-pf,Y,7500,"<p>Серия ARC70 - это сверхвысокочастотные/высокочастотные многослойные керамические чип-конденсаторы, температурный коэффициент которых составляет 0±30 м.д. / °С.</p>",html,2.png,"<p>Серия ARC70 - это сверхвысокочастотные/высокочастотные многослойные керамические чип-конденсаторы, температурный коэффициент которых составляет 0±30 м.д. / °С.</p>",html,2.png,ЭКБ ТЕСТ,331,Сверх-высокочастотные многослойные керамические чип-конденсаторы для ВП,ARC70,330,331,0505,±1%,±5%,-55,200,,,151 В Код 151 ,"<p>Высококачественные, высокое значение тока высокой частоты (ТВЧ)/напряжения тока, высокое значение радиочастотной мощности, низкое значение эквивалентного последовательного сопротивления (ESR)/ эквивалентной последовательной индуктивности (ESL), низкий уровень шума, повышенная степень надёжности.</p>","<p>Высокочастотные / микроволновые / радиочастотные усилители, усилители с низким уровнем помех, индуктивно-емкостные сглаживающие фильтры и так далее.</p>","<p>Модули радиотехнической разведки и радиоэлектронной борьбы для военных сверхвысокочастотных радиолокационных станций с фазированной антенной решеткой, военные коротковолновые, ультракоротковолновые, микроволновые системы связи.</p>","<p>Государственный военный стандарт, 7 специальный уровень качества, стандарт качества военной продукции.</p>",,ARC70A ЭКБ ТЕСТ.pdf,Руководство по применению ЭКБ ТЕСТ.pdf####Маркировка ЭКБ ТЕСТ.pdf####Наборы иструментов и датчиков для моделирования ЭКБ ТЕСТ.pdf####Иструкция по установке ЭКБ ТЕСТ.pdf####Составные элементы мощных чип-конд. для ВП ЭКБ ТЕСТ.pdf####Общая по серии а ЭКБ ТЕСТ.pdf,Руководство по применению####Маркировка####Наборы инструментов####Инструкция по установке####Составные элементы####Информация по серии####,svch-kondensatory_87####svch-kondensatory_88####svch-kondensatory_89####svch-kondensatory_90,СВЧ-конденсатор ARC70A 330 пФ,СВЧ-конденсатор ARC70A 330 пФ⚡Изготовление на заказ ✔ pin-to-pin замены СВЧ-конденсаторов ATC700A (American Technical Ceramics)⚡Испытательная лаборатория⚡ЭКБ ТЕСТ,Наша продукция является прямой заменой конденсаторов ATC (American Technical Ceramics). Надёжный партнёр для вашего бизнеса. Комплексные решения в микроэлектронике. Адекватные цены на СВЧ-конденсатор ARC70A 330 пФ. Разумные сроки. Индивидуальный подход.,СВЧ-конденсаторы ЭКБ ТЕСТ,svch-kondensatory_section_6
svch-kondensatory_75,СВЧ-конденсатор ARC70A 360 пФ,svch-kondensator-arc70a-360-pf,Y,7600,"<p>Серия ARC70 - это сверхвысокочастотные/высокочастотные многослойные керамические чип-конденсаторы, температурный коэффициент которых составляет 0±30 м.д. / °С.</p>",html,2.png,"<p>Серия ARC70 - это сверхвысокочастотные/высокочастотные многослойные керамические чип-конденсаторы, температурный коэффициент которых составляет 0±30 м.д. / °С.</p>",html,2.png,ЭКБ ТЕСТ,361,Сверх-высокочастотные многослойные керамические чип-конденсаторы для ВП,ARC70,360,361,0505,±1%,±5%,-55,200,,,151 В Код 151 ,"<p>Высококачественные, высокое значение тока высокой частоты (ТВЧ)/напряжения тока, высокое значение радиочастотной мощности, низкое значение эквивалентного последовательного сопротивления (ESR)/ эквивалентной последовательной индуктивности (ESL), низкий уровень шума, повышенная степень надёжности.</p>","<p>Высокочастотные / микроволновые / радиочастотные усилители, усилители с низким уровнем помех, индуктивно-емкостные сглаживающие фильтры и так далее.</p>","<p>Модули радиотехнической разведки и радиоэлектронной борьбы для военных сверхвысокочастотных радиолокационных станций с фазированной антенной решеткой, военные коротковолновые, ультракоротковолновые, микроволновые системы связи.</p>","<p>Государственный военный стандарт, 7 специальный уровень качества, стандарт качества военной продукции.</p>",,ARC70A ЭКБ ТЕСТ.pdf,Руководство по применению ЭКБ ТЕСТ.pdf####Маркировка ЭКБ ТЕСТ.pdf####Наборы иструментов и датчиков для моделирования ЭКБ ТЕСТ.pdf####Иструкция по установке ЭКБ ТЕСТ.pdf####Составные элементы мощных чип-конд. для ВП ЭКБ ТЕСТ.pdf####Общая по серии а ЭКБ ТЕСТ.pdf,Руководство по применению####Маркировка####Наборы инструментов####Инструкция по установке####Составные элементы####Информация по серии####,svch-kondensatory_87####svch-kondensatory_88####svch-kondensatory_89####svch-kondensatory_90,СВЧ-конденсатор ARC70A 360 пФ,СВЧ-конденсатор ARC70A 360 пФ⚡Изготовление на заказ ✔ pin-to-pin замены СВЧ-конденсаторов ATC700A (American Technical Ceramics)⚡Испытательная лаборатория⚡ЭКБ ТЕСТ,Наша продукция является прямой заменой конденсаторов ATC (American Technical Ceramics). Надёжный партнёр для вашего бизнеса. Комплексные решения в микроэлектронике. Адекватные цены на СВЧ-конденсатор ARC70A 360 пФ. Разумные сроки. Индивидуальный подход.,СВЧ-конденсаторы ЭКБ ТЕСТ,svch-kondensatory_section_6
svch-kondensatory_76,СВЧ-конденсатор ARC70A 390 пФ,svch-kondensator-arc70a-390-pf,Y,7700,"<p>Серия ARC70 - это сверхвысокочастотные/высокочастотные многослойные керамические чип-конденсаторы, температурный коэффициент которых составляет 0±30 м.д. / °С.</p>",html,2.png,"<p>Серия ARC70 - это сверхвысокочастотные/высокочастотные многослойные керамические чип-конденсаторы, температурный коэффициент которых составляет 0±30 м.д. / °С.</p>",html,2.png,ЭКБ ТЕСТ,391,Сверх-высокочастотные многослойные керамические чип-конденсаторы для ВП,ARC70,390,391,0505,±1%,±5%,-55,200,,,151 В Код 151 ,"<p>Высококачественные, высокое значение тока высокой частоты (ТВЧ)/напряжения тока, высокое значение радиочастотной мощности, низкое значение эквивалентного последовательного сопротивления (ESR)/ эквивалентной последовательной индуктивности (ESL), низкий уровень шума, повышенная степень надёжности.</p>","<p>Высокочастотные / микроволновые / радиочастотные усилители, усилители с низким уровнем помех, индуктивно-емкостные сглаживающие фильтры и так далее.</p>","<p>Модули радиотехнической разведки и радиоэлектронной борьбы для военных сверхвысокочастотных радиолокационных станций с фазированной антенной решеткой, военные коротковолновые, ультракоротковолновые, микроволновые системы связи.</p>","<p>Государственный военный стандарт, 7 специальный уровень качества, стандарт качества военной продукции.</p>",,ARC70A ЭКБ ТЕСТ.pdf,Руководство по применению ЭКБ ТЕСТ.pdf####Маркировка ЭКБ ТЕСТ.pdf####Наборы иструментов и датчиков для моделирования ЭКБ ТЕСТ.pdf####Иструкция по установке ЭКБ ТЕСТ.pdf####Составные элементы мощных чип-конд. для ВП ЭКБ ТЕСТ.pdf####Общая по серии а ЭКБ ТЕСТ.pdf,Руководство по применению####Маркировка####Наборы инструментов####Инструкция по установке####Составные элементы####Информация по серии####,svch-kondensatory_87####svch-kondensatory_88####svch-kondensatory_89####svch-kondensatory_90,СВЧ-конденсатор ARC70A 390 пФ,СВЧ-конденсатор ARC70A 390 пФ⚡Изготовление на заказ ✔ pin-to-pin замены СВЧ-конденсаторов ATC700A (American Technical Ceramics)⚡Испытательная лаборатория⚡ЭКБ ТЕСТ,Наша продукция является прямой заменой конденсаторов ATC (American Technical Ceramics). Надёжный партнёр для вашего бизнеса. Комплексные решения в микроэлектронике. Адекватные цены на СВЧ-конденсатор ARC70A 390 пФ. Разумные сроки. Индивидуальный подход.,СВЧ-конденсаторы ЭКБ ТЕСТ,svch-kondensatory_section_6
svch-kondensatory_77,СВЧ-конденсатор ARC70A 430 пФ,svch-kondensator-arc70a-430-pf,Y,7800,"<p>Серия ARC70 - это сверхвысокочастотные/высокочастотные многослойные керамические чип-конденсаторы, температурный коэффициент которых составляет 0±30 м.д. / °С.</p>",html,2.png,"<p>Серия ARC70 - это сверхвысокочастотные/высокочастотные многослойные керамические чип-конденсаторы, температурный коэффициент которых составляет 0±30 м.д. / °С.</p>",html,2.png,ЭКБ ТЕСТ,431,Сверх-высокочастотные многослойные керамические чип-конденсаторы для ВП,ARC70,430,431,0505,±1%,±5%,-55,200,,,151 В Код 151 ,"<p>Высококачественные, высокое значение тока высокой частоты (ТВЧ)/напряжения тока, высокое значение радиочастотной мощности, низкое значение эквивалентного последовательного сопротивления (ESR)/ эквивалентной последовательной индуктивности (ESL), низкий уровень шума, повышенная степень надёжности.</p>","<p>Высокочастотные / микроволновые / радиочастотные усилители, усилители с низким уровнем помех, индуктивно-емкостные сглаживающие фильтры и так далее.</p>","<p>Модули радиотехнической разведки и радиоэлектронной борьбы для военных сверхвысокочастотных радиолокационных станций с фазированной антенной решеткой, военные коротковолновые, ультракоротковолновые, микроволновые системы связи.</p>","<p>Государственный военный стандарт, 7 специальный уровень качества, стандарт качества военной продукции.</p>",,ARC70A ЭКБ ТЕСТ.pdf,Руководство по применению ЭКБ ТЕСТ.pdf####Маркировка ЭКБ ТЕСТ.pdf####Наборы иструментов и датчиков для моделирования ЭКБ ТЕСТ.pdf####Иструкция по установке ЭКБ ТЕСТ.pdf####Составные элементы мощных чип-конд. для ВП ЭКБ ТЕСТ.pdf####Общая по серии а ЭКБ ТЕСТ.pdf,Руководство по применению####Маркировка####Наборы инструментов####Инструкция по установке####Составные элементы####Информация по серии####,svch-kondensatory_87####svch-kondensatory_88####svch-kondensatory_89####svch-kondensatory_90,СВЧ-конденсатор ARC70A 430 пФ,СВЧ-конденсатор ARC70A 430 пФ⚡Изготовление на заказ ✔ pin-to-pin замены СВЧ-конденсаторов ATC700A (American Technical Ceramics)⚡Испытательная лаборатория⚡ЭКБ ТЕСТ,Наша продукция является прямой заменой конденсаторов ATC (American Technical Ceramics). Надёжный партнёр для вашего бизнеса. Комплексные решения в микроэлектронике. Адекватные цены на СВЧ-конденсатор ARC70A 430 пФ. Разумные сроки. Индивидуальный подход.,СВЧ-конденсаторы ЭКБ ТЕСТ,svch-kondensatory_section_6
svch-kondensatory_78,СВЧ-конденсатор ARC70A 470 пФ,svch-kondensator-arc70a-470-pf,Y,7900,"<p>Серия ARC70 - это сверхвысокочастотные/высокочастотные многослойные керамические чип-конденсаторы, температурный коэффициент которых составляет 0±30 м.д. / °С.</p>",html,2.png,"<p>Серия ARC70 - это сверхвысокочастотные/высокочастотные многослойные керамические чип-конденсаторы, температурный коэффициент которых составляет 0±30 м.д. / °С.</p>",html,2.png,ЭКБ ТЕСТ,471,Сверх-высокочастотные многослойные керамические чип-конденсаторы для ВП,ARC70,470,471,0505,±1%,±5%,-55,200,,,151 В Код 151 ,"<p>Высококачественные, высокое значение тока высокой частоты (ТВЧ)/напряжения тока, высокое значение радиочастотной мощности, низкое значение эквивалентного последовательного сопротивления (ESR)/ эквивалентной последовательной индуктивности (ESL), низкий уровень шума, повышенная степень надёжности.</p>","<p>Высокочастотные / микроволновые / радиочастотные усилители, усилители с низким уровнем помех, индуктивно-емкостные сглаживающие фильтры и так далее.</p>","<p>Модули радиотехнической разведки и радиоэлектронной борьбы для военных сверхвысокочастотных радиолокационных станций с фазированной антенной решеткой, военные коротковолновые, ультракоротковолновые, микроволновые системы связи.</p>","<p>Государственный военный стандарт, 7 специальный уровень качества, стандарт качества военной продукции.</p>",,ARC70A ЭКБ ТЕСТ.pdf,Руководство по применению ЭКБ ТЕСТ.pdf####Маркировка ЭКБ ТЕСТ.pdf####Наборы иструментов и датчиков для моделирования ЭКБ ТЕСТ.pdf####Иструкция по установке ЭКБ ТЕСТ.pdf####Составные элементы мощных чип-конд. для ВП ЭКБ ТЕСТ.pdf####Общая по серии а ЭКБ ТЕСТ.pdf,Руководство по применению####Маркировка####Наборы инструментов####Инструкция по установке####Составные элементы####Информация по серии####,svch-kondensatory_87####svch-kondensatory_88####svch-kondensatory_89####svch-kondensatory_90,СВЧ-конденсатор ARC70A 470 пФ,СВЧ-конденсатор ARC70A 470 пФ⚡Изготовление на заказ ✔ pin-to-pin замены СВЧ-конденсаторов ATC700A (American Technical Ceramics)⚡Испытательная лаборатория⚡ЭКБ ТЕСТ,Наша продукция является прямой заменой конденсаторов ATC (American Technical Ceramics). Надёжный партнёр для вашего бизнеса. Комплексные решения в микроэлектронике. Адекватные цены на СВЧ-конденсатор ARC70A 470 пФ. Разумные сроки. Индивидуальный подход.,СВЧ-конденсаторы ЭКБ ТЕСТ,svch-kondensatory_section_6
svch-kondensatory_79,СВЧ-конденсатор ARC70A 510 пФ,svch-kondensator-arc70a-510-pf,Y,8000,"<p>Серия ARC70 - это сверхвысокочастотные/высокочастотные многослойные керамические чип-конденсаторы, температурный коэффициент которых составляет 0±30 м.д. / °С.</p>",html,2.png,"<p>Серия ARC70 - это сверхвысокочастотные/высокочастотные многослойные керамические чип-конденсаторы, температурный коэффициент которых составляет 0±30 м.д. / °С.</p>",html,2.png,ЭКБ ТЕСТ,511,Сверх-высокочастотные многослойные керамические чип-конденсаторы для ВП,ARC70,510,511,0505,±1%,±5%,-55,200,,,151 В Код 151 ,"<p>Высококачественные, высокое значение тока высокой частоты (ТВЧ)/напряжения тока, высокое значение радиочастотной мощности, низкое значение эквивалентного последовательного сопротивления (ESR)/ эквивалентной последовательной индуктивности (ESL), низкий уровень шума, повышенная степень надёжности.</p>","<p>Высокочастотные / микроволновые / радиочастотные усилители, усилители с низким уровнем помех, индуктивно-емкостные сглаживающие фильтры и так далее.</p>","<p>Модули радиотехнической разведки и радиоэлектронной борьбы для военных сверхвысокочастотных радиолокационных станций с фазированной антенной решеткой, военные коротковолновые, ультракоротковолновые, микроволновые системы связи.</p>","<p>Государственный военный стандарт, 7 специальный уровень качества, стандарт качества военной продукции.</p>",,ARC70A ЭКБ ТЕСТ.pdf,Руководство по применению ЭКБ ТЕСТ.pdf####Маркировка ЭКБ ТЕСТ.pdf####Наборы иструментов и датчиков для моделирования ЭКБ ТЕСТ.pdf####Иструкция по установке ЭКБ ТЕСТ.pdf####Составные элементы мощных чип-конд. для ВП ЭКБ ТЕСТ.pdf####Общая по серии а ЭКБ ТЕСТ.pdf,Руководство по применению####Маркировка####Наборы инструментов####Инструкция по установке####Составные элементы####Информация по серии####,svch-kondensatory_87####svch-kondensatory_88####svch-kondensatory_89####svch-kondensatory_90,СВЧ-конденсатор ARC70A 510 пФ,СВЧ-конденсатор ARC70A 510 пФ⚡Изготовление на заказ ✔ pin-to-pin замены СВЧ-конденсаторов ATC700A (American Technical Ceramics)⚡Испытательная лаборатория⚡ЭКБ ТЕСТ,Наша продукция является прямой заменой конденсаторов ATC (American Technical Ceramics). Надёжный партнёр для вашего бизнеса. Комплексные решения в микроэлектронике. Адекватные цены на СВЧ-конденсатор ARC70A 510 пФ. Разумные сроки. Индивидуальный подход.,СВЧ-конденсаторы ЭКБ ТЕСТ,svch-kondensatory_section_6
svch-kondensatory_80,СВЧ-конденсатор ARC70A 560 пФ,svch-kondensator-arc70a-560-pf,Y,8100,"<p>Серия ARC70 - это сверхвысокочастотные/высокочастотные многослойные керамические чип-конденсаторы, температурный коэффициент которых составляет 0±30 м.д. / °С.</p>",html,2.png,"<p>Серия ARC70 - это сверхвысокочастотные/высокочастотные многослойные керамические чип-конденсаторы, температурный коэффициент которых составляет 0±30 м.д. / °С.</p>",html,2.png,ЭКБ ТЕСТ,561,Сверх-высокочастотные многослойные керамические чип-конденсаторы для ВП,ARC70,560,561,0505,±1%,±5%,-55,200,,,151 В Код 151 ,"<p>Высококачественные, высокое значение тока высокой частоты (ТВЧ)/напряжения тока, высокое значение радиочастотной мощности, низкое значение эквивалентного последовательного сопротивления (ESR)/ эквивалентной последовательной индуктивности (ESL), низкий уровень шума, повышенная степень надёжности.</p>","<p>Высокочастотные / микроволновые / радиочастотные усилители, усилители с низким уровнем помех, индуктивно-емкостные сглаживающие фильтры и так далее.</p>","<p>Модули радиотехнической разведки и радиоэлектронной борьбы для военных сверхвысокочастотных радиолокационных станций с фазированной антенной решеткой, военные коротковолновые, ультракоротковолновые, микроволновые системы связи.</p>","<p>Государственный военный стандарт, 7 специальный уровень качества, стандарт качества военной продукции.</p>",,ARC70A ЭКБ ТЕСТ.pdf,Руководство по применению ЭКБ ТЕСТ.pdf####Маркировка ЭКБ ТЕСТ.pdf####Наборы иструментов и датчиков для моделирования ЭКБ ТЕСТ.pdf####Иструкция по установке ЭКБ ТЕСТ.pdf####Составные элементы мощных чип-конд. для ВП ЭКБ ТЕСТ.pdf####Общая по серии а ЭКБ ТЕСТ.pdf,Руководство по применению####Маркировка####Наборы инструментов####Инструкция по установке####Составные элементы####Информация по серии####,svch-kondensatory_87####svch-kondensatory_88####svch-kondensatory_89####svch-kondensatory_90,СВЧ-конденсатор ARC70A 560 пФ,СВЧ-конденсатор ARC70A 560 пФ⚡Изготовление на заказ ✔ pin-to-pin замены СВЧ-конденсаторов ATC700A (American Technical Ceramics)⚡Испытательная лаборатория⚡ЭКБ ТЕСТ,Наша продукция является прямой заменой конденсаторов ATC (American Technical Ceramics). Надёжный партнёр для вашего бизнеса. Комплексные решения в микроэлектронике. Адекватные цены на СВЧ-конденсатор ARC70A 560 пФ. Разумные сроки. Индивидуальный подход.,СВЧ-конденсаторы ЭКБ ТЕСТ,svch-kondensatory_section_6
svch-kondensatory_81,СВЧ-конденсатор ARC70A 620 пФ,svch-kondensator-arc70a-620-pf,Y,8200,"<p>Серия ARC70 - это сверхвысокочастотные/высокочастотные многослойные керамические чип-конденсаторы, температурный коэффициент которых составляет 0±30 м.д. / °С.</p>",html,2.png,"<p>Серия ARC70 - это сверхвысокочастотные/высокочастотные многослойные керамические чип-конденсаторы, температурный коэффициент которых составляет 0±30 м.д. / °С.</p>",html,2.png,ЭКБ ТЕСТ,621,Сверх-высокочастотные многослойные керамические чип-конденсаторы для ВП,ARC70,620,621,0505,±1%,±5%,-55,200,,,151 В Код 151 ,"<p>Высококачественные, высокое значение тока высокой частоты (ТВЧ)/напряжения тока, высокое значение радиочастотной мощности, низкое значение эквивалентного последовательного сопротивления (ESR)/ эквивалентной последовательной индуктивности (ESL), низкий уровень шума, повышенная степень надёжности.</p>","<p>Высокочастотные / микроволновые / радиочастотные усилители, усилители с низким уровнем помех, индуктивно-емкостные сглаживающие фильтры и так далее.</p>","<p>Модули радиотехнической разведки и радиоэлектронной борьбы для военных сверхвысокочастотных радиолокационных станций с фазированной антенной решеткой, военные коротковолновые, ультракоротковолновые, микроволновые системы связи.</p>","<p>Государственный военный стандарт, 7 специальный уровень качества, стандарт качества военной продукции.</p>",,ARC70A ЭКБ ТЕСТ.pdf,Руководство по применению ЭКБ ТЕСТ.pdf####Маркировка ЭКБ ТЕСТ.pdf####Наборы иструментов и датчиков для моделирования ЭКБ ТЕСТ.pdf####Иструкция по установке ЭКБ ТЕСТ.pdf####Составные элементы мощных чип-конд. для ВП ЭКБ ТЕСТ.pdf####Общая по серии а ЭКБ ТЕСТ.pdf,Руководство по применению####Маркировка####Наборы инструментов####Инструкция по установке####Составные элементы####Информация по серии####,svch-kondensatory_87####svch-kondensatory_88####svch-kondensatory_89####svch-kondensatory_90,СВЧ-конденсатор ARC70A 620 пФ,СВЧ-конденсатор ARC70A 620 пФ⚡Изготовление на заказ ✔ pin-to-pin замены СВЧ-конденсаторов ATC700A (American Technical Ceramics)⚡Испытательная лаборатория⚡ЭКБ ТЕСТ,Наша продукция является прямой заменой конденсаторов ATC (American Technical Ceramics). Надёжный партнёр для вашего бизнеса. Комплексные решения в микроэлектронике. Адекватные цены на СВЧ-конденсатор ARC70A 620 пФ. Разумные сроки. Индивидуальный подход.,СВЧ-конденсаторы ЭКБ ТЕСТ,svch-kondensatory_section_6
svch-kondensatory_82,СВЧ-конденсатор ARC70A 680 пФ,svch-kondensator-arc70a-680-pf,Y,8300,"<p>Серия ARC70 - это сверхвысокочастотные/высокочастотные многослойные керамические чип-конденсаторы, температурный коэффициент которых составляет 0±30 м.д. / °С.</p>",html,2.png,"<p>Серия ARC70 - это сверхвысокочастотные/высокочастотные многослойные керамические чип-конденсаторы, температурный коэффициент которых составляет 0±30 м.д. / °С.</p>",html,2.png,ЭКБ ТЕСТ,681,Сверх-высокочастотные многослойные керамические чип-конденсаторы для ВП,ARC70,680,681,0505,±1%,±5%,-55,200,,,50 В Код 500 или 100 В Код 101,"<p>Высококачественные, высокое значение тока высокой частоты (ТВЧ)/напряжения тока, высокое значение радиочастотной мощности, низкое значение эквивалентного последовательного сопротивления (ESR)/ эквивалентной последовательной индуктивности (ESL), низкий уровень шума, повышенная степень надёжности.</p>","<p>Высокочастотные / микроволновые / радиочастотные усилители, усилители с низким уровнем помех, индуктивно-емкостные сглаживающие фильтры и так далее.</p>","<p>Модули радиотехнической разведки и радиоэлектронной борьбы для военных сверхвысокочастотных радиолокационных станций с фазированной антенной решеткой, военные коротковолновые, ультракоротковолновые, микроволновые системы связи.</p>","<p>Государственный военный стандарт, 7 специальный уровень качества, стандарт качества военной продукции.</p>",,ARC70A ЭКБ ТЕСТ.pdf,Руководство по применению ЭКБ ТЕСТ.pdf####Маркировка ЭКБ ТЕСТ.pdf####Наборы иструментов и датчиков для моделирования ЭКБ ТЕСТ.pdf####Иструкция по установке ЭКБ ТЕСТ.pdf####Составные элементы мощных чип-конд. для ВП ЭКБ ТЕСТ.pdf####Общая по серии а ЭКБ ТЕСТ.pdf,Руководство по применению####Маркировка####Наборы инструментов####Инструкция по установке####Составные элементы####Информация по серии####,svch-kondensatory_87####svch-kondensatory_88####svch-kondensatory_89####svch-kondensatory_90,СВЧ-конденсатор ARC70A 680 пФ,СВЧ-конденсатор ARC70A 680 пФ⚡Изготовление на заказ ✔ pin-to-pin замены СВЧ-конденсаторов ATC700A (American Technical Ceramics)⚡Испытательная лаборатория⚡ЭКБ ТЕСТ,Наша продукция является прямой заменой конденсаторов ATC (American Technical Ceramics). Надёжный партнёр для вашего бизнеса. Комплексные решения в микроэлектронике. Адекватные цены на СВЧ-конденсатор ARC70A 680 пФ. Разумные сроки. Индивидуальный подход.,СВЧ-конденсаторы ЭКБ ТЕСТ,svch-kondensatory_section_6
svch-kondensatory_83,СВЧ-конденсатор ARC70A 750 пФ,svch-kondensator-arc70a-750-pf,Y,8400,"<p>Серия ARC70 - это сверхвысокочастотные/высокочастотные многослойные керамические чип-конденсаторы, температурный коэффициент которых составляет 0±30 м.д. / °С.</p>",html,2.png,"<p>Серия ARC70 - это сверхвысокочастотные/высокочастотные многослойные керамические чип-конденсаторы, температурный коэффициент которых составляет 0±30 м.д. / °С.</p>",html,2.png,ЭКБ ТЕСТ,751,Сверх-высокочастотные многослойные керамические чип-конденсаторы для ВП,ARC70,750,751,0505,±1%,±5%,-55,200,,,50 В Код 500 или 100 В Код 101,"<p>Высококачественные, высокое значение тока высокой частоты (ТВЧ)/напряжения тока, высокое значение радиочастотной мощности, низкое значение эквивалентного последовательного сопротивления (ESR)/ эквивалентной последовательной индуктивности (ESL), низкий уровень шума, повышенная степень надёжности.</p>","<p>Высокочастотные / микроволновые / радиочастотные усилители, усилители с низким уровнем помех, индуктивно-емкостные сглаживающие фильтры и так далее.</p>","<p>Модули радиотехнической разведки и радиоэлектронной борьбы для военных сверхвысокочастотных радиолокационных станций с фазированной антенной решеткой, военные коротковолновые, ультракоротковолновые, микроволновые системы связи.</p>","<p>Государственный военный стандарт, 7 специальный уровень качества, стандарт качества военной продукции.</p>",,ARC70A ЭКБ ТЕСТ.pdf,Руководство по применению ЭКБ ТЕСТ.pdf####Маркировка ЭКБ ТЕСТ.pdf####Наборы иструментов и датчиков для моделирования ЭКБ ТЕСТ.pdf####Иструкция по установке ЭКБ ТЕСТ.pdf####Составные элементы мощных чип-конд. для ВП ЭКБ ТЕСТ.pdf####Общая по серии а ЭКБ ТЕСТ.pdf,Руководство по применению####Маркировка####Наборы инструментов####Инструкция по установке####Составные элементы####Информация по серии####,svch-kondensatory_87####svch-kondensatory_88####svch-kondensatory_89####svch-kondensatory_90,СВЧ-конденсатор ARC70A 750 пФ,СВЧ-конденсатор ARC70A 750 пФ⚡Изготовление на заказ ✔ pin-to-pin замены СВЧ-конденсаторов ATC700A (American Technical Ceramics)⚡Испытательная лаборатория⚡ЭКБ ТЕСТ,Наша продукция является прямой заменой конденсаторов ATC (American Technical Ceramics). Надёжный партнёр для вашего бизнеса. Комплексные решения в микроэлектронике. Адекватные цены на СВЧ-конденсатор ARC70A 750 пФ. Разумные сроки. Индивидуальный подход.,СВЧ-конденсаторы ЭКБ ТЕСТ,svch-kondensatory_section_6
svch-kondensatory_84,СВЧ-конденсатор ARC70A 820 пФ,svch-kondensator-arc70a-820-pf,Y,8500,"<p>Серия ARC70 - это сверхвысокочастотные/высокочастотные многослойные керамические чип-конденсаторы, температурный коэффициент которых составляет 0±30 м.д. / °С.</p>",html,2.png,"<p>Серия ARC70 - это сверхвысокочастотные/высокочастотные многослойные керамические чип-конденсаторы, температурный коэффициент которых составляет 0±30 м.д. / °С.</p>",html,2.png,ЭКБ ТЕСТ,821,Сверх-высокочастотные многослойные керамические чип-конденсаторы для ВП,ARC70,820,821,0505,±1%,±5%,-55,200,,,50 В Код 500 или 100 В Код 101,"<p>Высококачественные, высокое значение тока высокой частоты (ТВЧ)/напряжения тока, высокое значение радиочастотной мощности, низкое значение эквивалентного последовательного сопротивления (ESR)/ эквивалентной последовательной индуктивности (ESL), низкий уровень шума, повышенная степень надёжности.</p>","<p>Высокочастотные / микроволновые / радиочастотные усилители, усилители с низким уровнем помех, индуктивно-емкостные сглаживающие фильтры и так далее.</p>","<p>Модули радиотехнической разведки и радиоэлектронной борьбы для военных сверхвысокочастотных радиолокационных станций с фазированной антенной решеткой, военные коротковолновые, ультракоротковолновые, микроволновые системы связи.</p>","<p>Государственный военный стандарт, 7 специальный уровень качества, стандарт качества военной продукции.</p>",,ARC70A ЭКБ ТЕСТ.pdf,Руководство по применению ЭКБ ТЕСТ.pdf####Маркировка ЭКБ ТЕСТ.pdf####Наборы иструментов и датчиков для моделирования ЭКБ ТЕСТ.pdf####Иструкция по установке ЭКБ ТЕСТ.pdf####Составные элементы мощных чип-конд. для ВП ЭКБ ТЕСТ.pdf####Общая по серии а ЭКБ ТЕСТ.pdf,Руководство по применению####Маркировка####Наборы инструментов####Инструкция по установке####Составные элементы####Информация по серии####,svch-kondensatory_87####svch-kondensatory_88####svch-kondensatory_89####svch-kondensatory_90,СВЧ-конденсатор ARC70A 820 пФ,СВЧ-конденсатор ARC70A 820 пФ⚡Изготовление на заказ ✔ pin-to-pin замены СВЧ-конденсаторов ATC700A (American Technical Ceramics)⚡Испытательная лаборатория⚡ЭКБ ТЕСТ,Наша продукция является прямой заменой конденсаторов ATC (American Technical Ceramics). Надёжный партнёр для вашего бизнеса. Комплексные решения в микроэлектронике. Адекватные цены на СВЧ-конденсатор ARC70A 820 пФ. Разумные сроки. Индивидуальный подход.,СВЧ-конденсаторы ЭКБ ТЕСТ,svch-kondensatory_section_6
svch-kondensatory_85,СВЧ-конденсатор ARC70A 910 пФ,svch-kondensator-arc70a-910-pf,Y,8600,"<p>Серия ARC70 - это сверхвысокочастотные/высокочастотные многослойные керамические чип-конденсаторы, температурный коэффициент которых составляет 0±30 м.д. / °С.</p>",html,2.png,"<p>Серия ARC70 - это сверхвысокочастотные/высокочастотные многослойные керамические чип-конденсаторы, температурный коэффициент которых составляет 0±30 м.д. / °С.</p>",html,2.png,ЭКБ ТЕСТ,911,Сверх-высокочастотные многослойные керамические чип-конденсаторы для ВП,ARC70,910,911,0505,±1%,±5%,-55,200,,,50 В Код 500 или 100 В Код 101,"<p>Высококачественные, высокое значение тока высокой частоты (ТВЧ)/напряжения тока, высокое значение радиочастотной мощности, низкое значение эквивалентного последовательного сопротивления (ESR)/ эквивалентной последовательной индуктивности (ESL), низкий уровень шума, повышенная степень надёжности.</p>","<p>Высокочастотные / микроволновые / радиочастотные усилители, усилители с низким уровнем помех, индуктивно-емкостные сглаживающие фильтры и так далее.</p>","<p>Модули радиотехнической разведки и радиоэлектронной борьбы для военных сверхвысокочастотных радиолокационных станций с фазированной антенной решеткой, военные коротковолновые, ультракоротковолновые, микроволновые системы связи.</p>","<p>Государственный военный стандарт, 7 специальный уровень качества, стандарт качества военной продукции.</p>",,ARC70A ЭКБ ТЕСТ.pdf,Руководство по применению ЭКБ ТЕСТ.pdf####Маркировка ЭКБ ТЕСТ.pdf####Наборы иструментов и датчиков для моделирования ЭКБ ТЕСТ.pdf####Иструкция по установке ЭКБ ТЕСТ.pdf####Составные элементы мощных чип-конд. для ВП ЭКБ ТЕСТ.pdf####Общая по серии а ЭКБ ТЕСТ.pdf,Руководство по применению####Маркировка####Наборы инструментов####Инструкция по установке####Составные элементы####Информация по серии####,svch-kondensatory_87####svch-kondensatory_88####svch-kondensatory_89####svch-kondensatory_90,СВЧ-конденсатор ARC70A 910 пФ,СВЧ-конденсатор ARC70A 910 пФ⚡Изготовление на заказ ✔ pin-to-pin замены СВЧ-конденсаторов ATC700A (American Technical Ceramics)⚡Испытательная лаборатория⚡ЭКБ ТЕСТ,Наша продукция является прямой заменой конденсаторов ATC (American Technical Ceramics). Надёжный партнёр для вашего бизнеса. Комплексные решения в микроэлектронике. Адекватные цены на СВЧ-конденсатор ARC70A 910 пФ. Разумные сроки. Индивидуальный подход.,СВЧ-конденсаторы ЭКБ ТЕСТ,svch-kondensatory_section_6
svch-kondensatory_86,СВЧ-конденсатор ARC70A 1000 пФ,svch-kondensator-arc70a-1000-pf,Y,8700,"<p>Серия ARC70 - это сверхвысокочастотные/высокочастотные многослойные керамические чип-конденсаторы, температурный коэффициент которых составляет 0±30 м.д. / °С.</p>",html,2.png,"<p>Серия ARC70 - это сверхвысокочастотные/высокочастотные многослойные керамические чип-конденсаторы, температурный коэффициент которых составляет 0±30 м.д. / °С.</p>",html,2.png,ЭКБ ТЕСТ,102,Сверх-высокочастотные многослойные керамические чип-конденсаторы для ВП,ARC70,1000,102,0505,±1%,±5%,-55,200,,,50 В Код 500 или 100 В Код 101,"<p>Высококачественные, высокое значение тока высокой частоты (ТВЧ)/напряжения тока, высокое значение радиочастотной мощности, низкое значение эквивалентного последовательного сопротивления (ESR)/ эквивалентной последовательной индуктивности (ESL), низкий уровень шума, повышенная степень надёжности.</p>","<p>Высокочастотные / микроволновые / радиочастотные усилители, усилители с низким уровнем помех, индуктивно-емкостные сглаживающие фильтры и так далее.</p>","<p>Модули радиотехнической разведки и радиоэлектронной борьбы для военных сверхвысокочастотных радиолокационных станций с фазированной антенной решеткой, военные коротковолновые, ультракоротковолновые, микроволновые системы связи.</p>","<p>Государственный военный стандарт, 7 специальный уровень качества, стандарт качества военной продукции.</p>",,ARC70A ЭКБ ТЕСТ.pdf,Руководство по применению ЭКБ ТЕСТ.pdf####Маркировка ЭКБ ТЕСТ.pdf####Наборы иструментов и датчиков для моделирования ЭКБ ТЕСТ.pdf####Иструкция по установке ЭКБ ТЕСТ.pdf####Составные элементы мощных чип-конд. для ВП ЭКБ ТЕСТ.pdf####Общая по серии а ЭКБ ТЕСТ.pdf,Руководство по применению####Маркировка####Наборы инструментов####Инструкция по установке####Составные элементы####Информация по серии####,svch-kondensatory_87####svch-kondensatory_88####svch-kondensatory_89####svch-kondensatory_90,СВЧ-конденсатор ARC70A 1000 пФ,СВЧ-конденсатор ARC70A 1000 пФ⚡Изготовление на заказ ✔ pin-to-pin замены СВЧ-конденсаторов ATC700A (American Technical Ceramics)⚡Испытательная лаборатория⚡ЭКБ ТЕСТ,Наша продукция является прямой заменой конденсаторов ATC (American Technical Ceramics). Надёжный партнёр для вашего бизнеса. Комплексные решения в микроэлектронике. Адекватные цены на СВЧ-конденсатор ARC70A 1000 пФ. Разумные сроки. Индивидуальный подход.,СВЧ-конденсаторы ЭКБ ТЕСТ,svch-kondensatory_section_6
svch-kondensatory_87,СВЧ-конденсаторы ATC700A (American Technical Ceramics),svch-kondensatory-atc700a-american-technical-ceramics,Y,8800,,html,,,html,,ATC (American Technical Ceramics),ATC700A,,,,,,,,,,,,,,,,,,,,,svch-kondensatory_1####svch-kondensatory_2####svch-kondensatory_3####svch-kondensatory_4####svch-kondensatory_5####svch-kondensatory_6####svch-kondensatory_7####svch-kondensatory_8####svch-kondensatory_9####svch-kondensatory_10####svch-kondensatory_11####svch-kondensatory_12####svch-kondensatory_13####svch-kondensatory_14####svch-kondensatory_15####svch-kondensatory_16####svch-kondensatory_17####svch-kondensatory_18####svch-kondensatory_19####svch-kondensatory_20####svch-kondensatory_21####svch-kondensatory_22####svch-kondensatory_23####svch-kondensatory_24####svch-kondensatory_25####svch-kondensatory_26####svch-kondensatory_27####svch-kondensatory_28####svch-kondensatory_29####svch-kondensatory_30####svch-kondensatory_31####svch-kondensatory_32####svch-kondensatory_33####svch-kondensatory_34####svch-kondensatory_35####svch-kondensatory_36####svch-kondensatory_37####svch-kondensatory_38####svch-kondensatory_39####svch-kondensatory_40####svch-kondensatory_41####svch-kondensatory_42####svch-kondensatory_43####svch-kondensatory_44####svch-kondensatory_45####svch-kondensatory_46####svch-kondensatory_47####svch-kondensatory_48####svch-kondensatory_49####svch-kondensatory_50####svch-kondensatory_51####svch-kondensatory_52####svch-kondensatory_53####svch-kondensatory_54####svch-kondensatory_55####svch-kondensatory_56####svch-kondensatory_57####svch-kondensatory_58####svch-kondensatory_59####svch-kondensatory_60####svch-kondensatory_61####svch-kondensatory_62####svch-kondensatory_63####svch-kondensatory_64####svch-kondensatory_65####svch-kondensatory_66####svch-kondensatory_67####svch-kondensatory_68####svch-kondensatory_69####svch-kondensatory_70####svch-kondensatory_71####svch-kondensatory_72####svch-kondensatory_73####svch-kondensatory_74####svch-kondensatory_75####svch-kondensatory_76####svch-kondensatory_77####svch-kondensatory_78####svch-kondensatory_79####svch-kondensatory_80####svch-kondensatory_81####svch-kondensatory_82####svch-kondensatory_83####svch-kondensatory_84####svch-kondensatory_85####svch-kondensatory_86,,,,СВЧ-конденсаторы ATC (American Technical Ceramics),svch-kondensatory_section_2
svch-kondensatory_88,СВЧ-конденсаторы 0505C/P (PPI),svch-kondensatory-0505c-p-ppi,Y,8900,,html,,,html,,PPI,0505C/P,,,,,,,,,,,,,,,,,,,,,svch-kondensatory_1####svch-kondensatory_2####svch-kondensatory_3####svch-kondensatory_4####svch-kondensatory_5####svch-kondensatory_6####svch-kondensatory_7####svch-kondensatory_8####svch-kondensatory_9####svch-kondensatory_10####svch-kondensatory_11####svch-kondensatory_12####svch-kondensatory_13####svch-kondensatory_14####svch-kondensatory_15####svch-kondensatory_16####svch-kondensatory_17####svch-kondensatory_18####svch-kondensatory_19####svch-kondensatory_20####svch-kondensatory_21####svch-kondensatory_22####svch-kondensatory_23####svch-kondensatory_24####svch-kondensatory_25####svch-kondensatory_26####svch-kondensatory_27####svch-kondensatory_28####svch-kondensatory_29####svch-kondensatory_30####svch-kondensatory_31####svch-kondensatory_32####svch-kondensatory_33####svch-kondensatory_34####svch-kondensatory_35####svch-kondensatory_36####svch-kondensatory_37####svch-kondensatory_38####svch-kondensatory_39####svch-kondensatory_40####svch-kondensatory_41####svch-kondensatory_42####svch-kondensatory_43####svch-kondensatory_44####svch-kondensatory_45####svch-kondensatory_46####svch-kondensatory_47####svch-kondensatory_48####svch-kondensatory_49####svch-kondensatory_50####svch-kondensatory_51####svch-kondensatory_52####svch-kondensatory_53####svch-kondensatory_54####svch-kondensatory_55####svch-kondensatory_56####svch-kondensatory_57####svch-kondensatory_58####svch-kondensatory_59####svch-kondensatory_60####svch-kondensatory_61####svch-kondensatory_62####svch-kondensatory_63####svch-kondensatory_64####svch-kondensatory_65####svch-kondensatory_66####svch-kondensatory_67####svch-kondensatory_68####svch-kondensatory_69####svch-kondensatory_70####svch-kondensatory_71####svch-kondensatory_72####svch-kondensatory_73####svch-kondensatory_74####svch-kondensatory_75####svch-kondensatory_76####svch-kondensatory_77####svch-kondensatory_78####svch-kondensatory_79####svch-kondensatory_80####svch-kondensatory_81####svch-kondensatory_82####svch-kondensatory_83####svch-kondensatory_84####svch-kondensatory_85####svch-kondensatory_86,,,,СВЧ-конденсаторы PPI,svch-kondensatory_section_3
svch-kondensatory_89,СВЧ-конденсаторы DLC70A (DLC),svch-kondensatory-dlc70a-dlc,Y,9000,,html,,,html,,DLC,DLC70A,,,,,,,,,,,,,,,,,,,,,svch-kondensatory_1####svch-kondensatory_2####svch-kondensatory_3####svch-kondensatory_4####svch-kondensatory_5####svch-kondensatory_6####svch-kondensatory_7####svch-kondensatory_8####svch-kondensatory_9####svch-kondensatory_10####svch-kondensatory_11####svch-kondensatory_12####svch-kondensatory_13####svch-kondensatory_14####svch-kondensatory_15####svch-kondensatory_16####svch-kondensatory_17####svch-kondensatory_18####svch-kondensatory_19####svch-kondensatory_20####svch-kondensatory_21####svch-kondensatory_22####svch-kondensatory_23####svch-kondensatory_24####svch-kondensatory_25####svch-kondensatory_26####svch-kondensatory_27####svch-kondensatory_28####svch-kondensatory_29####svch-kondensatory_30####svch-kondensatory_31####svch-kondensatory_32####svch-kondensatory_33####svch-kondensatory_34####svch-kondensatory_35####svch-kondensatory_36####svch-kondensatory_37####svch-kondensatory_38####svch-kondensatory_39####svch-kondensatory_40####svch-kondensatory_41####svch-kondensatory_42####svch-kondensatory_43####svch-kondensatory_44####svch-kondensatory_45####svch-kondensatory_46####svch-kondensatory_47####svch-kondensatory_48####svch-kondensatory_49####svch-kondensatory_50####svch-kondensatory_51####svch-kondensatory_52####svch-kondensatory_53####svch-kondensatory_54####svch-kondensatory_55####svch-kondensatory_56####svch-kondensatory_57####svch-kondensatory_58####svch-kondensatory_59####svch-kondensatory_60####svch-kondensatory_61####svch-kondensatory_62####svch-kondensatory_63####svch-kondensatory_64####svch-kondensatory_65####svch-kondensatory_66####svch-kondensatory_67####svch-kondensatory_68####svch-kondensatory_69####svch-kondensatory_70####svch-kondensatory_71####svch-kondensatory_72####svch-kondensatory_73####svch-kondensatory_74####svch-kondensatory_75####svch-kondensatory_76####svch-kondensatory_77####svch-kondensatory_78####svch-kondensatory_79####svch-kondensatory_80####svch-kondensatory_81####svch-kondensatory_82####svch-kondensatory_83####svch-kondensatory_84####svch-kondensatory_85####svch-kondensatory_86,,,,СВЧ-конденсаторы DLC,svch-kondensatory_section_4
svch-kondensatory_90,СВЧ-конденсаторы К15-39 (Гериконд),svch-kondensatory-k15-39-gerikond,Y,9100,,html,,,html,,Гериконд,К15-39,,,,,,,,,,,,,,,,,,,,,svch-kondensatory_1####svch-kondensatory_2####svch-kondensatory_3####svch-kondensatory_4####svch-kondensatory_5####svch-kondensatory_6####svch-kondensatory_7####svch-kondensatory_8####svch-kondensatory_9####svch-kondensatory_10####svch-kondensatory_11####svch-kondensatory_12####svch-kondensatory_13####svch-kondensatory_14####svch-kondensatory_15####svch-kondensatory_16####svch-kondensatory_17####svch-kondensatory_18####svch-kondensatory_19####svch-kondensatory_20####svch-kondensatory_21####svch-kondensatory_22####svch-kondensatory_23####svch-kondensatory_24####svch-kondensatory_25####svch-kondensatory_26####svch-kondensatory_27####svch-kondensatory_28####svch-kondensatory_29####svch-kondensatory_30####svch-kondensatory_31####svch-kondensatory_32####svch-kondensatory_33####svch-kondensatory_34####svch-kondensatory_35####svch-kondensatory_36####svch-kondensatory_37####svch-kondensatory_38####svch-kondensatory_39####svch-kondensatory_40####svch-kondensatory_41####svch-kondensatory_42####svch-kondensatory_43####svch-kondensatory_44####svch-kondensatory_45####svch-kondensatory_46####svch-kondensatory_47####svch-kondensatory_48####svch-kondensatory_49####svch-kondensatory_50####svch-kondensatory_51####svch-kondensatory_52####svch-kondensatory_53####svch-kondensatory_54####svch-kondensatory_55####svch-kondensatory_56####svch-kondensatory_57####svch-kondensatory_58####svch-kondensatory_59####svch-kondensatory_60####svch-kondensatory_61####svch-kondensatory_62####svch-kondensatory_63####svch-kondensatory_64####svch-kondensatory_65####svch-kondensatory_66####svch-kondensatory_67####svch-kondensatory_68####svch-kondensatory_69####svch-kondensatory_70####svch-kondensatory_71####svch-kondensatory_72####svch-kondensatory_73####svch-kondensatory_74####svch-kondensatory_75####svch-kondensatory_76####svch-kondensatory_77####svch-kondensatory_78####svch-kondensatory_79####svch-kondensatory_80####svch-kondensatory_81####svch-kondensatory_82####svch-kondensatory_83####svch-kondensatory_84####svch-kondensatory_85####svch-kondensatory_86,,,,СВЧ-конденсаторы Гериконд,svch-kondensatory_section_5