Внешний код,Название,Активность,Символьный код,Сортировка,Текст анонса,Тип текста,Картинка анонса,Детальный текст,Тип текста,Детальная картинка,Производитель,Тип,Серия,Партномер,Номинальное входное напряжение_В,Выходное напряжение_В,Тип корпуса,Размеры корпуса_мм_x,Размеры корпуса_мм_y,Размеры корпуса_мм_z,Температурный диапазон_С°,Мощность_Вт,Максимальный проходной ток_А,Дополнительные фото,Datasheet,Заменяет,Заголовок h1,title,description,Название секции 1 уровень,Символьный код секции 1 уровень,XML_ID секции 1 уровень
"Обязательное
proizvodstvo-preobrazovatelej-napryazheniya_№","Строка
Обязательное
Модульный преобразователь - тип - название серии - Выходное напряжение В / Мощность Вт - партномер","да/нет (галочка)
Варианты значений:
Y
N
","Строка
","Число
Комментарий:
Шаг 10 или 100","HTML/текст
","Техническое свойство
Варианты заполнения: html или text","Файл
","HTML/текст
","Техническое свойство
Варианты заполнения: html или text","Файл
","Строка
Обязательное
","Список
Варианты значений:
AC/DC
DC/DC
","Строка
","Строка
","Строка
","Число
","Список
Варианты значений:
full brick
1/2 brick
1/4 brick
","Число
в итоге должно получиться 117×55,9×12,7 ","Число
","Число
","Строка
","Число
","Число
","Файл
Множественное
","Файл
","Привязка к элементам по XML_ID
Множественное
","Строка
","Строка
","Строка
",Строка,Строка,Привязка по XML_ID
IE_XML_ID,IE_NAME,IE_ACTIVE,IE_CODE,IE_SORT,IE_PREVIEW_TEXT,IE_PREVIEW_TEXT_TYPE,IE_PREVIEW_PICTURE,IE_DETAIL_TEXT,IE_DETAIL_TEXT_TYPE,IE_DETAIL_PICTURE,MANUFACTURER,TYPE,SERIES,PARTNUMBER,NOMINAL_INPUT_VOLTAGE,OUTPUT_VOLTAGE,TYPE_OF_SHELL,THE_DIMENSIONS_OF_THE_CASE_X,THE_DIMENSIONS_OF_THE_CASE_Y,THE_DIMENSIONS_OF_THE_CASE_Z,TEMPERATURE_RANGE,POWER,MAXIMUM_PASSING_CURRENT,PHOTOS,DATASHEET,REPLACES,H1,TITLE,DESCRIPTION,IC_GROUP0,IC_CODE0,IC_XML_ID0
demo_proizvodstvo-preobrazovatelej-napryazheniya_1,ДЕМО элемент,Y,demo-element,100,"<p>Мы работали с поисковыми системами на всех этапах их становления и прошли путь от обмена ссылками до работы с поведенческим фактором.</p>
<p>За более чем 15 лет работы в различных условиях мы сформировали уникальный ценный опыт. Нам есть о чем вспомнить, однако самые яркие случаи из практики для нас — это вернувшиеся клиенты, которые поработали с другими компаниями и в итоге все-таки выбрали нас.</p>
<p>К нам возвращаются, нас рекомендуют друзьям. И мы делаем все, чтобы оправдывать оказанное доверие.</p>",html,demo_1.jpeg,"<p>Мы работали с поисковыми системами на всех этапах их становления и прошли путь от обмена ссылками до работы с поведенческим фактором.</p>
<p>За более чем 15 лет работы в различных условиях мы сформировали уникальный ценный опыт. Нам есть о чем вспомнить, однако самые яркие случаи из практики для нас — это вернувшиеся клиенты, которые поработали с другими компаниями и в итоге все-таки выбрали нас.</p>
<p>К нам возвращаются, нас рекомендуют друзьям. И мы делаем все, чтобы оправдывать оказанное доверие.</p>",html,demo_1.jpeg,Сайты для SEO,AC/DC,Сайты для SEO,Сайты для SEO,Сайты для SEO,1,full brick,1,1,1,Сайты для SEO,1,1,demo_1.jpeg####demo_2.jpeg####demo_3.jpeg,demo_1.jpeg,element_1####element_2####element_3,ДЕМО заголовок элемента,ДЕМО title страницы,ДЕМО description страницы,ДЕМО Секция 1,demo-proizvodstvo-preobrazovatelej-napryazheniya-section-1,demo_proizvodstvo-preobrazovatelej-napryazheniya_section_1
proizvodstvo-preobrazovatelej-napryazheniya_1,"Модульный преобразователь DC/DC Иртыш 3,3 В / 264 Вт ET-F300C-3V3P264R23",Y,modulnyj-preobrazovatel-dc-dc-irtysh-3-3-v-264-vt-et-f300c-3v3p264r23,200,,html,ET-F.jpg,,html,ET-F.jpg,ЭКБ ТЕСТ,DC/DC,ET-F300,ET-F300C-3V3P264R23,"""300"" (180..375)","3,3",full brick,117,"55,9","12,7","""C""  (-20..100)",264,80,,ET-F300.pdf,proizvodstvo-preobrazovatelej-napryazheniya_316####,"Модульный преобразователь DC/DC Иртыш 3,3 В / 264 Вт ET-F300C-3V3P264R23","Модульный преобразователь DC/DC Иртыш 3,3 В / 264 Вт ET-F300C-3V3P264R23⚡Серия «ИРТЫШ»®⚡DC/DC модульные преобразователи ✔ полная «PIN-TO-PIN» совместимость с продукцией VICOR⚡Производство преобразователей напряжения ЭКБ ТЕСТ",ЭКБ ТЕСТ — надёжный партнёр для вашего бизнеса. Комплексные решения в микроэлектронике. Адекватные цены на производство преобразователей. Разумные сроки. Индивидуальный подход.,Модульные преобразователи ИРТЫШ,modulnye-preobrazovateli-irtysh,proizvodstvo-preobrazovatelej-napryazheniya_section_2
proizvodstvo-preobrazovatelej-napryazheniya_2,Модульный преобразователь DC/DC Иртыш 5 В / 400 Вт ET-F300C-05VP400R23,Y,modulnyj-preobrazovatel-dc-dc-irtysh-5-v-400-vt-et-f300c-05vp400r23,300,,html,ET-F.jpg,,html,ET-F.jpg,ЭКБ ТЕСТ,DC/DC,ET-F300,ET-F300C-05VP400R23,"""300"" (180..375)",5,full brick,117,"55,9","12,7","""C""  (-20..100)",400,80,,ET-F300.pdf,proizvodstvo-preobrazovatelej-napryazheniya_316####,Модульный преобразователь DC/DC Иртыш 5 В / 400 Вт ET-F300C-05VP400R23,Модульный преобразователь DC/DC Иртыш 5 В / 400 Вт ET-F300C-05VP400R23⚡Серия «ИРТЫШ»®⚡DC/DC модульные преобразователи ✔ полная «PIN-TO-PIN» совместимость с продукцией VICOR⚡Производство преобразователей напряжения ЭКБ ТЕСТ,ЭКБ ТЕСТ — надёжный партнёр для вашего бизнеса. Комплексные решения в микроэлектронике. Адекватные цены на производство преобразователей. Разумные сроки. Индивидуальный подход.,Модульные преобразователи ИРТЫШ,modulnye-preobrazovateli-irtysh,proizvodstvo-preobrazovatelej-napryazheniya_section_2
proizvodstvo-preobrazovatelej-napryazheniya_3,Модульный преобразователь DC/DC Иртыш 8 В / 400 Вт ET-F300C-08VP400R23,Y,modulnyj-preobrazovatel-dc-dc-irtysh-8-v-400-vt-et-f300c-08vp400r23,400,,html,ET-F.jpg,,html,ET-F.jpg,ЭКБ ТЕСТ,DC/DC,ET-F300,ET-F300C-08VP400R23,"""300"" (180..375)",8,full brick,117,"55,9","12,7","""C""  (-20..100)",400,50,,ET-F300.pdf,proizvodstvo-preobrazovatelej-napryazheniya_316####,Модульный преобразователь DC/DC Иртыш 8 В / 400 Вт ET-F300C-08VP400R23,Модульный преобразователь DC/DC Иртыш 8 В / 400 Вт ET-F300C-08VP400R23⚡Серия «ИРТЫШ»®⚡DC/DC модульные преобразователи ✔ полная «PIN-TO-PIN» совместимость с продукцией VICOR⚡Производство преобразователей напряжения ЭКБ ТЕСТ,ЭКБ ТЕСТ — надёжный партнёр для вашего бизнеса. Комплексные решения в микроэлектронике. Адекватные цены на производство преобразователей. Разумные сроки. Индивидуальный подход.,Модульные преобразователи ИРТЫШ,modulnye-preobrazovateli-irtysh,proizvodstvo-preobrazovatelej-napryazheniya_section_2
proizvodstvo-preobrazovatelej-napryazheniya_4,Модульный преобразователь DC/DC Иртыш 12 В / 600 Вт ET-F300C-12VP600R23,Y,modulnyj-preobrazovatel-dc-dc-irtysh-12-v-600-vt-et-f300c-12vp600r23,500,,html,ET-F.jpg,,html,ET-F.jpg,ЭКБ ТЕСТ,DC/DC,ET-F300,ET-F300C-12VP600R23,"""300"" (180..375)",12,full brick,117,"55,9","12,7","""C""  (-20..100)",600,50,,ET-F300.pdf,proizvodstvo-preobrazovatelej-napryazheniya_316####,Модульный преобразователь DC/DC Иртыш 12 В / 600 Вт ET-F300C-12VP600R23,Модульный преобразователь DC/DC Иртыш 12 В / 600 Вт ET-F300C-12VP600R23⚡Серия «ИРТЫШ»®⚡DC/DC модульные преобразователи ✔ полная «PIN-TO-PIN» совместимость с продукцией VICOR⚡Производство преобразователей напряжения ЭКБ ТЕСТ,ЭКБ ТЕСТ — надёжный партнёр для вашего бизнеса. Комплексные решения в микроэлектронике. Адекватные цены на производство преобразователей. Разумные сроки. Индивидуальный подход.,Модульные преобразователи ИРТЫШ,modulnye-preobrazovateli-irtysh,proizvodstvo-preobrazovatelej-napryazheniya_section_2
proizvodstvo-preobrazovatelej-napryazheniya_5,Модульный преобразователь DC/DC Иртыш 15 В / 600 Вт ET-F300C-15VP600R23,Y,modulnyj-preobrazovatel-dc-dc-irtysh-15-v-600-vt-et-f300c-15vp600r23,600,,html,ET-F.jpg,,html,ET-F.jpg,ЭКБ ТЕСТ,DC/DC,ET-F300,ET-F300C-15VP600R23,"""300"" (180..375)",15,full brick,117,"55,9","12,7","""C""  (-20..100)",600,40,,ET-F300.pdf,proizvodstvo-preobrazovatelej-napryazheniya_316####,Модульный преобразователь DC/DC Иртыш 15 В / 600 Вт ET-F300C-15VP600R23,Модульный преобразователь DC/DC Иртыш 15 В / 600 Вт ET-F300C-15VP600R23⚡Серия «ИРТЫШ»®⚡DC/DC модульные преобразователи ✔ полная «PIN-TO-PIN» совместимость с продукцией VICOR⚡Производство преобразователей напряжения ЭКБ ТЕСТ,ЭКБ ТЕСТ — надёжный партнёр для вашего бизнеса. Комплексные решения в микроэлектронике. Адекватные цены на производство преобразователей. Разумные сроки. Индивидуальный подход.,Модульные преобразователи ИРТЫШ,modulnye-preobrazovateli-irtysh,proizvodstvo-preobrazovatelej-napryazheniya_section_2
proizvodstvo-preobrazovatelej-napryazheniya_6,Модульный преобразователь DC/DC Иртыш 24 В / 600 Вт ET-F300C-24VP600R23,Y,modulnyj-preobrazovatel-dc-dc-irtysh-24-v-600-vt-et-f300c-24vp600r23,700,,html,ET-F.jpg,,html,ET-F.jpg,ЭКБ ТЕСТ,DC/DC,ET-F300,ET-F300C-24VP600R23,"""300"" (180..375)",24,full brick,117,"55,9","12,7","""C""  (-20..100)",600,25,,ET-F300.pdf,proizvodstvo-preobrazovatelej-napryazheniya_316####,Модульный преобразователь DC/DC Иртыш 24 В / 600 Вт ET-F300C-24VP600R23,Модульный преобразователь DC/DC Иртыш 24 В / 600 Вт ET-F300C-24VP600R23⚡Серия «ИРТЫШ»®⚡DC/DC модульные преобразователи ✔ полная «PIN-TO-PIN» совместимость с продукцией VICOR⚡Производство преобразователей напряжения ЭКБ ТЕСТ,ЭКБ ТЕСТ — надёжный партнёр для вашего бизнеса. Комплексные решения в микроэлектронике. Адекватные цены на производство преобразователей. Разумные сроки. Индивидуальный подход.,Модульные преобразователи ИРТЫШ,modulnye-preobrazovateli-irtysh,proizvodstvo-preobrazovatelej-napryazheniya_section_2
proizvodstvo-preobrazovatelej-napryazheniya_7,Модульный преобразователь DC/DC Иртыш 28 В / 600 Вт ET-F300C-28VP600R23,Y,modulnyj-preobrazovatel-dc-dc-irtysh-28-v-600-vt-et-f300c-28vp600r23,800,,html,ET-F.jpg,,html,ET-F.jpg,ЭКБ ТЕСТ,DC/DC,ET-F300,ET-F300C-28VP600R23,"""300"" (180..375)",28,full brick,117,"55,9","12,7","""C""  (-20..100)",600,"21,5",,ET-F300.pdf,proizvodstvo-preobrazovatelej-napryazheniya_316####,Модульный преобразователь DC/DC Иртыш 28 В / 600 Вт ET-F300C-28VP600R23,Модульный преобразователь DC/DC Иртыш 28 В / 600 Вт ET-F300C-28VP600R23⚡Серия «ИРТЫШ»®⚡DC/DC модульные преобразователи ✔ полная «PIN-TO-PIN» совместимость с продукцией VICOR⚡Производство преобразователей напряжения ЭКБ ТЕСТ,ЭКБ ТЕСТ — надёжный партнёр для вашего бизнеса. Комплексные решения в микроэлектронике. Адекватные цены на производство преобразователей. Разумные сроки. Индивидуальный подход.,Модульные преобразователи ИРТЫШ,modulnye-preobrazovateli-irtysh,proizvodstvo-preobrazovatelej-napryazheniya_section_2
proizvodstvo-preobrazovatelej-napryazheniya_8,Модульный преобразователь DC/DC Иртыш 36 В / 600 Вт ET-F300C-36VP600R23,Y,modulnyj-preobrazovatel-dc-dc-irtysh-36-v-600-vt-et-f300c-36vp600r23,900,,html,ET-F.jpg,,html,ET-F.jpg,ЭКБ ТЕСТ,DC/DC,ET-F300,ET-F300C-36VP600R23,"""300"" (180..375)",36,full brick,117,"55,9","12,7","""C""  (-20..100)",600,"16,7",,ET-F300.pdf,proizvodstvo-preobrazovatelej-napryazheniya_316####,Модульный преобразователь DC/DC Иртыш 36 В / 600 Вт ET-F300C-36VP600R23,Модульный преобразователь DC/DC Иртыш 36 В / 600 Вт ET-F300C-36VP600R23⚡Серия «ИРТЫШ»®⚡DC/DC модульные преобразователи ✔ полная «PIN-TO-PIN» совместимость с продукцией VICOR⚡Производство преобразователей напряжения ЭКБ ТЕСТ,ЭКБ ТЕСТ — надёжный партнёр для вашего бизнеса. Комплексные решения в микроэлектронике. Адекватные цены на производство преобразователей. Разумные сроки. Индивидуальный подход.,Модульные преобразователи ИРТЫШ,modulnye-preobrazovateli-irtysh,proizvodstvo-preobrazovatelej-napryazheniya_section_2
proizvodstvo-preobrazovatelej-napryazheniya_9,Модульный преобразователь DC/DC Иртыш 48 В / 600 Вт ET-F300C-48VP600R23,Y,modulnyj-preobrazovatel-dc-dc-irtysh-48-v-600-vt-et-f300c-48vp600r23,1000,,html,ET-F.jpg,,html,ET-F.jpg,ЭКБ ТЕСТ,DC/DC,ET-F300,ET-F300C-48VP600R23,"""300"" (180..375)",48,full brick,117,"55,9","12,7","""C""  (-20..100)",600,"12,5",,ET-F300.pdf,proizvodstvo-preobrazovatelej-napryazheniya_316####,Модульный преобразователь DC/DC Иртыш 48 В / 600 Вт ET-F300C-48VP600R23,Модульный преобразователь DC/DC Иртыш 48 В / 600 Вт ET-F300C-48VP600R23⚡Серия «ИРТЫШ»®⚡DC/DC модульные преобразователи ✔ полная «PIN-TO-PIN» совместимость с продукцией VICOR⚡Производство преобразователей напряжения ЭКБ ТЕСТ,ЭКБ ТЕСТ — надёжный партнёр для вашего бизнеса. Комплексные решения в микроэлектронике. Адекватные цены на производство преобразователей. Разумные сроки. Индивидуальный подход.,Модульные преобразователи ИРТЫШ,modulnye-preobrazovateli-irtysh,proizvodstvo-preobrazovatelej-napryazheniya_section_2
proizvodstvo-preobrazovatelej-napryazheniya_10,"Модульный преобразователь DC/DC Иртыш 3,3 В / 264 Вт ET-F300H-3V3P264R23",Y,modulnyj-preobrazovatel-dc-dc-irtysh-3-3-v-264-vt-et-f300h-3v3p264r23,1100,,html,ET-F.jpg,,html,ET-F.jpg,ЭКБ ТЕСТ,DC/DC,ET-F300,ET-F300H-3V3P264R23,"""300"" (180..375)","3,3",full brick,117,"55,9","12,7","""H""  (-40..100)",264,80,,ET-F300.pdf,proizvodstvo-preobrazovatelej-napryazheniya_316####proizvodstvo-preobrazovatelej-napryazheniya_382,"Модульный преобразователь DC/DC Иртыш 3,3 В / 264 Вт ET-F300H-3V3P264R23","Модульный преобразователь DC/DC Иртыш 3,3 В / 264 Вт ET-F300H-3V3P264R23⚡Серия «ИРТЫШ»®⚡DC/DC модульные преобразователи ✔ полная «PIN-TO-PIN» совместимость с продукцией VICOR⚡Производство преобразователей напряжения ЭКБ ТЕСТ",ЭКБ ТЕСТ — надёжный партнёр для вашего бизнеса. Комплексные решения в микроэлектронике. Адекватные цены на производство преобразователей. Разумные сроки. Индивидуальный подход.,Модульные преобразователи ИРТЫШ,modulnye-preobrazovateli-irtysh,proizvodstvo-preobrazovatelej-napryazheniya_section_2
proizvodstvo-preobrazovatelej-napryazheniya_11,Модульный преобразователь DC/DC Иртыш 5 В / 400 Вт ET-F300H-05VP400R23,Y,modulnyj-preobrazovatel-dc-dc-irtysh-5-v-400-vt-et-f300h-05vp400r23,1200,,html,ET-F.jpg,,html,ET-F.jpg,ЭКБ ТЕСТ,DC/DC,ET-F300,ET-F300H-05VP400R23,"""300"" (180..375)",5,full brick,117,"55,9","12,7","""H""  (-40..100)",400,80,,ET-F300.pdf,proizvodstvo-preobrazovatelej-napryazheniya_316####proizvodstvo-preobrazovatelej-napryazheniya_383,Модульный преобразователь DC/DC Иртыш 5 В / 400 Вт ET-F300H-05VP400R23,Модульный преобразователь DC/DC Иртыш 5 В / 400 Вт ET-F300H-05VP400R23⚡Серия «ИРТЫШ»®⚡DC/DC модульные преобразователи ✔ полная «PIN-TO-PIN» совместимость с продукцией VICOR⚡Производство преобразователей напряжения ЭКБ ТЕСТ,ЭКБ ТЕСТ — надёжный партнёр для вашего бизнеса. Комплексные решения в микроэлектронике. Адекватные цены на производство преобразователей. Разумные сроки. Индивидуальный подход.,Модульные преобразователи ИРТЫШ,modulnye-preobrazovateli-irtysh,proizvodstvo-preobrazovatelej-napryazheniya_section_2
proizvodstvo-preobrazovatelej-napryazheniya_12,Модульный преобразователь DC/DC Иртыш 8 В / 400 Вт ET-F300H-08VP400R23,Y,modulnyj-preobrazovatel-dc-dc-irtysh-8-v-400-vt-et-f300h-08vp400r23,1300,,html,ET-F.jpg,,html,ET-F.jpg,ЭКБ ТЕСТ,DC/DC,ET-F300,ET-F300H-08VP400R23,"""300"" (180..375)",8,full brick,117,"55,9","12,7","""H""  (-40..100)",400,50,,ET-F300.pdf,proizvodstvo-preobrazovatelej-napryazheniya_316####proizvodstvo-preobrazovatelej-napryazheniya_384,Модульный преобразователь DC/DC Иртыш 8 В / 400 Вт ET-F300H-08VP400R23,Модульный преобразователь DC/DC Иртыш 8 В / 400 Вт ET-F300H-08VP400R23⚡Серия «ИРТЫШ»®⚡DC/DC модульные преобразователи ✔ полная «PIN-TO-PIN» совместимость с продукцией VICOR⚡Производство преобразователей напряжения ЭКБ ТЕСТ,ЭКБ ТЕСТ — надёжный партнёр для вашего бизнеса. Комплексные решения в микроэлектронике. Адекватные цены на производство преобразователей. Разумные сроки. Индивидуальный подход.,Модульные преобразователи ИРТЫШ,modulnye-preobrazovateli-irtysh,proizvodstvo-preobrazovatelej-napryazheniya_section_2
proizvodstvo-preobrazovatelej-napryazheniya_13,Модульный преобразователь DC/DC Иртыш 12 В / 600 Вт ET-F300H-12VP600R23,Y,modulnyj-preobrazovatel-dc-dc-irtysh-12-v-600-vt-et-f300h-12vp600r23,1400,,html,ET-F.jpg,,html,ET-F.jpg,ЭКБ ТЕСТ,DC/DC,ET-F300,ET-F300H-12VP600R23,"""300"" (180..375)",12,full brick,117,"55,9","12,7","""H""  (-40..100)",600,50,,ET-F300.pdf,proizvodstvo-preobrazovatelej-napryazheniya_316####proizvodstvo-preobrazovatelej-napryazheniya_385,Модульный преобразователь DC/DC Иртыш 12 В / 600 Вт ET-F300H-12VP600R23,Модульный преобразователь DC/DC Иртыш 12 В / 600 Вт ET-F300H-12VP600R23⚡Серия «ИРТЫШ»®⚡DC/DC модульные преобразователи ✔ полная «PIN-TO-PIN» совместимость с продукцией VICOR⚡Производство преобразователей напряжения ЭКБ ТЕСТ,ЭКБ ТЕСТ — надёжный партнёр для вашего бизнеса. Комплексные решения в микроэлектронике. Адекватные цены на производство преобразователей. Разумные сроки. Индивидуальный подход.,Модульные преобразователи ИРТЫШ,modulnye-preobrazovateli-irtysh,proizvodstvo-preobrazovatelej-napryazheniya_section_2
proizvodstvo-preobrazovatelej-napryazheniya_14,Модульный преобразователь DC/DC Иртыш 15 В / 600 Вт ET-F300H-15VP600R23,Y,modulnyj-preobrazovatel-dc-dc-irtysh-15-v-600-vt-et-f300h-15vp600r23,1500,,html,ET-F.jpg,,html,ET-F.jpg,ЭКБ ТЕСТ,DC/DC,ET-F300,ET-F300H-15VP600R23,"""300"" (180..375)",15,full brick,117,"55,9","12,7","""H""  (-40..100)",600,40,,ET-F300.pdf,proizvodstvo-preobrazovatelej-napryazheniya_316####proizvodstvo-preobrazovatelej-napryazheniya_386,Модульный преобразователь DC/DC Иртыш 15 В / 600 Вт ET-F300H-15VP600R23,Модульный преобразователь DC/DC Иртыш 15 В / 600 Вт ET-F300H-15VP600R23⚡Серия «ИРТЫШ»®⚡DC/DC модульные преобразователи ✔ полная «PIN-TO-PIN» совместимость с продукцией VICOR⚡Производство преобразователей напряжения ЭКБ ТЕСТ,ЭКБ ТЕСТ — надёжный партнёр для вашего бизнеса. Комплексные решения в микроэлектронике. Адекватные цены на производство преобразователей. Разумные сроки. Индивидуальный подход.,Модульные преобразователи ИРТЫШ,modulnye-preobrazovateli-irtysh,proizvodstvo-preobrazovatelej-napryazheniya_section_2
proizvodstvo-preobrazovatelej-napryazheniya_15,Модульный преобразователь DC/DC Иртыш 24 В / 600 Вт ET-F300H-24VP600R23,Y,modulnyj-preobrazovatel-dc-dc-irtysh-24-v-600-vt-et-f300h-24vp600r23,1600,,html,ET-F.jpg,,html,ET-F.jpg,ЭКБ ТЕСТ,DC/DC,ET-F300,ET-F300H-24VP600R23,"""300"" (180..375)",24,full brick,117,"55,9","12,7","""H""  (-40..100)",600,25,,ET-F300.pdf,proizvodstvo-preobrazovatelej-napryazheniya_316####proizvodstvo-preobrazovatelej-napryazheniya_387,Модульный преобразователь DC/DC Иртыш 24 В / 600 Вт ET-F300H-24VP600R23,Модульный преобразователь DC/DC Иртыш 24 В / 600 Вт ET-F300H-24VP600R23⚡Серия «ИРТЫШ»®⚡DC/DC модульные преобразователи ✔ полная «PIN-TO-PIN» совместимость с продукцией VICOR⚡Производство преобразователей напряжения ЭКБ ТЕСТ,ЭКБ ТЕСТ — надёжный партнёр для вашего бизнеса. Комплексные решения в микроэлектронике. Адекватные цены на производство преобразователей. Разумные сроки. Индивидуальный подход.,Модульные преобразователи ИРТЫШ,modulnye-preobrazovateli-irtysh,proizvodstvo-preobrazovatelej-napryazheniya_section_2
proizvodstvo-preobrazovatelej-napryazheniya_16,Модульный преобразователь DC/DC Иртыш 28 В / 600 Вт ET-F300H-28VP600R23,Y,modulnyj-preobrazovatel-dc-dc-irtysh-28-v-600-vt-et-f300h-28vp600r23,1700,,html,ET-F.jpg,,html,ET-F.jpg,ЭКБ ТЕСТ,DC/DC,ET-F300,ET-F300H-28VP600R23,"""300"" (180..375)",28,full brick,117,"55,9","12,7","""H""  (-40..100)",600,"21,5",,ET-F300.pdf,proizvodstvo-preobrazovatelej-napryazheniya_316####proizvodstvo-preobrazovatelej-napryazheniya_388,Модульный преобразователь DC/DC Иртыш 28 В / 600 Вт ET-F300H-28VP600R23,Модульный преобразователь DC/DC Иртыш 28 В / 600 Вт ET-F300H-28VP600R23⚡Серия «ИРТЫШ»®⚡DC/DC модульные преобразователи ✔ полная «PIN-TO-PIN» совместимость с продукцией VICOR⚡Производство преобразователей напряжения ЭКБ ТЕСТ,ЭКБ ТЕСТ — надёжный партнёр для вашего бизнеса. Комплексные решения в микроэлектронике. Адекватные цены на производство преобразователей. Разумные сроки. Индивидуальный подход.,Модульные преобразователи ИРТЫШ,modulnye-preobrazovateli-irtysh,proizvodstvo-preobrazovatelej-napryazheniya_section_2
proizvodstvo-preobrazovatelej-napryazheniya_17,Модульный преобразователь DC/DC Иртыш 36 В / 600 Вт ET-F300H-36VP600R23,Y,modulnyj-preobrazovatel-dc-dc-irtysh-36-v-600-vt-et-f300h-36vp600r23,1800,,html,ET-F.jpg,,html,ET-F.jpg,ЭКБ ТЕСТ,DC/DC,ET-F300,ET-F300H-36VP600R23,"""300"" (180..375)",36,full brick,117,"55,9","12,7","""H""  (-40..100)",600,"16,7",,ET-F300.pdf,proizvodstvo-preobrazovatelej-napryazheniya_316####proizvodstvo-preobrazovatelej-napryazheniya_389,Модульный преобразователь DC/DC Иртыш 36 В / 600 Вт ET-F300H-36VP600R23,Модульный преобразователь DC/DC Иртыш 36 В / 600 Вт ET-F300H-36VP600R23⚡Серия «ИРТЫШ»®⚡DC/DC модульные преобразователи ✔ полная «PIN-TO-PIN» совместимость с продукцией VICOR⚡Производство преобразователей напряжения ЭКБ ТЕСТ,ЭКБ ТЕСТ — надёжный партнёр для вашего бизнеса. Комплексные решения в микроэлектронике. Адекватные цены на производство преобразователей. Разумные сроки. Индивидуальный подход.,Модульные преобразователи ИРТЫШ,modulnye-preobrazovateli-irtysh,proizvodstvo-preobrazovatelej-napryazheniya_section_2
proizvodstvo-preobrazovatelej-napryazheniya_18,Модульный преобразователь DC/DC Иртыш 48 В / 600 Вт ET-F300H-48VP600R23,Y,modulnyj-preobrazovatel-dc-dc-irtysh-48-v-600-vt-et-f300h-48vp600r23,1900,,html,ET-F.jpg,,html,ET-F.jpg,ЭКБ ТЕСТ,DC/DC,ET-F300,ET-F300H-48VP600R23,"""300"" (180..375)",48,full brick,117,"55,9","12,7","""H""  (-40..100)",600,"12,5",,ET-F300.pdf,proizvodstvo-preobrazovatelej-napryazheniya_316####proizvodstvo-preobrazovatelej-napryazheniya_390,Модульный преобразователь DC/DC Иртыш 48 В / 600 Вт ET-F300H-48VP600R23,Модульный преобразователь DC/DC Иртыш 48 В / 600 Вт ET-F300H-48VP600R23⚡Серия «ИРТЫШ»®⚡DC/DC модульные преобразователи ✔ полная «PIN-TO-PIN» совместимость с продукцией VICOR⚡Производство преобразователей напряжения ЭКБ ТЕСТ,ЭКБ ТЕСТ — надёжный партнёр для вашего бизнеса. Комплексные решения в микроэлектронике. Адекватные цены на производство преобразователей. Разумные сроки. Индивидуальный подход.,Модульные преобразователи ИРТЫШ,modulnye-preobrazovateli-irtysh,proizvodstvo-preobrazovatelej-napryazheniya_section_2
proizvodstvo-preobrazovatelej-napryazheniya_19,"Модульный преобразователь DC/DC Иртыш 3,3 В / 264 Вт ET-F300M-3V3P264R23",Y,modulnyj-preobrazovatel-dc-dc-irtysh-3-3-v-264-vt-et-f300m-3v3p264r23,2000,,html,ET-F.jpg,,html,ET-F.jpg,ЭКБ ТЕСТ,DC/DC,ET-F300,ET-F300M-3V3P264R23,"""300"" (180..375)","3,3",full brick,117,"55,9","12,7","""M""  (-55..100)",264,80,,ET-F300.pdf,proizvodstvo-preobrazovatelej-napryazheniya_316####proizvodstvo-preobrazovatelej-napryazheniya_391,"Модульный преобразователь DC/DC Иртыш 3,3 В / 264 Вт ET-F300M-3V3P264R23","Модульный преобразователь DC/DC Иртыш 3,3 В / 264 Вт ET-F300M-3V3P264R23⚡Серия «ИРТЫШ»®⚡DC/DC модульные преобразователи ✔ полная «PIN-TO-PIN» совместимость с продукцией VICOR⚡Производство преобразователей напряжения ЭКБ ТЕСТ",ЭКБ ТЕСТ — надёжный партнёр для вашего бизнеса. Комплексные решения в микроэлектронике. Адекватные цены на производство преобразователей. Разумные сроки. Индивидуальный подход.,Модульные преобразователи ИРТЫШ,modulnye-preobrazovateli-irtysh,proizvodstvo-preobrazovatelej-napryazheniya_section_2
proizvodstvo-preobrazovatelej-napryazheniya_20,Модульный преобразователь DC/DC Иртыш 5 В / 400 Вт ET-F300M-05VP400R23,Y,modulnyj-preobrazovatel-dc-dc-irtysh-5-v-400-vt-et-f300m-05vp400r23,2100,,html,ET-F.jpg,,html,ET-F.jpg,ЭКБ ТЕСТ,DC/DC,ET-F300,ET-F300M-05VP400R23,"""300"" (180..375)",5,full brick,117,"55,9","12,7","""M""  (-55..100)",400,80,,ET-F300.pdf,proizvodstvo-preobrazovatelej-napryazheniya_316####proizvodstvo-preobrazovatelej-napryazheniya_392,Модульный преобразователь DC/DC Иртыш 5 В / 400 Вт ET-F300M-05VP400R23,Модульный преобразователь DC/DC Иртыш 5 В / 400 Вт ET-F300M-05VP400R23⚡Серия «ИРТЫШ»®⚡DC/DC модульные преобразователи ✔ полная «PIN-TO-PIN» совместимость с продукцией VICOR⚡Производство преобразователей напряжения ЭКБ ТЕСТ,ЭКБ ТЕСТ — надёжный партнёр для вашего бизнеса. Комплексные решения в микроэлектронике. Адекватные цены на производство преобразователей. Разумные сроки. Индивидуальный подход.,Модульные преобразователи ИРТЫШ,modulnye-preobrazovateli-irtysh,proizvodstvo-preobrazovatelej-napryazheniya_section_2
proizvodstvo-preobrazovatelej-napryazheniya_21,Модульный преобразователь DC/DC Иртыш 8 В / 400 Вт ET-F300M-08VP400R23,Y,modulnyj-preobrazovatel-dc-dc-irtysh-8-v-400-vt-et-f300m-08vp400r23,2200,,html,ET-F.jpg,,html,ET-F.jpg,ЭКБ ТЕСТ,DC/DC,ET-F300,ET-F300M-08VP400R23,"""300"" (180..375)",8,full brick,117,"55,9","12,7","""M""  (-55..100)",400,50,,ET-F300.pdf,proizvodstvo-preobrazovatelej-napryazheniya_316####proizvodstvo-preobrazovatelej-napryazheniya_393,Модульный преобразователь DC/DC Иртыш 8 В / 400 Вт ET-F300M-08VP400R23,Модульный преобразователь DC/DC Иртыш 8 В / 400 Вт ET-F300M-08VP400R23⚡Серия «ИРТЫШ»®⚡DC/DC модульные преобразователи ✔ полная «PIN-TO-PIN» совместимость с продукцией VICOR⚡Производство преобразователей напряжения ЭКБ ТЕСТ,ЭКБ ТЕСТ — надёжный партнёр для вашего бизнеса. Комплексные решения в микроэлектронике. Адекватные цены на производство преобразователей. Разумные сроки. Индивидуальный подход.,Модульные преобразователи ИРТЫШ,modulnye-preobrazovateli-irtysh,proizvodstvo-preobrazovatelej-napryazheniya_section_2
proizvodstvo-preobrazovatelej-napryazheniya_22,Модульный преобразователь DC/DC Иртыш 12 В / 600 Вт ET-F300M-12VP600R23,Y,modulnyj-preobrazovatel-dc-dc-irtysh-12-v-600-vt-et-f300m-12vp600r23,2300,,html,ET-F.jpg,,html,ET-F.jpg,ЭКБ ТЕСТ,DC/DC,ET-F300,ET-F300M-12VP600R23,"""300"" (180..375)",12,full brick,117,"55,9","12,7","""M""  (-55..100)",600,50,,ET-F300.pdf,proizvodstvo-preobrazovatelej-napryazheniya_316####proizvodstvo-preobrazovatelej-napryazheniya_394,Модульный преобразователь DC/DC Иртыш 12 В / 600 Вт ET-F300M-12VP600R23,Модульный преобразователь DC/DC Иртыш 12 В / 600 Вт ET-F300M-12VP600R23⚡Серия «ИРТЫШ»®⚡DC/DC модульные преобразователи ✔ полная «PIN-TO-PIN» совместимость с продукцией VICOR⚡Производство преобразователей напряжения ЭКБ ТЕСТ,ЭКБ ТЕСТ — надёжный партнёр для вашего бизнеса. Комплексные решения в микроэлектронике. Адекватные цены на производство преобразователей. Разумные сроки. Индивидуальный подход.,Модульные преобразователи ИРТЫШ,modulnye-preobrazovateli-irtysh,proizvodstvo-preobrazovatelej-napryazheniya_section_2
proizvodstvo-preobrazovatelej-napryazheniya_23,Модульный преобразователь DC/DC Иртыш 15 В / 600 Вт ET-F300M-15VP600R23,Y,modulnyj-preobrazovatel-dc-dc-irtysh-15-v-600-vt-et-f300m-15vp600r23,2400,,html,ET-F.jpg,,html,ET-F.jpg,ЭКБ ТЕСТ,DC/DC,ET-F300,ET-F300M-15VP600R23,"""300"" (180..375)",15,full brick,117,"55,9","12,7","""M""  (-55..100)",600,40,,ET-F300.pdf,proizvodstvo-preobrazovatelej-napryazheniya_316####proizvodstvo-preobrazovatelej-napryazheniya_395,Модульный преобразователь DC/DC Иртыш 15 В / 600 Вт ET-F300M-15VP600R23,Модульный преобразователь DC/DC Иртыш 15 В / 600 Вт ET-F300M-15VP600R23⚡Серия «ИРТЫШ»®⚡DC/DC модульные преобразователи ✔ полная «PIN-TO-PIN» совместимость с продукцией VICOR⚡Производство преобразователей напряжения ЭКБ ТЕСТ,ЭКБ ТЕСТ — надёжный партнёр для вашего бизнеса. Комплексные решения в микроэлектронике. Адекватные цены на производство преобразователей. Разумные сроки. Индивидуальный подход.,Модульные преобразователи ИРТЫШ,modulnye-preobrazovateli-irtysh,proizvodstvo-preobrazovatelej-napryazheniya_section_2
proizvodstvo-preobrazovatelej-napryazheniya_24,Модульный преобразователь DC/DC Иртыш 24 В / 600 Вт ET-F300M-24VP600R23,Y,modulnyj-preobrazovatel-dc-dc-irtysh-24-v-600-vt-et-f300m-24vp600r23,2500,,html,ET-F.jpg,,html,ET-F.jpg,ЭКБ ТЕСТ,DC/DC,ET-F300,ET-F300M-24VP600R23,"""300"" (180..375)",24,full brick,117,"55,9","12,7","""M""  (-55..100)",600,25,,ET-F300.pdf,proizvodstvo-preobrazovatelej-napryazheniya_316####proizvodstvo-preobrazovatelej-napryazheniya_396,Модульный преобразователь DC/DC Иртыш 24 В / 600 Вт ET-F300M-24VP600R23,Модульный преобразователь DC/DC Иртыш 24 В / 600 Вт ET-F300M-24VP600R23⚡Серия «ИРТЫШ»®⚡DC/DC модульные преобразователи ✔ полная «PIN-TO-PIN» совместимость с продукцией VICOR⚡Производство преобразователей напряжения ЭКБ ТЕСТ,ЭКБ ТЕСТ — надёжный партнёр для вашего бизнеса. Комплексные решения в микроэлектронике. Адекватные цены на производство преобразователей. Разумные сроки. Индивидуальный подход.,Модульные преобразователи ИРТЫШ,modulnye-preobrazovateli-irtysh,proizvodstvo-preobrazovatelej-napryazheniya_section_2
proizvodstvo-preobrazovatelej-napryazheniya_25,Модульный преобразователь DC/DC Иртыш 28 В / 600 Вт ET-F300M-28VP600R23,Y,modulnyj-preobrazovatel-dc-dc-irtysh-28-v-600-vt-et-f300m-28vp600r23,2600,,html,ET-F.jpg,,html,ET-F.jpg,ЭКБ ТЕСТ,DC/DC,ET-F300,ET-F300M-28VP600R23,"""300"" (180..375)",28,full brick,117,"55,9","12,7","""M""  (-55..100)",600,"21,5",,ET-F300.pdf,proizvodstvo-preobrazovatelej-napryazheniya_316####proizvodstvo-preobrazovatelej-napryazheniya_397,Модульный преобразователь DC/DC Иртыш 28 В / 600 Вт ET-F300M-28VP600R23,Модульный преобразователь DC/DC Иртыш 28 В / 600 Вт ET-F300M-28VP600R23⚡Серия «ИРТЫШ»®⚡DC/DC модульные преобразователи ✔ полная «PIN-TO-PIN» совместимость с продукцией VICOR⚡Производство преобразователей напряжения ЭКБ ТЕСТ,ЭКБ ТЕСТ — надёжный партнёр для вашего бизнеса. Комплексные решения в микроэлектронике. Адекватные цены на производство преобразователей. Разумные сроки. Индивидуальный подход.,Модульные преобразователи ИРТЫШ,modulnye-preobrazovateli-irtysh,proizvodstvo-preobrazovatelej-napryazheniya_section_2
proizvodstvo-preobrazovatelej-napryazheniya_26,Модульный преобразователь DC/DC Иртыш 36 В / 600 Вт ET-F300M-36VP600R23,Y,modulnyj-preobrazovatel-dc-dc-irtysh-36-v-600-vt-et-f300m-36vp600r23,2700,,html,ET-F.jpg,,html,ET-F.jpg,ЭКБ ТЕСТ,DC/DC,ET-F300,ET-F300M-36VP600R23,"""300"" (180..375)",36,full brick,117,"55,9","12,7","""M""  (-55..100)",600,"16,7",,ET-F300.pdf,proizvodstvo-preobrazovatelej-napryazheniya_316####proizvodstvo-preobrazovatelej-napryazheniya_398,Модульный преобразователь DC/DC Иртыш 36 В / 600 Вт ET-F300M-36VP600R23,Модульный преобразователь DC/DC Иртыш 36 В / 600 Вт ET-F300M-36VP600R23⚡Серия «ИРТЫШ»®⚡DC/DC модульные преобразователи ✔ полная «PIN-TO-PIN» совместимость с продукцией VICOR⚡Производство преобразователей напряжения ЭКБ ТЕСТ,ЭКБ ТЕСТ — надёжный партнёр для вашего бизнеса. Комплексные решения в микроэлектронике. Адекватные цены на производство преобразователей. Разумные сроки. Индивидуальный подход.,Модульные преобразователи ИРТЫШ,modulnye-preobrazovateli-irtysh,proizvodstvo-preobrazovatelej-napryazheniya_section_2
proizvodstvo-preobrazovatelej-napryazheniya_27,Модульный преобразователь DC/DC Иртыш 48 В / 600 Вт ET-F300M-48VP600R23,Y,modulnyj-preobrazovatel-dc-dc-irtysh-48-v-600-vt-et-f300m-48vp600r23,2800,,html,ET-F.jpg,,html,ET-F.jpg,ЭКБ ТЕСТ,DC/DC,ET-F300,ET-F300M-48VP600R23,"""300"" (180..375)",48,full brick,117,"55,9","12,7","""M""  (-55..100)",600,"12,5",,ET-F300.pdf,proizvodstvo-preobrazovatelej-napryazheniya_316####proizvodstvo-preobrazovatelej-napryazheniya_399,Модульный преобразователь DC/DC Иртыш 48 В / 600 Вт ET-F300M-48VP600R23,Модульный преобразователь DC/DC Иртыш 48 В / 600 Вт ET-F300M-48VP600R23⚡Серия «ИРТЫШ»®⚡DC/DC модульные преобразователи ✔ полная «PIN-TO-PIN» совместимость с продукцией VICOR⚡Производство преобразователей напряжения ЭКБ ТЕСТ,ЭКБ ТЕСТ — надёжный партнёр для вашего бизнеса. Комплексные решения в микроэлектронике. Адекватные цены на производство преобразователей. Разумные сроки. Индивидуальный подход.,Модульные преобразователи ИРТЫШ,modulnye-preobrazovateli-irtysh,proizvodstvo-preobrazovatelej-napryazheniya_section_2
proizvodstvo-preobrazovatelej-napryazheniya_28,"Модульный преобразователь DC/DC Иртыш 3,3 В / 150 Вт ET-H300C-3V3P150R23",Y,modulnyj-preobrazovatel-dc-dc-irtysh-3-3-v-150-vt-et-h300c-3v3p150r23,2900,,html,ET-H.jpg,,html,ET-H.jpg,ЭКБ ТЕСТ,DC/DC,ET-H300,ET-H300C-3V3P150R23,"""300"" (180..375)","3,3",1/2 brick,"57,9","55,9","12,7","""C""  (-20..100)",150,"45,4",,ET-H300.pdf,proizvodstvo-preobrazovatelej-napryazheniya_317####,"Модульный преобразователь DC/DC Иртыш 3,3 В / 150 Вт ET-H300C-3V3P150R23","Модульный преобразователь DC/DC Иртыш 3,3 В / 150 Вт ET-H300C-3V3P150R23⚡Серия «ИРТЫШ»®⚡DC/DC модульные преобразователи ✔ полная «PIN-TO-PIN» совместимость с продукцией VICOR⚡Производство преобразователей напряжения ЭКБ ТЕСТ",ЭКБ ТЕСТ — надёжный партнёр для вашего бизнеса. Комплексные решения в микроэлектронике. Адекватные цены на производство преобразователей. Разумные сроки. Индивидуальный подход.,Модульные преобразователи ИРТЫШ,modulnye-preobrazovateli-irtysh,proizvodstvo-preobrazovatelej-napryazheniya_section_2
proizvodstvo-preobrazovatelej-napryazheniya_29,Модульный преобразователь DC/DC Иртыш 5 В / 200 Вт ET-H300C-05VP200R23,Y,modulnyj-preobrazovatel-dc-dc-irtysh-5-v-200-vt-et-h300c-05vp200r23,3000,,html,ET-H.jpg,,html,ET-H.jpg,ЭКБ ТЕСТ,DC/DC,ET-H300,ET-H300C-05VP200R23,"""300"" (180..375)",5,1/2 brick,"57,9","55,9","12,7","""C""  (-20..100)",200,40,,ET-H300.pdf,proizvodstvo-preobrazovatelej-napryazheniya_317####,Модульный преобразователь DC/DC Иртыш 5 В / 200 Вт ET-H300C-05VP200R23,Модульный преобразователь DC/DC Иртыш 5 В / 200 Вт ET-H300C-05VP200R23⚡Серия «ИРТЫШ»®⚡DC/DC модульные преобразователи ✔ полная «PIN-TO-PIN» совместимость с продукцией VICOR⚡Производство преобразователей напряжения ЭКБ ТЕСТ,ЭКБ ТЕСТ — надёжный партнёр для вашего бизнеса. Комплексные решения в микроэлектронике. Адекватные цены на производство преобразователей. Разумные сроки. Индивидуальный подход.,Модульные преобразователи ИРТЫШ,modulnye-preobrazovateli-irtysh,proizvodstvo-preobrazovatelej-napryazheniya_section_2
proizvodstvo-preobrazovatelej-napryazheniya_30,Модульный преобразователь DC/DC Иртыш 8 В / 200 Вт ET-H300C-08VP200R23,Y,modulnyj-preobrazovatel-dc-dc-irtysh-8-v-200-vt-et-h300c-08vp200r23,3100,,html,ET-H.jpg,,html,ET-H.jpg,ЭКБ ТЕСТ,DC/DC,ET-H300,ET-H300C-08VP200R23,"""300"" (180..375)",8,1/2 brick,"57,9","55,9","12,7","""C""  (-20..100)",200,25,,ET-H300.pdf,proizvodstvo-preobrazovatelej-napryazheniya_317####,Модульный преобразователь DC/DC Иртыш 8 В / 200 Вт ET-H300C-08VP200R23,Модульный преобразователь DC/DC Иртыш 8 В / 200 Вт ET-H300C-08VP200R23⚡Серия «ИРТЫШ»®⚡DC/DC модульные преобразователи ✔ полная «PIN-TO-PIN» совместимость с продукцией VICOR⚡Производство преобразователей напряжения ЭКБ ТЕСТ,ЭКБ ТЕСТ — надёжный партнёр для вашего бизнеса. Комплексные решения в микроэлектронике. Адекватные цены на производство преобразователей. Разумные сроки. Индивидуальный подход.,Модульные преобразователи ИРТЫШ,modulnye-preobrazovateli-irtysh,proizvodstvo-preobrazovatelej-napryazheniya_section_2
proizvodstvo-preobrazovatelej-napryazheniya_31,Модульный преобразователь DC/DC Иртыш 12 В / 250 Вт ET-H300C-12VP250R23,Y,modulnyj-preobrazovatel-dc-dc-irtysh-12-v-250-vt-et-h300c-12vp250r23,3200,,html,ET-H.jpg,,html,ET-H.jpg,ЭКБ ТЕСТ,DC/DC,ET-H300,ET-H300C-12VP250R23,"""300"" (180..375)",12,1/2 brick,"57,9","55,9","12,7","""C""  (-20..100)",250,"20,8",,ET-H300.pdf,proizvodstvo-preobrazovatelej-napryazheniya_317####,Модульный преобразователь DC/DC Иртыш 12 В / 250 Вт ET-H300C-12VP250R23,Модульный преобразователь DC/DC Иртыш 12 В / 250 Вт ET-H300C-12VP250R23⚡Серия «ИРТЫШ»®⚡DC/DC модульные преобразователи ✔ полная «PIN-TO-PIN» совместимость с продукцией VICOR⚡Производство преобразователей напряжения ЭКБ ТЕСТ,ЭКБ ТЕСТ — надёжный партнёр для вашего бизнеса. Комплексные решения в микроэлектронике. Адекватные цены на производство преобразователей. Разумные сроки. Индивидуальный подход.,Модульные преобразователи ИРТЫШ,modulnye-preobrazovateli-irtysh,proizvodstvo-preobrazovatelej-napryazheniya_section_2
proizvodstvo-preobrazovatelej-napryazheniya_32,Модульный преобразователь DC/DC Иртыш 15 В / 250 Вт ET-H300C-15VP250R23,Y,modulnyj-preobrazovatel-dc-dc-irtysh-15-v-250-vt-et-h300c-15vp250r23,3300,,html,ET-H.jpg,,html,ET-H.jpg,ЭКБ ТЕСТ,DC/DC,ET-H300,ET-H300C-15VP250R23,"""300"" (180..375)",15,1/2 brick,"57,9","55,9","12,7","""C""  (-20..100)",250,"16,7",,ET-H300.pdf,proizvodstvo-preobrazovatelej-napryazheniya_317####,Модульный преобразователь DC/DC Иртыш 15 В / 250 Вт ET-H300C-15VP250R23,Модульный преобразователь DC/DC Иртыш 15 В / 250 Вт ET-H300C-15VP250R23⚡Серия «ИРТЫШ»®⚡DC/DC модульные преобразователи ✔ полная «PIN-TO-PIN» совместимость с продукцией VICOR⚡Производство преобразователей напряжения ЭКБ ТЕСТ,ЭКБ ТЕСТ — надёжный партнёр для вашего бизнеса. Комплексные решения в микроэлектронике. Адекватные цены на производство преобразователей. Разумные сроки. Индивидуальный подход.,Модульные преобразователи ИРТЫШ,modulnye-preobrazovateli-irtysh,proizvodstvo-preobrazovatelej-napryazheniya_section_2
proizvodstvo-preobrazovatelej-napryazheniya_33,Модульный преобразователь DC/DC Иртыш 24 В / 250 Вт ET-H300C-24VP250R23,Y,modulnyj-preobrazovatel-dc-dc-irtysh-24-v-250-vt-et-h300c-24vp250r23,3400,,html,ET-H.jpg,,html,ET-H.jpg,ЭКБ ТЕСТ,DC/DC,ET-H300,ET-H300C-24VP250R23,"""300"" (180..375)",24,1/2 brick,"57,9","55,9","12,7","""C""  (-20..100)",250,"10,4",,ET-H300.pdf,proizvodstvo-preobrazovatelej-napryazheniya_317####,Модульный преобразователь DC/DC Иртыш 24 В / 250 Вт ET-H300C-24VP250R23,Модульный преобразователь DC/DC Иртыш 24 В / 250 Вт ET-H300C-24VP250R23⚡Серия «ИРТЫШ»®⚡DC/DC модульные преобразователи ✔ полная «PIN-TO-PIN» совместимость с продукцией VICOR⚡Производство преобразователей напряжения ЭКБ ТЕСТ,ЭКБ ТЕСТ — надёжный партнёр для вашего бизнеса. Комплексные решения в микроэлектронике. Адекватные цены на производство преобразователей. Разумные сроки. Индивидуальный подход.,Модульные преобразователи ИРТЫШ,modulnye-preobrazovateli-irtysh,proizvodstvo-preobrazovatelej-napryazheniya_section_2
proizvodstvo-preobrazovatelej-napryazheniya_34,Модульный преобразователь DC/DC Иртыш 28 В / 250 Вт ET-H300C-28VP250R23,Y,modulnyj-preobrazovatel-dc-dc-irtysh-28-v-250-vt-et-h300c-28vp250r23,3500,,html,ET-H.jpg,,html,ET-H.jpg,ЭКБ ТЕСТ,DC/DC,ET-H300,ET-H300C-28VP250R23,"""300"" (180..375)",28,1/2 brick,"57,9","55,9","12,7","""C""  (-20..100)",250,"8,9",,ET-H300.pdf,proizvodstvo-preobrazovatelej-napryazheniya_317####,Модульный преобразователь DC/DC Иртыш 28 В / 250 Вт ET-H300C-28VP250R23,Модульный преобразователь DC/DC Иртыш 28 В / 250 Вт ET-H300C-28VP250R23⚡Серия «ИРТЫШ»®⚡DC/DC модульные преобразователи ✔ полная «PIN-TO-PIN» совместимость с продукцией VICOR⚡Производство преобразователей напряжения ЭКБ ТЕСТ,ЭКБ ТЕСТ — надёжный партнёр для вашего бизнеса. Комплексные решения в микроэлектронике. Адекватные цены на производство преобразователей. Разумные сроки. Индивидуальный подход.,Модульные преобразователи ИРТЫШ,modulnye-preobrazovateli-irtysh,proizvodstvo-preobrazovatelej-napryazheniya_section_2
proizvodstvo-preobrazovatelej-napryazheniya_35,Модульный преобразователь DC/DC Иртыш 36 В / 250 Вт ET-H300C-36VP250R23,Y,modulnyj-preobrazovatel-dc-dc-irtysh-36-v-250-vt-et-h300c-36vp250r23,3600,,html,ET-H.jpg,,html,ET-H.jpg,ЭКБ ТЕСТ,DC/DC,ET-H300,ET-H300C-36VP250R23,"""300"" (180..375)",36,1/2 brick,"57,9","55,9","12,7","""C""  (-20..100)",250,"6,9",,ET-H300.pdf,proizvodstvo-preobrazovatelej-napryazheniya_317####,Модульный преобразователь DC/DC Иртыш 36 В / 250 Вт ET-H300C-36VP250R23,Модульный преобразователь DC/DC Иртыш 36 В / 250 Вт ET-H300C-36VP250R23⚡Серия «ИРТЫШ»®⚡DC/DC модульные преобразователи ✔ полная «PIN-TO-PIN» совместимость с продукцией VICOR⚡Производство преобразователей напряжения ЭКБ ТЕСТ,ЭКБ ТЕСТ — надёжный партнёр для вашего бизнеса. Комплексные решения в микроэлектронике. Адекватные цены на производство преобразователей. Разумные сроки. Индивидуальный подход.,Модульные преобразователи ИРТЫШ,modulnye-preobrazovateli-irtysh,proizvodstvo-preobrazovatelej-napryazheniya_section_2
proizvodstvo-preobrazovatelej-napryazheniya_36,Модульный преобразователь DC/DC Иртыш 48 В / 250 Вт ET-H300C-48VP250R23,Y,modulnyj-preobrazovatel-dc-dc-irtysh-48-v-250-vt-et-h300c-48vp250r23,3700,,html,ET-H.jpg,,html,ET-H.jpg,ЭКБ ТЕСТ,DC/DC,ET-H300,ET-H300C-48VP250R23,"""300"" (180..375)",48,1/2 brick,"57,9","55,9","12,7","""C""  (-20..100)",250,"5,2",,ET-H300.pdf,proizvodstvo-preobrazovatelej-napryazheniya_317####,Модульный преобразователь DC/DC Иртыш 48 В / 250 Вт ET-H300C-48VP250R23,Модульный преобразователь DC/DC Иртыш 48 В / 250 Вт ET-H300C-48VP250R23⚡Серия «ИРТЫШ»®⚡DC/DC модульные преобразователи ✔ полная «PIN-TO-PIN» совместимость с продукцией VICOR⚡Производство преобразователей напряжения ЭКБ ТЕСТ,ЭКБ ТЕСТ — надёжный партнёр для вашего бизнеса. Комплексные решения в микроэлектронике. Адекватные цены на производство преобразователей. Разумные сроки. Индивидуальный подход.,Модульные преобразователи ИРТЫШ,modulnye-preobrazovateli-irtysh,proizvodstvo-preobrazovatelej-napryazheniya_section_2
proizvodstvo-preobrazovatelej-napryazheniya_37,"Модульный преобразователь DC/DC Иртыш 3,3 В / 150 Вт ET-H300H-3V3P150R23",Y,modulnyj-preobrazovatel-dc-dc-irtysh-3-3-v-150-vt-et-h300h-3v3p150r23,3800,,html,ET-H.jpg,,html,ET-H.jpg,ЭКБ ТЕСТ,DC/DC,ET-H300,ET-H300H-3V3P150R23,"""300"" (180..375)","3,3",1/2 brick,"57,9","55,9","12,7","""H""  (-40..100)",150,"45,4",,ET-H300.pdf,proizvodstvo-preobrazovatelej-napryazheniya_317####proizvodstvo-preobrazovatelej-napryazheniya_400,"Модульный преобразователь DC/DC Иртыш 3,3 В / 150 Вт ET-H300H-3V3P150R23","Модульный преобразователь DC/DC Иртыш 3,3 В / 150 Вт ET-H300H-3V3P150R23⚡Серия «ИРТЫШ»®⚡DC/DC модульные преобразователи ✔ полная «PIN-TO-PIN» совместимость с продукцией VICOR⚡Производство преобразователей напряжения ЭКБ ТЕСТ",ЭКБ ТЕСТ — надёжный партнёр для вашего бизнеса. Комплексные решения в микроэлектронике. Адекватные цены на производство преобразователей. Разумные сроки. Индивидуальный подход.,Модульные преобразователи ИРТЫШ,modulnye-preobrazovateli-irtysh,proizvodstvo-preobrazovatelej-napryazheniya_section_2
proizvodstvo-preobrazovatelej-napryazheniya_38,Модульный преобразователь DC/DC Иртыш 5 В / 200 Вт ET-H300H-05VP200R23,Y,modulnyj-preobrazovatel-dc-dc-irtysh-5-v-200-vt-et-h300h-05vp200r23,3900,,html,ET-H.jpg,,html,ET-H.jpg,ЭКБ ТЕСТ,DC/DC,ET-H300,ET-H300H-05VP200R23,"""300"" (180..375)",5,1/2 brick,"57,9","55,9","12,7","""H""  (-40..100)",200,40,,ET-H300.pdf,proizvodstvo-preobrazovatelej-napryazheniya_317####proizvodstvo-preobrazovatelej-napryazheniya_401,Модульный преобразователь DC/DC Иртыш 5 В / 200 Вт ET-H300H-05VP200R23,Модульный преобразователь DC/DC Иртыш 5 В / 200 Вт ET-H300H-05VP200R23⚡Серия «ИРТЫШ»®⚡DC/DC модульные преобразователи ✔ полная «PIN-TO-PIN» совместимость с продукцией VICOR⚡Производство преобразователей напряжения ЭКБ ТЕСТ,ЭКБ ТЕСТ — надёжный партнёр для вашего бизнеса. Комплексные решения в микроэлектронике. Адекватные цены на производство преобразователей. Разумные сроки. Индивидуальный подход.,Модульные преобразователи ИРТЫШ,modulnye-preobrazovateli-irtysh,proizvodstvo-preobrazovatelej-napryazheniya_section_2
proizvodstvo-preobrazovatelej-napryazheniya_39,Модульный преобразователь DC/DC Иртыш 8 В / 200 Вт ET-H300H-08VP200R23,Y,modulnyj-preobrazovatel-dc-dc-irtysh-8-v-200-vt-et-h300h-08vp200r23,4000,,html,ET-H.jpg,,html,ET-H.jpg,ЭКБ ТЕСТ,DC/DC,ET-H300,ET-H300H-08VP200R23,"""300"" (180..375)",8,1/2 brick,"57,9","55,9","12,7","""H""  (-40..100)",200,25,,ET-H300.pdf,proizvodstvo-preobrazovatelej-napryazheniya_317####proizvodstvo-preobrazovatelej-napryazheniya_402,Модульный преобразователь DC/DC Иртыш 8 В / 200 Вт ET-H300H-08VP200R23,Модульный преобразователь DC/DC Иртыш 8 В / 200 Вт ET-H300H-08VP200R23⚡Серия «ИРТЫШ»®⚡DC/DC модульные преобразователи ✔ полная «PIN-TO-PIN» совместимость с продукцией VICOR⚡Производство преобразователей напряжения ЭКБ ТЕСТ,ЭКБ ТЕСТ — надёжный партнёр для вашего бизнеса. Комплексные решения в микроэлектронике. Адекватные цены на производство преобразователей. Разумные сроки. Индивидуальный подход.,Модульные преобразователи ИРТЫШ,modulnye-preobrazovateli-irtysh,proizvodstvo-preobrazovatelej-napryazheniya_section_2
proizvodstvo-preobrazovatelej-napryazheniya_40,Модульный преобразователь DC/DC Иртыш 12 В / 250 Вт ET-H300H-12VP250R23,Y,modulnyj-preobrazovatel-dc-dc-irtysh-12-v-250-vt-et-h300h-12vp250r23,4100,,html,ET-H.jpg,,html,ET-H.jpg,ЭКБ ТЕСТ,DC/DC,ET-H300,ET-H300H-12VP250R23,"""300"" (180..375)",12,1/2 brick,"57,9","55,9","12,7","""H""  (-40..100)",250,"20,8",,ET-H300.pdf,proizvodstvo-preobrazovatelej-napryazheniya_317####proizvodstvo-preobrazovatelej-napryazheniya_403,Модульный преобразователь DC/DC Иртыш 12 В / 250 Вт ET-H300H-12VP250R23,Модульный преобразователь DC/DC Иртыш 12 В / 250 Вт ET-H300H-12VP250R23⚡Серия «ИРТЫШ»®⚡DC/DC модульные преобразователи ✔ полная «PIN-TO-PIN» совместимость с продукцией VICOR⚡Производство преобразователей напряжения ЭКБ ТЕСТ,ЭКБ ТЕСТ — надёжный партнёр для вашего бизнеса. Комплексные решения в микроэлектронике. Адекватные цены на производство преобразователей. Разумные сроки. Индивидуальный подход.,Модульные преобразователи ИРТЫШ,modulnye-preobrazovateli-irtysh,proizvodstvo-preobrazovatelej-napryazheniya_section_2
proizvodstvo-preobrazovatelej-napryazheniya_41,Модульный преобразователь DC/DC Иртыш 15 В / 250 Вт ET-H300H-15VP250R23,Y,modulnyj-preobrazovatel-dc-dc-irtysh-15-v-250-vt-et-h300h-15vp250r23,4200,,html,ET-H.jpg,,html,ET-H.jpg,ЭКБ ТЕСТ,DC/DC,ET-H300,ET-H300H-15VP250R23,"""300"" (180..375)",15,1/2 brick,"57,9","55,9","12,7","""H""  (-40..100)",250,"16,7",,ET-H300.pdf,proizvodstvo-preobrazovatelej-napryazheniya_317####proizvodstvo-preobrazovatelej-napryazheniya_404,Модульный преобразователь DC/DC Иртыш 15 В / 250 Вт ET-H300H-15VP250R23,Модульный преобразователь DC/DC Иртыш 15 В / 250 Вт ET-H300H-15VP250R23⚡Серия «ИРТЫШ»®⚡DC/DC модульные преобразователи ✔ полная «PIN-TO-PIN» совместимость с продукцией VICOR⚡Производство преобразователей напряжения ЭКБ ТЕСТ,ЭКБ ТЕСТ — надёжный партнёр для вашего бизнеса. Комплексные решения в микроэлектронике. Адекватные цены на производство преобразователей. Разумные сроки. Индивидуальный подход.,Модульные преобразователи ИРТЫШ,modulnye-preobrazovateli-irtysh,proizvodstvo-preobrazovatelej-napryazheniya_section_2
proizvodstvo-preobrazovatelej-napryazheniya_42,Модульный преобразователь DC/DC Иртыш 24 В / 250 Вт ET-H300H-24VP250R23,Y,modulnyj-preobrazovatel-dc-dc-irtysh-24-v-250-vt-et-h300h-24vp250r23,4300,,html,ET-H.jpg,,html,ET-H.jpg,ЭКБ ТЕСТ,DC/DC,ET-H300,ET-H300H-24VP250R23,"""300"" (180..375)",24,1/2 brick,"57,9","55,9","12,7","""H""  (-40..100)",250,"10,4",,ET-H300.pdf,proizvodstvo-preobrazovatelej-napryazheniya_317####proizvodstvo-preobrazovatelej-napryazheniya_405,Модульный преобразователь DC/DC Иртыш 24 В / 250 Вт ET-H300H-24VP250R23,Модульный преобразователь DC/DC Иртыш 24 В / 250 Вт ET-H300H-24VP250R23⚡Серия «ИРТЫШ»®⚡DC/DC модульные преобразователи ✔ полная «PIN-TO-PIN» совместимость с продукцией VICOR⚡Производство преобразователей напряжения ЭКБ ТЕСТ,ЭКБ ТЕСТ — надёжный партнёр для вашего бизнеса. Комплексные решения в микроэлектронике. Адекватные цены на производство преобразователей. Разумные сроки. Индивидуальный подход.,Модульные преобразователи ИРТЫШ,modulnye-preobrazovateli-irtysh,proizvodstvo-preobrazovatelej-napryazheniya_section_2
proizvodstvo-preobrazovatelej-napryazheniya_43,Модульный преобразователь DC/DC Иртыш 28 В / 250 Вт ET-H300H-28VP250R23,Y,modulnyj-preobrazovatel-dc-dc-irtysh-28-v-250-vt-et-h300h-28vp250r23,4400,,html,ET-H.jpg,,html,ET-H.jpg,ЭКБ ТЕСТ,DC/DC,ET-H300,ET-H300H-28VP250R23,"""300"" (180..375)",28,1/2 brick,"57,9","55,9","12,7","""H""  (-40..100)",250,"8,9",,ET-H300.pdf,proizvodstvo-preobrazovatelej-napryazheniya_317####proizvodstvo-preobrazovatelej-napryazheniya_406,Модульный преобразователь DC/DC Иртыш 28 В / 250 Вт ET-H300H-28VP250R23,Модульный преобразователь DC/DC Иртыш 28 В / 250 Вт ET-H300H-28VP250R23⚡Серия «ИРТЫШ»®⚡DC/DC модульные преобразователи ✔ полная «PIN-TO-PIN» совместимость с продукцией VICOR⚡Производство преобразователей напряжения ЭКБ ТЕСТ,ЭКБ ТЕСТ — надёжный партнёр для вашего бизнеса. Комплексные решения в микроэлектронике. Адекватные цены на производство преобразователей. Разумные сроки. Индивидуальный подход.,Модульные преобразователи ИРТЫШ,modulnye-preobrazovateli-irtysh,proizvodstvo-preobrazovatelej-napryazheniya_section_2
proizvodstvo-preobrazovatelej-napryazheniya_44,Модульный преобразователь DC/DC Иртыш 36 В / 250 Вт ET-H300H-36VP250R23,Y,modulnyj-preobrazovatel-dc-dc-irtysh-36-v-250-vt-et-h300h-36vp250r23,4500,,html,ET-H.jpg,,html,ET-H.jpg,ЭКБ ТЕСТ,DC/DC,ET-H300,ET-H300H-36VP250R23,"""300"" (180..375)",36,1/2 brick,"57,9","55,9","12,7","""H""  (-40..100)",250,"6,9",,ET-H300.pdf,proizvodstvo-preobrazovatelej-napryazheniya_317####proizvodstvo-preobrazovatelej-napryazheniya_407,Модульный преобразователь DC/DC Иртыш 36 В / 250 Вт ET-H300H-36VP250R23,Модульный преобразователь DC/DC Иртыш 36 В / 250 Вт ET-H300H-36VP250R23⚡Серия «ИРТЫШ»®⚡DC/DC модульные преобразователи ✔ полная «PIN-TO-PIN» совместимость с продукцией VICOR⚡Производство преобразователей напряжения ЭКБ ТЕСТ,ЭКБ ТЕСТ — надёжный партнёр для вашего бизнеса. Комплексные решения в микроэлектронике. Адекватные цены на производство преобразователей. Разумные сроки. Индивидуальный подход.,Модульные преобразователи ИРТЫШ,modulnye-preobrazovateli-irtysh,proizvodstvo-preobrazovatelej-napryazheniya_section_2
proizvodstvo-preobrazovatelej-napryazheniya_45,Модульный преобразователь DC/DC Иртыш 48 В / 250 Вт ET-H300H-48VP250R23,Y,modulnyj-preobrazovatel-dc-dc-irtysh-48-v-250-vt-et-h300h-48vp250r23,4600,,html,ET-H.jpg,,html,ET-H.jpg,ЭКБ ТЕСТ,DC/DC,ET-H300,ET-H300H-48VP250R23,"""300"" (180..375)",48,1/2 brick,"57,9","55,9","12,7","""H""  (-40..100)",250,"5,2",,ET-H300.pdf,proizvodstvo-preobrazovatelej-napryazheniya_317####proizvodstvo-preobrazovatelej-napryazheniya_408,Модульный преобразователь DC/DC Иртыш 48 В / 250 Вт ET-H300H-48VP250R23,Модульный преобразователь DC/DC Иртыш 48 В / 250 Вт ET-H300H-48VP250R23⚡Серия «ИРТЫШ»®⚡DC/DC модульные преобразователи ✔ полная «PIN-TO-PIN» совместимость с продукцией VICOR⚡Производство преобразователей напряжения ЭКБ ТЕСТ,ЭКБ ТЕСТ — надёжный партнёр для вашего бизнеса. Комплексные решения в микроэлектронике. Адекватные цены на производство преобразователей. Разумные сроки. Индивидуальный подход.,Модульные преобразователи ИРТЫШ,modulnye-preobrazovateli-irtysh,proizvodstvo-preobrazovatelej-napryazheniya_section_2
proizvodstvo-preobrazovatelej-napryazheniya_46,"Модульный преобразователь DC/DC Иртыш 3,3 В / 150 Вт ET-H300M-3V3P150R23",Y,modulnyj-preobrazovatel-dc-dc-irtysh-3-3-v-150-vt-et-h300m-3v3p150r23,4700,,html,ET-H.jpg,,html,ET-H.jpg,ЭКБ ТЕСТ,DC/DC,ET-H300,ET-H300M-3V3P150R23,"""300"" (180..375)","3,3",1/2 brick,"57,9","55,9","12,7","""M""  (-55..100)",150,"45,4",,ET-H300.pdf,proizvodstvo-preobrazovatelej-napryazheniya_317####proizvodstvo-preobrazovatelej-napryazheniya_409,"Модульный преобразователь DC/DC Иртыш 3,3 В / 150 Вт ET-H300M-3V3P150R23","Модульный преобразователь DC/DC Иртыш 3,3 В / 150 Вт ET-H300M-3V3P150R23⚡Серия «ИРТЫШ»®⚡DC/DC модульные преобразователи ✔ полная «PIN-TO-PIN» совместимость с продукцией VICOR⚡Производство преобразователей напряжения ЭКБ ТЕСТ",ЭКБ ТЕСТ — надёжный партнёр для вашего бизнеса. Комплексные решения в микроэлектронике. Адекватные цены на производство преобразователей. Разумные сроки. Индивидуальный подход.,Модульные преобразователи ИРТЫШ,modulnye-preobrazovateli-irtysh,proizvodstvo-preobrazovatelej-napryazheniya_section_2
proizvodstvo-preobrazovatelej-napryazheniya_47,Модульный преобразователь DC/DC Иртыш 5 В / 200 Вт ET-H300M-05VP200R23,Y,modulnyj-preobrazovatel-dc-dc-irtysh-5-v-200-vt-et-h300m-05vp200r23,4800,,html,ET-H.jpg,,html,ET-H.jpg,ЭКБ ТЕСТ,DC/DC,ET-H300,ET-H300M-05VP200R23,"""300"" (180..375)",5,1/2 brick,"57,9","55,9","12,7","""M""  (-55..100)",200,40,,ET-H300.pdf,proizvodstvo-preobrazovatelej-napryazheniya_317####proizvodstvo-preobrazovatelej-napryazheniya_410,Модульный преобразователь DC/DC Иртыш 5 В / 200 Вт ET-H300M-05VP200R23,Модульный преобразователь DC/DC Иртыш 5 В / 200 Вт ET-H300M-05VP200R23⚡Серия «ИРТЫШ»®⚡DC/DC модульные преобразователи ✔ полная «PIN-TO-PIN» совместимость с продукцией VICOR⚡Производство преобразователей напряжения ЭКБ ТЕСТ,ЭКБ ТЕСТ — надёжный партнёр для вашего бизнеса. Комплексные решения в микроэлектронике. Адекватные цены на производство преобразователей. Разумные сроки. Индивидуальный подход.,Модульные преобразователи ИРТЫШ,modulnye-preobrazovateli-irtysh,proizvodstvo-preobrazovatelej-napryazheniya_section_2
proizvodstvo-preobrazovatelej-napryazheniya_48,Модульный преобразователь DC/DC Иртыш 8 В / 200 Вт ET-H300M-08VP200R23,Y,modulnyj-preobrazovatel-dc-dc-irtysh-8-v-200-vt-et-h300m-08vp200r23,4900,,html,ET-H.jpg,,html,ET-H.jpg,ЭКБ ТЕСТ,DC/DC,ET-H300,ET-H300M-08VP200R23,"""300"" (180..375)",8,1/2 brick,"57,9","55,9","12,7","""M""  (-55..100)",200,25,,ET-H300.pdf,proizvodstvo-preobrazovatelej-napryazheniya_317####proizvodstvo-preobrazovatelej-napryazheniya_411,Модульный преобразователь DC/DC Иртыш 8 В / 200 Вт ET-H300M-08VP200R23,Модульный преобразователь DC/DC Иртыш 8 В / 200 Вт ET-H300M-08VP200R23⚡Серия «ИРТЫШ»®⚡DC/DC модульные преобразователи ✔ полная «PIN-TO-PIN» совместимость с продукцией VICOR⚡Производство преобразователей напряжения ЭКБ ТЕСТ,ЭКБ ТЕСТ — надёжный партнёр для вашего бизнеса. Комплексные решения в микроэлектронике. Адекватные цены на производство преобразователей. Разумные сроки. Индивидуальный подход.,Модульные преобразователи ИРТЫШ,modulnye-preobrazovateli-irtysh,proizvodstvo-preobrazovatelej-napryazheniya_section_2
proizvodstvo-preobrazovatelej-napryazheniya_49,Модульный преобразователь DC/DC Иртыш 12 В / 250 Вт ET-H300M-12VP250R23,Y,modulnyj-preobrazovatel-dc-dc-irtysh-12-v-250-vt-et-h300m-12vp250r23,5000,,html,ET-H.jpg,,html,ET-H.jpg,ЭКБ ТЕСТ,DC/DC,ET-H300,ET-H300M-12VP250R23,"""300"" (180..375)",12,1/2 brick,"57,9","55,9","12,7","""M""  (-55..100)",250,"20,8",,ET-H300.pdf,proizvodstvo-preobrazovatelej-napryazheniya_317####proizvodstvo-preobrazovatelej-napryazheniya_412,Модульный преобразователь DC/DC Иртыш 12 В / 250 Вт ET-H300M-12VP250R23,Модульный преобразователь DC/DC Иртыш 12 В / 250 Вт ET-H300M-12VP250R23⚡Серия «ИРТЫШ»®⚡DC/DC модульные преобразователи ✔ полная «PIN-TO-PIN» совместимость с продукцией VICOR⚡Производство преобразователей напряжения ЭКБ ТЕСТ,ЭКБ ТЕСТ — надёжный партнёр для вашего бизнеса. Комплексные решения в микроэлектронике. Адекватные цены на производство преобразователей. Разумные сроки. Индивидуальный подход.,Модульные преобразователи ИРТЫШ,modulnye-preobrazovateli-irtysh,proizvodstvo-preobrazovatelej-napryazheniya_section_2
proizvodstvo-preobrazovatelej-napryazheniya_50,Модульный преобразователь DC/DC Иртыш 15 В / 250 Вт ET-H300M-15VP250R23,Y,modulnyj-preobrazovatel-dc-dc-irtysh-15-v-250-vt-et-h300m-15vp250r23,5100,,html,ET-H.jpg,,html,ET-H.jpg,ЭКБ ТЕСТ,DC/DC,ET-H300,ET-H300M-15VP250R23,"""300"" (180..375)",15,1/2 brick,"57,9","55,9","12,7","""M""  (-55..100)",250,"16,7",,ET-H300.pdf,proizvodstvo-preobrazovatelej-napryazheniya_317####proizvodstvo-preobrazovatelej-napryazheniya_413,Модульный преобразователь DC/DC Иртыш 15 В / 250 Вт ET-H300M-15VP250R23,Модульный преобразователь DC/DC Иртыш 15 В / 250 Вт ET-H300M-15VP250R23⚡Серия «ИРТЫШ»®⚡DC/DC модульные преобразователи ✔ полная «PIN-TO-PIN» совместимость с продукцией VICOR⚡Производство преобразователей напряжения ЭКБ ТЕСТ,ЭКБ ТЕСТ — надёжный партнёр для вашего бизнеса. Комплексные решения в микроэлектронике. Адекватные цены на производство преобразователей. Разумные сроки. Индивидуальный подход.,Модульные преобразователи ИРТЫШ,modulnye-preobrazovateli-irtysh,proizvodstvo-preobrazovatelej-napryazheniya_section_2
proizvodstvo-preobrazovatelej-napryazheniya_51,Модульный преобразователь DC/DC Иртыш 24 В / 250 Вт ET-H300M-24VP250R23,Y,modulnyj-preobrazovatel-dc-dc-irtysh-24-v-250-vt-et-h300m-24vp250r23,5200,,html,ET-H.jpg,,html,ET-H.jpg,ЭКБ ТЕСТ,DC/DC,ET-H300,ET-H300M-24VP250R23,"""300"" (180..375)",24,1/2 brick,"57,9","55,9","12,7","""M""  (-55..100)",250,"10,4",,ET-H300.pdf,proizvodstvo-preobrazovatelej-napryazheniya_317####proizvodstvo-preobrazovatelej-napryazheniya_414,Модульный преобразователь DC/DC Иртыш 24 В / 250 Вт ET-H300M-24VP250R23,Модульный преобразователь DC/DC Иртыш 24 В / 250 Вт ET-H300M-24VP250R23⚡Серия «ИРТЫШ»®⚡DC/DC модульные преобразователи ✔ полная «PIN-TO-PIN» совместимость с продукцией VICOR⚡Производство преобразователей напряжения ЭКБ ТЕСТ,ЭКБ ТЕСТ — надёжный партнёр для вашего бизнеса. Комплексные решения в микроэлектронике. Адекватные цены на производство преобразователей. Разумные сроки. Индивидуальный подход.,Модульные преобразователи ИРТЫШ,modulnye-preobrazovateli-irtysh,proizvodstvo-preobrazovatelej-napryazheniya_section_2
proizvodstvo-preobrazovatelej-napryazheniya_52,Модульный преобразователь DC/DC Иртыш 28 В / 250 Вт ET-H300M-28VP250R23,Y,modulnyj-preobrazovatel-dc-dc-irtysh-28-v-250-vt-et-h300m-28vp250r23,5300,,html,ET-H.jpg,,html,ET-H.jpg,ЭКБ ТЕСТ,DC/DC,ET-H300,ET-H300M-28VP250R23,"""300"" (180..375)",28,1/2 brick,"57,9","55,9","12,7","""M""  (-55..100)",250,"8,9",,ET-H300.pdf,proizvodstvo-preobrazovatelej-napryazheniya_317####proizvodstvo-preobrazovatelej-napryazheniya_415,Модульный преобразователь DC/DC Иртыш 28 В / 250 Вт ET-H300M-28VP250R23,Модульный преобразователь DC/DC Иртыш 28 В / 250 Вт ET-H300M-28VP250R23⚡Серия «ИРТЫШ»®⚡DC/DC модульные преобразователи ✔ полная «PIN-TO-PIN» совместимость с продукцией VICOR⚡Производство преобразователей напряжения ЭКБ ТЕСТ,ЭКБ ТЕСТ — надёжный партнёр для вашего бизнеса. Комплексные решения в микроэлектронике. Адекватные цены на производство преобразователей. Разумные сроки. Индивидуальный подход.,Модульные преобразователи ИРТЫШ,modulnye-preobrazovateli-irtysh,proizvodstvo-preobrazovatelej-napryazheniya_section_2
proizvodstvo-preobrazovatelej-napryazheniya_53,Модульный преобразователь DC/DC Иртыш 36 В / 250 Вт ET-H300M-36VP250R23,Y,modulnyj-preobrazovatel-dc-dc-irtysh-36-v-250-vt-et-h300m-36vp250r23,5400,,html,ET-H.jpg,,html,ET-H.jpg,ЭКБ ТЕСТ,DC/DC,ET-H300,ET-H300M-36VP250R23,"""300"" (180..375)",36,1/2 brick,"57,9","55,9","12,7","""M""  (-55..100)",250,"6,9",,ET-H300.pdf,proizvodstvo-preobrazovatelej-napryazheniya_317####proizvodstvo-preobrazovatelej-napryazheniya_416,Модульный преобразователь DC/DC Иртыш 36 В / 250 Вт ET-H300M-36VP250R23,Модульный преобразователь DC/DC Иртыш 36 В / 250 Вт ET-H300M-36VP250R23⚡Серия «ИРТЫШ»®⚡DC/DC модульные преобразователи ✔ полная «PIN-TO-PIN» совместимость с продукцией VICOR⚡Производство преобразователей напряжения ЭКБ ТЕСТ,ЭКБ ТЕСТ — надёжный партнёр для вашего бизнеса. Комплексные решения в микроэлектронике. Адекватные цены на производство преобразователей. Разумные сроки. Индивидуальный подход.,Модульные преобразователи ИРТЫШ,modulnye-preobrazovateli-irtysh,proizvodstvo-preobrazovatelej-napryazheniya_section_2
proizvodstvo-preobrazovatelej-napryazheniya_54,Модульный преобразователь DC/DC Иртыш 48 В / 250 Вт ET-H300M-48VP250R23,Y,modulnyj-preobrazovatel-dc-dc-irtysh-48-v-250-vt-et-h300m-48vp250r23,5500,,html,ET-H.jpg,,html,ET-H.jpg,ЭКБ ТЕСТ,DC/DC,ET-H300,ET-H300M-48VP250R23,"""300"" (180..375)",48,1/2 brick,"57,9","55,9","12,7","""M""  (-55..100)",250,"5,2",,ET-H300.pdf,proizvodstvo-preobrazovatelej-napryazheniya_317####proizvodstvo-preobrazovatelej-napryazheniya_417,Модульный преобразователь DC/DC Иртыш 48 В / 250 Вт ET-H300M-48VP250R23,Модульный преобразователь DC/DC Иртыш 48 В / 250 Вт ET-H300M-48VP250R23⚡Серия «ИРТЫШ»®⚡DC/DC модульные преобразователи ✔ полная «PIN-TO-PIN» совместимость с продукцией VICOR⚡Производство преобразователей напряжения ЭКБ ТЕСТ,ЭКБ ТЕСТ — надёжный партнёр для вашего бизнеса. Комплексные решения в микроэлектронике. Адекватные цены на производство преобразователей. Разумные сроки. Индивидуальный подход.,Модульные преобразователи ИРТЫШ,modulnye-preobrazovateli-irtysh,proizvodstvo-preobrazovatelej-napryazheniya_section_2
proizvodstvo-preobrazovatelej-napryazheniya_55,"Модульный преобразователь DC/DC Иртыш 3,3 В / 150 Вт ET-Q300C-3V3P075R23",Y,modulnyj-preobrazovatel-dc-dc-irtysh-3-3-v-150-vt-et-q300c-3v3p075r23,5600,,html,ET-Q.jpg,,html,ET-Q.jpg,ЭКБ ТЕСТ,DC/DC,ET-Q300,ET-Q300C-3V3P075R23,"""300"" (180..375)","3,3",1/4 brick,"57,9","36,8","12,7","""C""  (-20..100)",150,"22,7",,ET-Q300.pdf,proizvodstvo-preobrazovatelej-napryazheniya_318####,"Модульный преобразователь DC/DC Иртыш 3,3 В / 150 Вт ET-Q300C-3V3P075R23","Модульный преобразователь DC/DC Иртыш 3,3 В / 150 Вт ET-Q300C-3V3P075R23⚡Серия «ИРТЫШ»®⚡DC/DC модульные преобразователи ✔ полная «PIN-TO-PIN» совместимость с продукцией VICOR⚡Производство преобразователей напряжения ЭКБ ТЕСТ",ЭКБ ТЕСТ — надёжный партнёр для вашего бизнеса. Комплексные решения в микроэлектронике. Адекватные цены на производство преобразователей. Разумные сроки. Индивидуальный подход.,Модульные преобразователи ИРТЫШ,modulnye-preobrazovateli-irtysh,proizvodstvo-preobrazovatelej-napryazheniya_section_2
proizvodstvo-preobrazovatelej-napryazheniya_56,Модульный преобразователь DC/DC Иртыш 5 В / 200 Вт ET-Q300C-05VP100R23,Y,modulnyj-preobrazovatel-dc-dc-irtysh-5-v-200-vt-et-q300c-05vp100r23,5700,,html,ET-Q.jpg,,html,ET-Q.jpg,ЭКБ ТЕСТ,DC/DC,ET-Q300,ET-Q300C-05VP100R23,"""300"" (180..375)",5,1/4 brick,"57,9","36,8","12,7","""C""  (-20..100)",200,20,,ET-Q300.pdf,proizvodstvo-preobrazovatelej-napryazheniya_318####,Модульный преобразователь DC/DC Иртыш 5 В / 200 Вт ET-Q300C-05VP100R23,Модульный преобразователь DC/DC Иртыш 5 В / 200 Вт ET-Q300C-05VP100R23⚡Серия «ИРТЫШ»®⚡DC/DC модульные преобразователи ✔ полная «PIN-TO-PIN» совместимость с продукцией VICOR⚡Производство преобразователей напряжения ЭКБ ТЕСТ,ЭКБ ТЕСТ — надёжный партнёр для вашего бизнеса. Комплексные решения в микроэлектронике. Адекватные цены на производство преобразователей. Разумные сроки. Индивидуальный подход.,Модульные преобразователи ИРТЫШ,modulnye-preobrazovateli-irtysh,proizvodstvo-preobrazovatelej-napryazheniya_section_2
proizvodstvo-preobrazovatelej-napryazheniya_57,Модульный преобразователь DC/DC Иртыш 8 В / 200 Вт ET-Q300C-08VP100R23,Y,modulnyj-preobrazovatel-dc-dc-irtysh-8-v-200-vt-et-q300c-08vp100r23,5800,,html,ET-Q.jpg,,html,ET-Q.jpg,ЭКБ ТЕСТ,DC/DC,ET-Q300,ET-Q300C-08VP100R23,"""300"" (180..375)",8,1/4 brick,"57,9","36,8","12,7","""C""  (-20..100)",200,"12,5",,ET-Q300.pdf,proizvodstvo-preobrazovatelej-napryazheniya_318####,Модульный преобразователь DC/DC Иртыш 8 В / 200 Вт ET-Q300C-08VP100R23,Модульный преобразователь DC/DC Иртыш 8 В / 200 Вт ET-Q300C-08VP100R23⚡Серия «ИРТЫШ»®⚡DC/DC модульные преобразователи ✔ полная «PIN-TO-PIN» совместимость с продукцией VICOR⚡Производство преобразователей напряжения ЭКБ ТЕСТ,ЭКБ ТЕСТ — надёжный партнёр для вашего бизнеса. Комплексные решения в микроэлектронике. Адекватные цены на производство преобразователей. Разумные сроки. Индивидуальный подход.,Модульные преобразователи ИРТЫШ,modulnye-preobrazovateli-irtysh,proizvodstvo-preobrazovatelej-napryazheniya_section_2
proizvodstvo-preobrazovatelej-napryazheniya_58,Модульный преобразователь DC/DC Иртыш 12 В / 250 Вт ET-Q300C-12VP150R23,Y,modulnyj-preobrazovatel-dc-dc-irtysh-12-v-250-vt-et-q300c-12vp150r23,5900,,html,ET-Q.jpg,,html,ET-Q.jpg,ЭКБ ТЕСТ,DC/DC,ET-Q300,ET-Q300C-12VP150R23,"""300"" (180..375)",12,1/4 brick,"57,9","36,8","12,7","""C""  (-20..100)",250,"12,5",,ET-Q300.pdf,proizvodstvo-preobrazovatelej-napryazheniya_318####,Модульный преобразователь DC/DC Иртыш 12 В / 250 Вт ET-Q300C-12VP150R23,Модульный преобразователь DC/DC Иртыш 12 В / 250 Вт ET-Q300C-12VP150R23⚡Серия «ИРТЫШ»®⚡DC/DC модульные преобразователи ✔ полная «PIN-TO-PIN» совместимость с продукцией VICOR⚡Производство преобразователей напряжения ЭКБ ТЕСТ,ЭКБ ТЕСТ — надёжный партнёр для вашего бизнеса. Комплексные решения в микроэлектронике. Адекватные цены на производство преобразователей. Разумные сроки. Индивидуальный подход.,Модульные преобразователи ИРТЫШ,modulnye-preobrazovateli-irtysh,proizvodstvo-preobrazovatelej-napryazheniya_section_2
proizvodstvo-preobrazovatelej-napryazheniya_59,Модульный преобразователь DC/DC Иртыш 15 В / 250 Вт ET-Q300C-15VP150R23,Y,modulnyj-preobrazovatel-dc-dc-irtysh-15-v-250-vt-et-q300c-15vp150r23,6000,,html,ET-Q.jpg,,html,ET-Q.jpg,ЭКБ ТЕСТ,DC/DC,ET-Q300,ET-Q300C-15VP150R23,"""300"" (180..375)",15,1/4 brick,"57,9","36,8","12,7","""C""  (-20..100)",250,10,,ET-Q300.pdf,proizvodstvo-preobrazovatelej-napryazheniya_318####,Модульный преобразователь DC/DC Иртыш 15 В / 250 Вт ET-Q300C-15VP150R23,Модульный преобразователь DC/DC Иртыш 15 В / 250 Вт ET-Q300C-15VP150R23⚡Серия «ИРТЫШ»®⚡DC/DC модульные преобразователи ✔ полная «PIN-TO-PIN» совместимость с продукцией VICOR⚡Производство преобразователей напряжения ЭКБ ТЕСТ,ЭКБ ТЕСТ — надёжный партнёр для вашего бизнеса. Комплексные решения в микроэлектронике. Адекватные цены на производство преобразователей. Разумные сроки. Индивидуальный подход.,Модульные преобразователи ИРТЫШ,modulnye-preobrazovateli-irtysh,proizvodstvo-preobrazovatelej-napryazheniya_section_2
proizvodstvo-preobrazovatelej-napryazheniya_60,Модульный преобразователь DC/DC Иртыш 24 В / 250 Вт ET-Q300C-24VP150R23,Y,modulnyj-preobrazovatel-dc-dc-irtysh-24-v-250-vt-et-q300c-24vp150r23,6100,,html,ET-Q.jpg,,html,ET-Q.jpg,ЭКБ ТЕСТ,DC/DC,ET-Q300,ET-Q300C-24VP150R23,"""300"" (180..375)",24,1/4 brick,"57,9","36,8","12,7","""C""  (-20..100)",250,"6,25",,ET-Q300.pdf,proizvodstvo-preobrazovatelej-napryazheniya_318####,Модульный преобразователь DC/DC Иртыш 24 В / 250 Вт ET-Q300C-24VP150R23,Модульный преобразователь DC/DC Иртыш 24 В / 250 Вт ET-Q300C-24VP150R23⚡Серия «ИРТЫШ»®⚡DC/DC модульные преобразователи ✔ полная «PIN-TO-PIN» совместимость с продукцией VICOR⚡Производство преобразователей напряжения ЭКБ ТЕСТ,ЭКБ ТЕСТ — надёжный партнёр для вашего бизнеса. Комплексные решения в микроэлектронике. Адекватные цены на производство преобразователей. Разумные сроки. Индивидуальный подход.,Модульные преобразователи ИРТЫШ,modulnye-preobrazovateli-irtysh,proizvodstvo-preobrazovatelej-napryazheniya_section_2
proizvodstvo-preobrazovatelej-napryazheniya_61,Модульный преобразователь DC/DC Иртыш 28 В / 250 Вт ET-Q300C-28VP150R23,Y,modulnyj-preobrazovatel-dc-dc-irtysh-28-v-250-vt-et-q300c-28vp150r23,6200,,html,ET-Q.jpg,,html,ET-Q.jpg,ЭКБ ТЕСТ,DC/DC,ET-Q300,ET-Q300C-28VP150R23,"""300"" (180..375)",28,1/4 brick,"57,9","36,8","12,7","""C""  (-20..100)",250,"5,36",,ET-Q300.pdf,proizvodstvo-preobrazovatelej-napryazheniya_318####,Модульный преобразователь DC/DC Иртыш 28 В / 250 Вт ET-Q300C-28VP150R23,Модульный преобразователь DC/DC Иртыш 28 В / 250 Вт ET-Q300C-28VP150R23⚡Серия «ИРТЫШ»®⚡DC/DC модульные преобразователи ✔ полная «PIN-TO-PIN» совместимость с продукцией VICOR⚡Производство преобразователей напряжения ЭКБ ТЕСТ,ЭКБ ТЕСТ — надёжный партнёр для вашего бизнеса. Комплексные решения в микроэлектронике. Адекватные цены на производство преобразователей. Разумные сроки. Индивидуальный подход.,Модульные преобразователи ИРТЫШ,modulnye-preobrazovateli-irtysh,proizvodstvo-preobrazovatelej-napryazheniya_section_2
proizvodstvo-preobrazovatelej-napryazheniya_62,Модульный преобразователь DC/DC Иртыш 36 В / 250 Вт ET-Q300C-36VP150R23,Y,modulnyj-preobrazovatel-dc-dc-irtysh-36-v-250-vt-et-q300c-36vp150r23,6300,,html,ET-Q.jpg,,html,ET-Q.jpg,ЭКБ ТЕСТ,DC/DC,ET-Q300,ET-Q300C-36VP150R23,"""300"" (180..375)",36,1/4 brick,"57,9","36,8","12,7","""C""  (-20..100)",250,"4,16",,ET-Q300.pdf,proizvodstvo-preobrazovatelej-napryazheniya_318####,Модульный преобразователь DC/DC Иртыш 36 В / 250 Вт ET-Q300C-36VP150R23,Модульный преобразователь DC/DC Иртыш 36 В / 250 Вт ET-Q300C-36VP150R23⚡Серия «ИРТЫШ»®⚡DC/DC модульные преобразователи ✔ полная «PIN-TO-PIN» совместимость с продукцией VICOR⚡Производство преобразователей напряжения ЭКБ ТЕСТ,ЭКБ ТЕСТ — надёжный партнёр для вашего бизнеса. Комплексные решения в микроэлектронике. Адекватные цены на производство преобразователей. Разумные сроки. Индивидуальный подход.,Модульные преобразователи ИРТЫШ,modulnye-preobrazovateli-irtysh,proizvodstvo-preobrazovatelej-napryazheniya_section_2
proizvodstvo-preobrazovatelej-napryazheniya_63,Модульный преобразователь DC/DC Иртыш 48 В / 250 Вт ET-Q300C-48VP150R23,Y,modulnyj-preobrazovatel-dc-dc-irtysh-48-v-250-vt-et-q300c-48vp150r23,6400,,html,ET-Q.jpg,,html,ET-Q.jpg,ЭКБ ТЕСТ,DC/DC,ET-Q300,ET-Q300C-48VP150R23,"""300"" (180..375)",48,1/4 brick,"57,9","36,8","12,7","""C""  (-20..100)",250,"3,13",,ET-Q300.pdf,proizvodstvo-preobrazovatelej-napryazheniya_318####,Модульный преобразователь DC/DC Иртыш 48 В / 250 Вт ET-Q300C-48VP150R23,Модульный преобразователь DC/DC Иртыш 48 В / 250 Вт ET-Q300C-48VP150R23⚡Серия «ИРТЫШ»®⚡DC/DC модульные преобразователи ✔ полная «PIN-TO-PIN» совместимость с продукцией VICOR⚡Производство преобразователей напряжения ЭКБ ТЕСТ,ЭКБ ТЕСТ — надёжный партнёр для вашего бизнеса. Комплексные решения в микроэлектронике. Адекватные цены на производство преобразователей. Разумные сроки. Индивидуальный подход.,Модульные преобразователи ИРТЫШ,modulnye-preobrazovateli-irtysh,proizvodstvo-preobrazovatelej-napryazheniya_section_2
proizvodstvo-preobrazovatelej-napryazheniya_64,"Модульный преобразователь DC/DC Иртыш 3,3 В / 150 Вт ET-Q300H-3V3P075R23",Y,modulnyj-preobrazovatel-dc-dc-irtysh-3-3-v-150-vt-et-q300h-3v3p075r23,6500,,html,ET-Q.jpg,,html,ET-Q.jpg,ЭКБ ТЕСТ,DC/DC,ET-Q300,ET-Q300H-3V3P075R23,"""300"" (180..375)","3,3",1/4 brick,"57,9","36,8","12,7","""H""  (-40..100)",150,"22,7",,ET-Q300.pdf,proizvodstvo-preobrazovatelej-napryazheniya_318####,"Модульный преобразователь DC/DC Иртыш 3,3 В / 150 Вт ET-Q300H-3V3P075R23","Модульный преобразователь DC/DC Иртыш 3,3 В / 150 Вт ET-Q300H-3V3P075R23⚡Серия «ИРТЫШ»®⚡DC/DC модульные преобразователи ✔ полная «PIN-TO-PIN» совместимость с продукцией VICOR⚡Производство преобразователей напряжения ЭКБ ТЕСТ",ЭКБ ТЕСТ — надёжный партнёр для вашего бизнеса. Комплексные решения в микроэлектронике. Адекватные цены на производство преобразователей. Разумные сроки. Индивидуальный подход.,Модульные преобразователи ИРТЫШ,modulnye-preobrazovateli-irtysh,proizvodstvo-preobrazovatelej-napryazheniya_section_2
proizvodstvo-preobrazovatelej-napryazheniya_65,Модульный преобразователь DC/DC Иртыш 5 В / 200 Вт ET-Q300H-05VP100R23,Y,modulnyj-preobrazovatel-dc-dc-irtysh-5-v-200-vt-et-q300h-05vp100r23,6600,,html,ET-Q.jpg,,html,ET-Q.jpg,ЭКБ ТЕСТ,DC/DC,ET-Q300,ET-Q300H-05VP100R23,"""300"" (180..375)",5,1/4 brick,"57,9","36,8","12,7","""H""  (-40..100)",200,20,,ET-Q300.pdf,proizvodstvo-preobrazovatelej-napryazheniya_318####proizvodstvo-preobrazovatelej-napryazheniya_419,Модульный преобразователь DC/DC Иртыш 5 В / 200 Вт ET-Q300H-05VP100R23,Модульный преобразователь DC/DC Иртыш 5 В / 200 Вт ET-Q300H-05VP100R23⚡Серия «ИРТЫШ»®⚡DC/DC модульные преобразователи ✔ полная «PIN-TO-PIN» совместимость с продукцией VICOR⚡Производство преобразователей напряжения ЭКБ ТЕСТ,ЭКБ ТЕСТ — надёжный партнёр для вашего бизнеса. Комплексные решения в микроэлектронике. Адекватные цены на производство преобразователей. Разумные сроки. Индивидуальный подход.,Модульные преобразователи ИРТЫШ,modulnye-preobrazovateli-irtysh,proizvodstvo-preobrazovatelej-napryazheniya_section_2
proizvodstvo-preobrazovatelej-napryazheniya_66,Модульный преобразователь DC/DC Иртыш 8 В / 200 Вт ET-Q300H-08VP100R23,Y,modulnyj-preobrazovatel-dc-dc-irtysh-8-v-200-vt-et-q300h-08vp100r23,6700,,html,ET-Q.jpg,,html,ET-Q.jpg,ЭКБ ТЕСТ,DC/DC,ET-Q300,ET-Q300H-08VP100R23,"""300"" (180..375)",8,1/4 brick,"57,9","36,8","12,7","""H""  (-40..100)",200,"12,5",,ET-Q300.pdf,proizvodstvo-preobrazovatelej-napryazheniya_318####proizvodstvo-preobrazovatelej-napryazheniya_420,Модульный преобразователь DC/DC Иртыш 8 В / 200 Вт ET-Q300H-08VP100R23,Модульный преобразователь DC/DC Иртыш 8 В / 200 Вт ET-Q300H-08VP100R23⚡Серия «ИРТЫШ»®⚡DC/DC модульные преобразователи ✔ полная «PIN-TO-PIN» совместимость с продукцией VICOR⚡Производство преобразователей напряжения ЭКБ ТЕСТ,ЭКБ ТЕСТ — надёжный партнёр для вашего бизнеса. Комплексные решения в микроэлектронике. Адекватные цены на производство преобразователей. Разумные сроки. Индивидуальный подход.,Модульные преобразователи ИРТЫШ,modulnye-preobrazovateli-irtysh,proizvodstvo-preobrazovatelej-napryazheniya_section_2
proizvodstvo-preobrazovatelej-napryazheniya_67,Модульный преобразователь DC/DC Иртыш 12 В / 250 Вт ET-Q300H-12VP150R23,Y,modulnyj-preobrazovatel-dc-dc-irtysh-12-v-250-vt-et-q300h-12vp150r23,6800,,html,ET-Q.jpg,,html,ET-Q.jpg,ЭКБ ТЕСТ,DC/DC,ET-Q300,ET-Q300H-12VP150R23,"""300"" (180..375)",12,1/4 brick,"57,9","36,8","12,7","""H""  (-40..100)",250,"12,5",,ET-Q300.pdf,proizvodstvo-preobrazovatelej-napryazheniya_318####proizvodstvo-preobrazovatelej-napryazheniya_421,Модульный преобразователь DC/DC Иртыш 12 В / 250 Вт ET-Q300H-12VP150R23,Модульный преобразователь DC/DC Иртыш 12 В / 250 Вт ET-Q300H-12VP150R23⚡Серия «ИРТЫШ»®⚡DC/DC модульные преобразователи ✔ полная «PIN-TO-PIN» совместимость с продукцией VICOR⚡Производство преобразователей напряжения ЭКБ ТЕСТ,ЭКБ ТЕСТ — надёжный партнёр для вашего бизнеса. Комплексные решения в микроэлектронике. Адекватные цены на производство преобразователей. Разумные сроки. Индивидуальный подход.,Модульные преобразователи ИРТЫШ,modulnye-preobrazovateli-irtysh,proizvodstvo-preobrazovatelej-napryazheniya_section_2
proizvodstvo-preobrazovatelej-napryazheniya_68,Модульный преобразователь DC/DC Иртыш 15 В / 250 Вт ET-Q300H-15VP150R23,Y,modulnyj-preobrazovatel-dc-dc-irtysh-15-v-250-vt-et-q300h-15vp150r23,6900,,html,ET-Q.jpg,,html,ET-Q.jpg,ЭКБ ТЕСТ,DC/DC,ET-Q300,ET-Q300H-15VP150R23,"""300"" (180..375)",15,1/4 brick,"57,9","36,8","12,7","""H""  (-40..100)",250,10,,ET-Q300.pdf,proizvodstvo-preobrazovatelej-napryazheniya_318####proizvodstvo-preobrazovatelej-napryazheniya_422,Модульный преобразователь DC/DC Иртыш 15 В / 250 Вт ET-Q300H-15VP150R23,Модульный преобразователь DC/DC Иртыш 15 В / 250 Вт ET-Q300H-15VP150R23⚡Серия «ИРТЫШ»®⚡DC/DC модульные преобразователи ✔ полная «PIN-TO-PIN» совместимость с продукцией VICOR⚡Производство преобразователей напряжения ЭКБ ТЕСТ,ЭКБ ТЕСТ — надёжный партнёр для вашего бизнеса. Комплексные решения в микроэлектронике. Адекватные цены на производство преобразователей. Разумные сроки. Индивидуальный подход.,Модульные преобразователи ИРТЫШ,modulnye-preobrazovateli-irtysh,proizvodstvo-preobrazovatelej-napryazheniya_section_2
proizvodstvo-preobrazovatelej-napryazheniya_69,Модульный преобразователь DC/DC Иртыш 24 В / 250 Вт ET-Q300H-24VP150R23,Y,modulnyj-preobrazovatel-dc-dc-irtysh-24-v-250-vt-et-q300h-24vp150r23,7000,,html,ET-Q.jpg,,html,ET-Q.jpg,ЭКБ ТЕСТ,DC/DC,ET-Q300,ET-Q300H-24VP150R23,"""300"" (180..375)",24,1/4 brick,"57,9","36,8","12,7","""H""  (-40..100)",250,"6,25",,ET-Q300.pdf,proizvodstvo-preobrazovatelej-napryazheniya_318####proizvodstvo-preobrazovatelej-napryazheniya_423,Модульный преобразователь DC/DC Иртыш 24 В / 250 Вт ET-Q300H-24VP150R23,Модульный преобразователь DC/DC Иртыш 24 В / 250 Вт ET-Q300H-24VP150R23⚡Серия «ИРТЫШ»®⚡DC/DC модульные преобразователи ✔ полная «PIN-TO-PIN» совместимость с продукцией VICOR⚡Производство преобразователей напряжения ЭКБ ТЕСТ,ЭКБ ТЕСТ — надёжный партнёр для вашего бизнеса. Комплексные решения в микроэлектронике. Адекватные цены на производство преобразователей. Разумные сроки. Индивидуальный подход.,Модульные преобразователи ИРТЫШ,modulnye-preobrazovateli-irtysh,proizvodstvo-preobrazovatelej-napryazheniya_section_2
proizvodstvo-preobrazovatelej-napryazheniya_70,Модульный преобразователь DC/DC Иртыш 28 В / 250 Вт ET-Q300H-28VP150R23,Y,modulnyj-preobrazovatel-dc-dc-irtysh-28-v-250-vt-et-q300h-28vp150r23,7100,,html,ET-Q.jpg,,html,ET-Q.jpg,ЭКБ ТЕСТ,DC/DC,ET-Q300,ET-Q300H-28VP150R23,"""300"" (180..375)",28,1/4 brick,"57,9","36,8","12,7","""H""  (-40..100)",250,"5,36",,ET-Q300.pdf,proizvodstvo-preobrazovatelej-napryazheniya_318####proizvodstvo-preobrazovatelej-napryazheniya_424,Модульный преобразователь DC/DC Иртыш 28 В / 250 Вт ET-Q300H-28VP150R23,Модульный преобразователь DC/DC Иртыш 28 В / 250 Вт ET-Q300H-28VP150R23⚡Серия «ИРТЫШ»®⚡DC/DC модульные преобразователи ✔ полная «PIN-TO-PIN» совместимость с продукцией VICOR⚡Производство преобразователей напряжения ЭКБ ТЕСТ,ЭКБ ТЕСТ — надёжный партнёр для вашего бизнеса. Комплексные решения в микроэлектронике. Адекватные цены на производство преобразователей. Разумные сроки. Индивидуальный подход.,Модульные преобразователи ИРТЫШ,modulnye-preobrazovateli-irtysh,proizvodstvo-preobrazovatelej-napryazheniya_section_2
proizvodstvo-preobrazovatelej-napryazheniya_71,Модульный преобразователь DC/DC Иртыш 36 В / 250 Вт ET-Q300H-36VP150R23,Y,modulnyj-preobrazovatel-dc-dc-irtysh-36-v-250-vt-et-q300h-36vp150r23,7200,,html,ET-Q.jpg,,html,ET-Q.jpg,ЭКБ ТЕСТ,DC/DC,ET-Q300,ET-Q300H-36VP150R23,"""300"" (180..375)",36,1/4 brick,"57,9","36,8","12,7","""H""  (-40..100)",250,"4,16",,ET-Q300.pdf,proizvodstvo-preobrazovatelej-napryazheniya_318####proizvodstvo-preobrazovatelej-napryazheniya_425,Модульный преобразователь DC/DC Иртыш 36 В / 250 Вт ET-Q300H-36VP150R23,Модульный преобразователь DC/DC Иртыш 36 В / 250 Вт ET-Q300H-36VP150R23⚡Серия «ИРТЫШ»®⚡DC/DC модульные преобразователи ✔ полная «PIN-TO-PIN» совместимость с продукцией VICOR⚡Производство преобразователей напряжения ЭКБ ТЕСТ,ЭКБ ТЕСТ — надёжный партнёр для вашего бизнеса. Комплексные решения в микроэлектронике. Адекватные цены на производство преобразователей. Разумные сроки. Индивидуальный подход.,Модульные преобразователи ИРТЫШ,modulnye-preobrazovateli-irtysh,proizvodstvo-preobrazovatelej-napryazheniya_section_2
proizvodstvo-preobrazovatelej-napryazheniya_72,Модульный преобразователь DC/DC Иртыш 48 В / 250 Вт ET-Q300H-48VP150R23,Y,modulnyj-preobrazovatel-dc-dc-irtysh-48-v-250-vt-et-q300h-48vp150r23,7300,,html,ET-Q.jpg,,html,ET-Q.jpg,ЭКБ ТЕСТ,DC/DC,ET-Q300,ET-Q300H-48VP150R23,"""300"" (180..375)",48,1/4 brick,"57,9","36,8","12,7","""H""  (-40..100)",250,"3,13",,ET-Q300.pdf,proizvodstvo-preobrazovatelej-napryazheniya_318####proizvodstvo-preobrazovatelej-napryazheniya_426,Модульный преобразователь DC/DC Иртыш 48 В / 250 Вт ET-Q300H-48VP150R23,Модульный преобразователь DC/DC Иртыш 48 В / 250 Вт ET-Q300H-48VP150R23⚡Серия «ИРТЫШ»®⚡DC/DC модульные преобразователи ✔ полная «PIN-TO-PIN» совместимость с продукцией VICOR⚡Производство преобразователей напряжения ЭКБ ТЕСТ,ЭКБ ТЕСТ — надёжный партнёр для вашего бизнеса. Комплексные решения в микроэлектронике. Адекватные цены на производство преобразователей. Разумные сроки. Индивидуальный подход.,Модульные преобразователи ИРТЫШ,modulnye-preobrazovateli-irtysh,proizvodstvo-preobrazovatelej-napryazheniya_section_2
proizvodstvo-preobrazovatelej-napryazheniya_73,"Модульный преобразователь DC/DC Иртыш 3,3 В / 150 Вт ET-Q300M-3V3P075R23",Y,modulnyj-preobrazovatel-dc-dc-irtysh-3-3-v-150-vt-et-q300m-3v3p075r23,7400,,html,ET-Q.jpg,,html,ET-Q.jpg,ЭКБ ТЕСТ,DC/DC,ET-Q300,ET-Q300M-3V3P075R23,"""300"" (180..375)","3,3",1/4 brick,"57,9","36,8","12,7","""M""  (-55..100)",150,"22,7",,ET-Q300.pdf,proizvodstvo-preobrazovatelej-napryazheniya_318####,"Модульный преобразователь DC/DC Иртыш 3,3 В / 150 Вт ET-Q300M-3V3P075R23","Модульный преобразователь DC/DC Иртыш 3,3 В / 150 Вт ET-Q300M-3V3P075R23⚡Серия «ИРТЫШ»®⚡DC/DC модульные преобразователи ✔ полная «PIN-TO-PIN» совместимость с продукцией VICOR⚡Производство преобразователей напряжения ЭКБ ТЕСТ",ЭКБ ТЕСТ — надёжный партнёр для вашего бизнеса. Комплексные решения в микроэлектронике. Адекватные цены на производство преобразователей. Разумные сроки. Индивидуальный подход.,Модульные преобразователи ИРТЫШ,modulnye-preobrazovateli-irtysh,proizvodstvo-preobrazovatelej-napryazheniya_section_2
proizvodstvo-preobrazovatelej-napryazheniya_74,Модульный преобразователь DC/DC Иртыш 5 В / 200 Вт ET-Q300M-05VP100R23,Y,modulnyj-preobrazovatel-dc-dc-irtysh-5-v-200-vt-et-q300m-05vp100r23,7500,,html,ET-Q.jpg,,html,ET-Q.jpg,ЭКБ ТЕСТ,DC/DC,ET-Q300,ET-Q300M-05VP100R23,"""300"" (180..375)",5,1/4 brick,"57,9","36,8","12,7","""M""  (-55..100)",200,20,,ET-Q300.pdf,proizvodstvo-preobrazovatelej-napryazheniya_318####proizvodstvo-preobrazovatelej-napryazheniya_428,Модульный преобразователь DC/DC Иртыш 5 В / 200 Вт ET-Q300M-05VP100R23,Модульный преобразователь DC/DC Иртыш 5 В / 200 Вт ET-Q300M-05VP100R23⚡Серия «ИРТЫШ»®⚡DC/DC модульные преобразователи ✔ полная «PIN-TO-PIN» совместимость с продукцией VICOR⚡Производство преобразователей напряжения ЭКБ ТЕСТ,ЭКБ ТЕСТ — надёжный партнёр для вашего бизнеса. Комплексные решения в микроэлектронике. Адекватные цены на производство преобразователей. Разумные сроки. Индивидуальный подход.,Модульные преобразователи ИРТЫШ,modulnye-preobrazovateli-irtysh,proizvodstvo-preobrazovatelej-napryazheniya_section_2
proizvodstvo-preobrazovatelej-napryazheniya_75,Модульный преобразователь DC/DC Иртыш 8 В / 200 Вт ET-Q300M-08VP100R23,Y,modulnyj-preobrazovatel-dc-dc-irtysh-8-v-200-vt-et-q300m-08vp100r23,7600,,html,ET-Q.jpg,,html,ET-Q.jpg,ЭКБ ТЕСТ,DC/DC,ET-Q300,ET-Q300M-08VP100R23,"""300"" (180..375)",8,1/4 brick,"57,9","36,8","12,7","""M""  (-55..100)",200,"12,5",,ET-Q300.pdf,proizvodstvo-preobrazovatelej-napryazheniya_318####proizvodstvo-preobrazovatelej-napryazheniya_429,Модульный преобразователь DC/DC Иртыш 8 В / 200 Вт ET-Q300M-08VP100R23,Модульный преобразователь DC/DC Иртыш 8 В / 200 Вт ET-Q300M-08VP100R23⚡Серия «ИРТЫШ»®⚡DC/DC модульные преобразователи ✔ полная «PIN-TO-PIN» совместимость с продукцией VICOR⚡Производство преобразователей напряжения ЭКБ ТЕСТ,ЭКБ ТЕСТ — надёжный партнёр для вашего бизнеса. Комплексные решения в микроэлектронике. Адекватные цены на производство преобразователей. Разумные сроки. Индивидуальный подход.,Модульные преобразователи ИРТЫШ,modulnye-preobrazovateli-irtysh,proizvodstvo-preobrazovatelej-napryazheniya_section_2
proizvodstvo-preobrazovatelej-napryazheniya_76,Модульный преобразователь DC/DC Иртыш 12 В / 250 Вт ET-Q300M-12VP150R23,Y,modulnyj-preobrazovatel-dc-dc-irtysh-12-v-250-vt-et-q300m-12vp150r23,7700,,html,ET-Q.jpg,,html,ET-Q.jpg,ЭКБ ТЕСТ,DC/DC,ET-Q300,ET-Q300M-12VP150R23,"""300"" (180..375)",12,1/4 brick,"57,9","36,8","12,7","""M""  (-55..100)",250,"12,5",,ET-Q300.pdf,proizvodstvo-preobrazovatelej-napryazheniya_318####proizvodstvo-preobrazovatelej-napryazheniya_430,Модульный преобразователь DC/DC Иртыш 12 В / 250 Вт ET-Q300M-12VP150R23,Модульный преобразователь DC/DC Иртыш 12 В / 250 Вт ET-Q300M-12VP150R23⚡Серия «ИРТЫШ»®⚡DC/DC модульные преобразователи ✔ полная «PIN-TO-PIN» совместимость с продукцией VICOR⚡Производство преобразователей напряжения ЭКБ ТЕСТ,ЭКБ ТЕСТ — надёжный партнёр для вашего бизнеса. Комплексные решения в микроэлектронике. Адекватные цены на производство преобразователей. Разумные сроки. Индивидуальный подход.,Модульные преобразователи ИРТЫШ,modulnye-preobrazovateli-irtysh,proizvodstvo-preobrazovatelej-napryazheniya_section_2
proizvodstvo-preobrazovatelej-napryazheniya_77,Модульный преобразователь DC/DC Иртыш 15 В / 250 Вт ET-Q300M-15VP150R23,Y,modulnyj-preobrazovatel-dc-dc-irtysh-15-v-250-vt-et-q300m-15vp150r23,7800,,html,ET-Q.jpg,,html,ET-Q.jpg,ЭКБ ТЕСТ,DC/DC,ET-Q300,ET-Q300M-15VP150R23,"""300"" (180..375)",15,1/4 brick,"57,9","36,8","12,7","""M""  (-55..100)",250,10,,ET-Q300.pdf,proizvodstvo-preobrazovatelej-napryazheniya_318####proizvodstvo-preobrazovatelej-napryazheniya_431,Модульный преобразователь DC/DC Иртыш 15 В / 250 Вт ET-Q300M-15VP150R23,Модульный преобразователь DC/DC Иртыш 15 В / 250 Вт ET-Q300M-15VP150R23⚡Серия «ИРТЫШ»®⚡DC/DC модульные преобразователи ✔ полная «PIN-TO-PIN» совместимость с продукцией VICOR⚡Производство преобразователей напряжения ЭКБ ТЕСТ,ЭКБ ТЕСТ — надёжный партнёр для вашего бизнеса. Комплексные решения в микроэлектронике. Адекватные цены на производство преобразователей. Разумные сроки. Индивидуальный подход.,Модульные преобразователи ИРТЫШ,modulnye-preobrazovateli-irtysh,proizvodstvo-preobrazovatelej-napryazheniya_section_2
proizvodstvo-preobrazovatelej-napryazheniya_78,Модульный преобразователь DC/DC Иртыш 24 В / 250 Вт ET-Q300M-24VP150R23,Y,modulnyj-preobrazovatel-dc-dc-irtysh-24-v-250-vt-et-q300m-24vp150r23,7900,,html,ET-Q.jpg,,html,ET-Q.jpg,ЭКБ ТЕСТ,DC/DC,ET-Q300,ET-Q300M-24VP150R23,"""300"" (180..375)",24,1/4 brick,"57,9","36,8","12,7","""M""  (-55..100)",250,"6,25",,ET-Q300.pdf,proizvodstvo-preobrazovatelej-napryazheniya_318####proizvodstvo-preobrazovatelej-napryazheniya_432,Модульный преобразователь DC/DC Иртыш 24 В / 250 Вт ET-Q300M-24VP150R23,Модульный преобразователь DC/DC Иртыш 24 В / 250 Вт ET-Q300M-24VP150R23⚡Серия «ИРТЫШ»®⚡DC/DC модульные преобразователи ✔ полная «PIN-TO-PIN» совместимость с продукцией VICOR⚡Производство преобразователей напряжения ЭКБ ТЕСТ,ЭКБ ТЕСТ — надёжный партнёр для вашего бизнеса. Комплексные решения в микроэлектронике. Адекватные цены на производство преобразователей. Разумные сроки. Индивидуальный подход.,Модульные преобразователи ИРТЫШ,modulnye-preobrazovateli-irtysh,proizvodstvo-preobrazovatelej-napryazheniya_section_2
proizvodstvo-preobrazovatelej-napryazheniya_79,Модульный преобразователь DC/DC Иртыш 28 В / 250 Вт ET-Q300M-28VP150R23,Y,modulnyj-preobrazovatel-dc-dc-irtysh-28-v-250-vt-et-q300m-28vp150r23,8000,,html,ET-Q.jpg,,html,ET-Q.jpg,ЭКБ ТЕСТ,DC/DC,ET-Q300,ET-Q300M-28VP150R23,"""300"" (180..375)",28,1/4 brick,"57,9","36,8","12,7","""M""  (-55..100)",250,"5,36",,ET-Q300.pdf,proizvodstvo-preobrazovatelej-napryazheniya_318####proizvodstvo-preobrazovatelej-napryazheniya_433,Модульный преобразователь DC/DC Иртыш 28 В / 250 Вт ET-Q300M-28VP150R23,Модульный преобразователь DC/DC Иртыш 28 В / 250 Вт ET-Q300M-28VP150R23⚡Серия «ИРТЫШ»®⚡DC/DC модульные преобразователи ✔ полная «PIN-TO-PIN» совместимость с продукцией VICOR⚡Производство преобразователей напряжения ЭКБ ТЕСТ,ЭКБ ТЕСТ — надёжный партнёр для вашего бизнеса. Комплексные решения в микроэлектронике. Адекватные цены на производство преобразователей. Разумные сроки. Индивидуальный подход.,Модульные преобразователи ИРТЫШ,modulnye-preobrazovateli-irtysh,proizvodstvo-preobrazovatelej-napryazheniya_section_2
proizvodstvo-preobrazovatelej-napryazheniya_80,Модульный преобразователь DC/DC Иртыш 36 В / 250 Вт ET-Q300M-36VP150R23,Y,modulnyj-preobrazovatel-dc-dc-irtysh-36-v-250-vt-et-q300m-36vp150r23,8100,,html,ET-Q.jpg,,html,ET-Q.jpg,ЭКБ ТЕСТ,DC/DC,ET-Q300,ET-Q300M-36VP150R23,"""300"" (180..375)",36,1/4 brick,"57,9","36,8","12,7","""M""  (-55..100)",250,"4,16",,ET-Q300.pdf,proizvodstvo-preobrazovatelej-napryazheniya_318####proizvodstvo-preobrazovatelej-napryazheniya_434,Модульный преобразователь DC/DC Иртыш 36 В / 250 Вт ET-Q300M-36VP150R23,Модульный преобразователь DC/DC Иртыш 36 В / 250 Вт ET-Q300M-36VP150R23⚡Серия «ИРТЫШ»®⚡DC/DC модульные преобразователи ✔ полная «PIN-TO-PIN» совместимость с продукцией VICOR⚡Производство преобразователей напряжения ЭКБ ТЕСТ,ЭКБ ТЕСТ — надёжный партнёр для вашего бизнеса. Комплексные решения в микроэлектронике. Адекватные цены на производство преобразователей. Разумные сроки. Индивидуальный подход.,Модульные преобразователи ИРТЫШ,modulnye-preobrazovateli-irtysh,proizvodstvo-preobrazovatelej-napryazheniya_section_2
proizvodstvo-preobrazovatelej-napryazheniya_81,Модульный преобразователь DC/DC Иртыш 48 В / 250 Вт ET-Q300M-48VP150R23,Y,modulnyj-preobrazovatel-dc-dc-irtysh-48-v-250-vt-et-q300m-48vp150r23,8200,,html,ET-Q.jpg,,html,ET-Q.jpg,ЭКБ ТЕСТ,DC/DC,ET-Q300,ET-Q300M-48VP150R23,"""300"" (180..375)",48,1/4 brick,"57,9","36,8","12,7","""M""  (-55..100)",250,"3,13",,ET-Q300.pdf,proizvodstvo-preobrazovatelej-napryazheniya_318####proizvodstvo-preobrazovatelej-napryazheniya_435,Модульный преобразователь DC/DC Иртыш 48 В / 250 Вт ET-Q300M-48VP150R23,Модульный преобразователь DC/DC Иртыш 48 В / 250 Вт ET-Q300M-48VP150R23⚡Серия «ИРТЫШ»®⚡DC/DC модульные преобразователи ✔ полная «PIN-TO-PIN» совместимость с продукцией VICOR⚡Производство преобразователей напряжения ЭКБ ТЕСТ,ЭКБ ТЕСТ — надёжный партнёр для вашего бизнеса. Комплексные решения в микроэлектронике. Адекватные цены на производство преобразователей. Разумные сроки. Индивидуальный подход.,Модульные преобразователи ИРТЫШ,modulnye-preobrazovateli-irtysh,proizvodstvo-preobrazovatelej-napryazheniya_section_2
proizvodstvo-preobrazovatelej-napryazheniya_82,"Модульный преобразователь DC/DC Иртыш 3,3 В / 264 Вт ET-F375C-3V3P264R23",Y,modulnyj-preobrazovatel-dc-dc-irtysh-3-3-v-264-vt-et-f375c-3v3p264r23,8300,,html,ET-F.jpg,,html,ET-F.jpg,ЭКБ ТЕСТ,DC/DC,ET-F375,ET-F375C-3V3P264R23,"""375"" (250..425)","3,3",full brick,117,"55,9","12,7","""C""  (-20..100)",264,80,,ET-F375.pdf,proizvodstvo-preobrazovatelej-napryazheniya_319####,"Модульный преобразователь DC/DC Иртыш 3,3 В / 264 Вт ET-F375C-3V3P264R23","Модульный преобразователь DC/DC Иртыш 3,3 В / 264 Вт ET-F375C-3V3P264R23⚡Серия «ИРТЫШ»®⚡DC/DC модульные преобразователи ✔ полная «PIN-TO-PIN» совместимость с продукцией VICOR⚡Производство преобразователей напряжения ЭКБ ТЕСТ",ЭКБ ТЕСТ — надёжный партнёр для вашего бизнеса. Комплексные решения в микроэлектронике. Адекватные цены на производство преобразователей. Разумные сроки. Индивидуальный подход.,Модульные преобразователи ИРТЫШ,modulnye-preobrazovateli-irtysh,proizvodstvo-preobrazovatelej-napryazheniya_section_2
proizvodstvo-preobrazovatelej-napryazheniya_83,Модульный преобразователь DC/DC Иртыш 5 В / 400 Вт ET-F375C-05VP400R23,Y,modulnyj-preobrazovatel-dc-dc-irtysh-5-v-400-vt-et-f375c-05vp400r23,8400,,html,ET-F.jpg,,html,ET-F.jpg,ЭКБ ТЕСТ,DC/DC,ET-F375,ET-F375C-05VP400R23,"""375"" (250..425)",5,full brick,117,"55,9","12,7","""C""  (-20..100)",400,80,,ET-F375.pdf,proizvodstvo-preobrazovatelej-napryazheniya_319####,Модульный преобразователь DC/DC Иртыш 5 В / 400 Вт ET-F375C-05VP400R23,Модульный преобразователь DC/DC Иртыш 5 В / 400 Вт ET-F375C-05VP400R23⚡Серия «ИРТЫШ»®⚡DC/DC модульные преобразователи ✔ полная «PIN-TO-PIN» совместимость с продукцией VICOR⚡Производство преобразователей напряжения ЭКБ ТЕСТ,ЭКБ ТЕСТ — надёжный партнёр для вашего бизнеса. Комплексные решения в микроэлектронике. Адекватные цены на производство преобразователей. Разумные сроки. Индивидуальный подход.,Модульные преобразователи ИРТЫШ,modulnye-preobrazovateli-irtysh,proizvodstvo-preobrazovatelej-napryazheniya_section_2
proizvodstvo-preobrazovatelej-napryazheniya_84,Модульный преобразователь DC/DC Иртыш 8 В / 400 Вт ET-F375C-08VP400R23,Y,modulnyj-preobrazovatel-dc-dc-irtysh-8-v-400-vt-et-f375c-08vp400r23,8500,,html,ET-F.jpg,,html,ET-F.jpg,ЭКБ ТЕСТ,DC/DC,ET-F375,ET-F375C-08VP400R23,"""375"" (250..425)",8,full brick,117,"55,9","12,7","""C""  (-20..100)",400,50,,ET-F375.pdf,proizvodstvo-preobrazovatelej-napryazheniya_319####,Модульный преобразователь DC/DC Иртыш 8 В / 400 Вт ET-F375C-08VP400R23,Модульный преобразователь DC/DC Иртыш 8 В / 400 Вт ET-F375C-08VP400R23⚡Серия «ИРТЫШ»®⚡DC/DC модульные преобразователи ✔ полная «PIN-TO-PIN» совместимость с продукцией VICOR⚡Производство преобразователей напряжения ЭКБ ТЕСТ,ЭКБ ТЕСТ — надёжный партнёр для вашего бизнеса. Комплексные решения в микроэлектронике. Адекватные цены на производство преобразователей. Разумные сроки. Индивидуальный подход.,Модульные преобразователи ИРТЫШ,modulnye-preobrazovateli-irtysh,proizvodstvo-preobrazovatelej-napryazheniya_section_2
proizvodstvo-preobrazovatelej-napryazheniya_85,Модульный преобразователь DC/DC Иртыш 12 В / 600 Вт ET-F375C-12VP600R23,Y,modulnyj-preobrazovatel-dc-dc-irtysh-12-v-600-vt-et-f375c-12vp600r23,8600,,html,ET-F.jpg,,html,ET-F.jpg,ЭКБ ТЕСТ,DC/DC,ET-F375,ET-F375C-12VP600R23,"""375"" (250..425)",12,full brick,117,"55,9","12,7","""C""  (-20..100)",600,50,,ET-F375.pdf,proizvodstvo-preobrazovatelej-napryazheniya_319####,Модульный преобразователь DC/DC Иртыш 12 В / 600 Вт ET-F375C-12VP600R23,Модульный преобразователь DC/DC Иртыш 12 В / 600 Вт ET-F375C-12VP600R23⚡Серия «ИРТЫШ»®⚡DC/DC модульные преобразователи ✔ полная «PIN-TO-PIN» совместимость с продукцией VICOR⚡Производство преобразователей напряжения ЭКБ ТЕСТ,ЭКБ ТЕСТ — надёжный партнёр для вашего бизнеса. Комплексные решения в микроэлектронике. Адекватные цены на производство преобразователей. Разумные сроки. Индивидуальный подход.,Модульные преобразователи ИРТЫШ,modulnye-preobrazovateli-irtysh,proizvodstvo-preobrazovatelej-napryazheniya_section_2
proizvodstvo-preobrazovatelej-napryazheniya_86,Модульный преобразователь DC/DC Иртыш 15 В / 600 Вт ET-F375C-15VP600R23,Y,modulnyj-preobrazovatel-dc-dc-irtysh-15-v-600-vt-et-f375c-15vp600r23,8700,,html,ET-F.jpg,,html,ET-F.jpg,ЭКБ ТЕСТ,DC/DC,ET-F375,ET-F375C-15VP600R23,"""375"" (250..425)",15,full brick,117,"55,9","12,7","""C""  (-20..100)",600,40,,ET-F375.pdf,proizvodstvo-preobrazovatelej-napryazheniya_319####,Модульный преобразователь DC/DC Иртыш 15 В / 600 Вт ET-F375C-15VP600R23,Модульный преобразователь DC/DC Иртыш 15 В / 600 Вт ET-F375C-15VP600R23⚡Серия «ИРТЫШ»®⚡DC/DC модульные преобразователи ✔ полная «PIN-TO-PIN» совместимость с продукцией VICOR⚡Производство преобразователей напряжения ЭКБ ТЕСТ,ЭКБ ТЕСТ — надёжный партнёр для вашего бизнеса. Комплексные решения в микроэлектронике. Адекватные цены на производство преобразователей. Разумные сроки. Индивидуальный подход.,Модульные преобразователи ИРТЫШ,modulnye-preobrazovateli-irtysh,proizvodstvo-preobrazovatelej-napryazheniya_section_2
proizvodstvo-preobrazovatelej-napryazheniya_87,Модульный преобразователь DC/DC Иртыш 24 В / 600 Вт ET-F375C-24VP600R23,Y,modulnyj-preobrazovatel-dc-dc-irtysh-24-v-600-vt-et-f375c-24vp600r23,8800,,html,ET-F.jpg,,html,ET-F.jpg,ЭКБ ТЕСТ,DC/DC,ET-F375,ET-F375C-24VP600R23,"""375"" (250..425)",24,full brick,117,"55,9","12,7","""C""  (-20..100)",600,25,,ET-F375.pdf,proizvodstvo-preobrazovatelej-napryazheniya_319####,Модульный преобразователь DC/DC Иртыш 24 В / 600 Вт ET-F375C-24VP600R23,Модульный преобразователь DC/DC Иртыш 24 В / 600 Вт ET-F375C-24VP600R23⚡Серия «ИРТЫШ»®⚡DC/DC модульные преобразователи ✔ полная «PIN-TO-PIN» совместимость с продукцией VICOR⚡Производство преобразователей напряжения ЭКБ ТЕСТ,ЭКБ ТЕСТ — надёжный партнёр для вашего бизнеса. Комплексные решения в микроэлектронике. Адекватные цены на производство преобразователей. Разумные сроки. Индивидуальный подход.,Модульные преобразователи ИРТЫШ,modulnye-preobrazovateli-irtysh,proizvodstvo-preobrazovatelej-napryazheniya_section_2
proizvodstvo-preobrazovatelej-napryazheniya_88,Модульный преобразователь DC/DC Иртыш 28 В / 600 Вт ET-F375C-28VP600R23,Y,modulnyj-preobrazovatel-dc-dc-irtysh-28-v-600-vt-et-f375c-28vp600r23,8900,,html,ET-F.jpg,,html,ET-F.jpg,ЭКБ ТЕСТ,DC/DC,ET-F375,ET-F375C-28VP600R23,"""375"" (250..425)",28,full brick,117,"55,9","12,7","""C""  (-20..100)",600,"21,5",,ET-F375.pdf,proizvodstvo-preobrazovatelej-napryazheniya_319####,Модульный преобразователь DC/DC Иртыш 28 В / 600 Вт ET-F375C-28VP600R23,Модульный преобразователь DC/DC Иртыш 28 В / 600 Вт ET-F375C-28VP600R23⚡Серия «ИРТЫШ»®⚡DC/DC модульные преобразователи ✔ полная «PIN-TO-PIN» совместимость с продукцией VICOR⚡Производство преобразователей напряжения ЭКБ ТЕСТ,ЭКБ ТЕСТ — надёжный партнёр для вашего бизнеса. Комплексные решения в микроэлектронике. Адекватные цены на производство преобразователей. Разумные сроки. Индивидуальный подход.,Модульные преобразователи ИРТЫШ,modulnye-preobrazovateli-irtysh,proizvodstvo-preobrazovatelej-napryazheniya_section_2
proizvodstvo-preobrazovatelej-napryazheniya_89,Модульный преобразователь DC/DC Иртыш 36 В / 600 Вт ET-F375C-36VP600R23,Y,modulnyj-preobrazovatel-dc-dc-irtysh-36-v-600-vt-et-f375c-36vp600r23,9000,,html,ET-F.jpg,,html,ET-F.jpg,ЭКБ ТЕСТ,DC/DC,ET-F375,ET-F375C-36VP600R23,"""375"" (250..425)",36,full brick,117,"55,9","12,7","""C""  (-20..100)",600,"16,7",,ET-F375.pdf,proizvodstvo-preobrazovatelej-napryazheniya_319####,Модульный преобразователь DC/DC Иртыш 36 В / 600 Вт ET-F375C-36VP600R23,Модульный преобразователь DC/DC Иртыш 36 В / 600 Вт ET-F375C-36VP600R23⚡Серия «ИРТЫШ»®⚡DC/DC модульные преобразователи ✔ полная «PIN-TO-PIN» совместимость с продукцией VICOR⚡Производство преобразователей напряжения ЭКБ ТЕСТ,ЭКБ ТЕСТ — надёжный партнёр для вашего бизнеса. Комплексные решения в микроэлектронике. Адекватные цены на производство преобразователей. Разумные сроки. Индивидуальный подход.,Модульные преобразователи ИРТЫШ,modulnye-preobrazovateli-irtysh,proizvodstvo-preobrazovatelej-napryazheniya_section_2
proizvodstvo-preobrazovatelej-napryazheniya_90,Модульный преобразователь DC/DC Иртыш 48 В / 600 Вт ET-F375C-48VP600R23,Y,modulnyj-preobrazovatel-dc-dc-irtysh-48-v-600-vt-et-f375c-48vp600r23,9100,,html,ET-F.jpg,,html,ET-F.jpg,ЭКБ ТЕСТ,DC/DC,ET-F375,ET-F375C-48VP600R23,"""375"" (250..425)",48,full brick,117,"55,9","12,7","""C""  (-20..100)",600,"12,5",,ET-F375.pdf,proizvodstvo-preobrazovatelej-napryazheniya_319####,Модульный преобразователь DC/DC Иртыш 48 В / 600 Вт ET-F375C-48VP600R23,Модульный преобразователь DC/DC Иртыш 48 В / 600 Вт ET-F375C-48VP600R23⚡Серия «ИРТЫШ»®⚡DC/DC модульные преобразователи ✔ полная «PIN-TO-PIN» совместимость с продукцией VICOR⚡Производство преобразователей напряжения ЭКБ ТЕСТ,ЭКБ ТЕСТ — надёжный партнёр для вашего бизнеса. Комплексные решения в микроэлектронике. Адекватные цены на производство преобразователей. Разумные сроки. Индивидуальный подход.,Модульные преобразователи ИРТЫШ,modulnye-preobrazovateli-irtysh,proizvodstvo-preobrazovatelej-napryazheniya_section_2
proizvodstvo-preobrazovatelej-napryazheniya_91,"Модульный преобразователь DC/DC Иртыш 3,3 В / 264 Вт ET-F375H-3V3P264R23",Y,modulnyj-preobrazovatel-dc-dc-irtysh-3-3-v-264-vt-et-f375h-3v3p264r23,9200,,html,ET-F.jpg,,html,ET-F.jpg,ЭКБ ТЕСТ,DC/DC,ET-F375,ET-F375H-3V3P264R23,"""375"" (250..425)","3,3",full brick,117,"55,9","12,7","""H""  (-40..100)",264,80,,ET-F375.pdf,proizvodstvo-preobrazovatelej-napryazheniya_319####,"Модульный преобразователь DC/DC Иртыш 3,3 В / 264 Вт ET-F375H-3V3P264R23","Модульный преобразователь DC/DC Иртыш 3,3 В / 264 Вт ET-F375H-3V3P264R23⚡Серия «ИРТЫШ»®⚡DC/DC модульные преобразователи ✔ полная «PIN-TO-PIN» совместимость с продукцией VICOR⚡Производство преобразователей напряжения ЭКБ ТЕСТ",ЭКБ ТЕСТ — надёжный партнёр для вашего бизнеса. Комплексные решения в микроэлектронике. Адекватные цены на производство преобразователей. Разумные сроки. Индивидуальный подход.,Модульные преобразователи ИРТЫШ,modulnye-preobrazovateli-irtysh,proizvodstvo-preobrazovatelej-napryazheniya_section_2
proizvodstvo-preobrazovatelej-napryazheniya_92,Модульный преобразователь DC/DC Иртыш 5 В / 400 Вт ET-F375H-05VP400R23,Y,modulnyj-preobrazovatel-dc-dc-irtysh-5-v-400-vt-et-f375h-05vp400r23,9300,,html,ET-F.jpg,,html,ET-F.jpg,ЭКБ ТЕСТ,DC/DC,ET-F375,ET-F375H-05VP400R23,"""375"" (250..425)",5,full brick,117,"55,9","12,7","""H""  (-40..100)",400,80,,ET-F375.pdf,proizvodstvo-preobrazovatelej-napryazheniya_319####,Модульный преобразователь DC/DC Иртыш 5 В / 400 Вт ET-F375H-05VP400R23,Модульный преобразователь DC/DC Иртыш 5 В / 400 Вт ET-F375H-05VP400R23⚡Серия «ИРТЫШ»®⚡DC/DC модульные преобразователи ✔ полная «PIN-TO-PIN» совместимость с продукцией VICOR⚡Производство преобразователей напряжения ЭКБ ТЕСТ,ЭКБ ТЕСТ — надёжный партнёр для вашего бизнеса. Комплексные решения в микроэлектронике. Адекватные цены на производство преобразователей. Разумные сроки. Индивидуальный подход.,Модульные преобразователи ИРТЫШ,modulnye-preobrazovateli-irtysh,proizvodstvo-preobrazovatelej-napryazheniya_section_2
proizvodstvo-preobrazovatelej-napryazheniya_93,Модульный преобразователь DC/DC Иртыш 8 В / 400 Вт ET-F375H-08VP400R23,Y,modulnyj-preobrazovatel-dc-dc-irtysh-8-v-400-vt-et-f375h-08vp400r23,9400,,html,ET-F.jpg,,html,ET-F.jpg,ЭКБ ТЕСТ,DC/DC,ET-F375,ET-F375H-08VP400R23,"""375"" (250..425)",8,full brick,117,"55,9","12,7","""H""  (-40..100)",400,50,,ET-F375.pdf,proizvodstvo-preobrazovatelej-napryazheniya_319####,Модульный преобразователь DC/DC Иртыш 8 В / 400 Вт ET-F375H-08VP400R23,Модульный преобразователь DC/DC Иртыш 8 В / 400 Вт ET-F375H-08VP400R23⚡Серия «ИРТЫШ»®⚡DC/DC модульные преобразователи ✔ полная «PIN-TO-PIN» совместимость с продукцией VICOR⚡Производство преобразователей напряжения ЭКБ ТЕСТ,ЭКБ ТЕСТ — надёжный партнёр для вашего бизнеса. Комплексные решения в микроэлектронике. Адекватные цены на производство преобразователей. Разумные сроки. Индивидуальный подход.,Модульные преобразователи ИРТЫШ,modulnye-preobrazovateli-irtysh,proizvodstvo-preobrazovatelej-napryazheniya_section_2
proizvodstvo-preobrazovatelej-napryazheniya_94,Модульный преобразователь DC/DC Иртыш 12 В / 600 Вт ET-F375H-12VP600R23,Y,modulnyj-preobrazovatel-dc-dc-irtysh-12-v-600-vt-et-f375h-12vp600r23,9500,,html,ET-F.jpg,,html,ET-F.jpg,ЭКБ ТЕСТ,DC/DC,ET-F375,ET-F375H-12VP600R23,"""375"" (250..425)",12,full brick,117,"55,9","12,7","""H""  (-40..100)",600,50,,ET-F375.pdf,proizvodstvo-preobrazovatelej-napryazheniya_319####,Модульный преобразователь DC/DC Иртыш 12 В / 600 Вт ET-F375H-12VP600R23,Модульный преобразователь DC/DC Иртыш 12 В / 600 Вт ET-F375H-12VP600R23⚡Серия «ИРТЫШ»®⚡DC/DC модульные преобразователи ✔ полная «PIN-TO-PIN» совместимость с продукцией VICOR⚡Производство преобразователей напряжения ЭКБ ТЕСТ,ЭКБ ТЕСТ — надёжный партнёр для вашего бизнеса. Комплексные решения в микроэлектронике. Адекватные цены на производство преобразователей. Разумные сроки. Индивидуальный подход.,Модульные преобразователи ИРТЫШ,modulnye-preobrazovateli-irtysh,proizvodstvo-preobrazovatelej-napryazheniya_section_2
proizvodstvo-preobrazovatelej-napryazheniya_95,Модульный преобразователь DC/DC Иртыш 15 В / 600 Вт ET-F375H-15VP600R23,Y,modulnyj-preobrazovatel-dc-dc-irtysh-15-v-600-vt-et-f375h-15vp600r23,9600,,html,ET-F.jpg,,html,ET-F.jpg,ЭКБ ТЕСТ,DC/DC,ET-F375,ET-F375H-15VP600R23,"""375"" (250..425)",15,full brick,117,"55,9","12,7","""H""  (-40..100)",600,40,,ET-F375.pdf,proizvodstvo-preobrazovatelej-napryazheniya_319####,Модульный преобразователь DC/DC Иртыш 15 В / 600 Вт ET-F375H-15VP600R23,Модульный преобразователь DC/DC Иртыш 15 В / 600 Вт ET-F375H-15VP600R23⚡Серия «ИРТЫШ»®⚡DC/DC модульные преобразователи ✔ полная «PIN-TO-PIN» совместимость с продукцией VICOR⚡Производство преобразователей напряжения ЭКБ ТЕСТ,ЭКБ ТЕСТ — надёжный партнёр для вашего бизнеса. Комплексные решения в микроэлектронике. Адекватные цены на производство преобразователей. Разумные сроки. Индивидуальный подход.,Модульные преобразователи ИРТЫШ,modulnye-preobrazovateli-irtysh,proizvodstvo-preobrazovatelej-napryazheniya_section_2
proizvodstvo-preobrazovatelej-napryazheniya_96,Модульный преобразователь DC/DC Иртыш 24 В / 600 Вт ET-F375H-24VP600R23,Y,modulnyj-preobrazovatel-dc-dc-irtysh-24-v-600-vt-et-f375h-24vp600r23,9700,,html,ET-F.jpg,,html,ET-F.jpg,ЭКБ ТЕСТ,DC/DC,ET-F375,ET-F375H-24VP600R23,"""375"" (250..425)",24,full brick,117,"55,9","12,7","""H""  (-40..100)",600,25,,ET-F375.pdf,proizvodstvo-preobrazovatelej-napryazheniya_319####,Модульный преобразователь DC/DC Иртыш 24 В / 600 Вт ET-F375H-24VP600R23,Модульный преобразователь DC/DC Иртыш 24 В / 600 Вт ET-F375H-24VP600R23⚡Серия «ИРТЫШ»®⚡DC/DC модульные преобразователи ✔ полная «PIN-TO-PIN» совместимость с продукцией VICOR⚡Производство преобразователей напряжения ЭКБ ТЕСТ,ЭКБ ТЕСТ — надёжный партнёр для вашего бизнеса. Комплексные решения в микроэлектронике. Адекватные цены на производство преобразователей. Разумные сроки. Индивидуальный подход.,Модульные преобразователи ИРТЫШ,modulnye-preobrazovateli-irtysh,proizvodstvo-preobrazovatelej-napryazheniya_section_2
proizvodstvo-preobrazovatelej-napryazheniya_97,Модульный преобразователь DC/DC Иртыш 28 В / 600 Вт ET-F375H-28VP600R23,Y,modulnyj-preobrazovatel-dc-dc-irtysh-28-v-600-vt-et-f375h-28vp600r23,9800,,html,ET-F.jpg,,html,ET-F.jpg,ЭКБ ТЕСТ,DC/DC,ET-F375,ET-F375H-28VP600R23,"""375"" (250..425)",28,full brick,117,"55,9","12,7","""H""  (-40..100)",600,"21,5",,ET-F375.pdf,proizvodstvo-preobrazovatelej-napryazheniya_319####,Модульный преобразователь DC/DC Иртыш 28 В / 600 Вт ET-F375H-28VP600R23,Модульный преобразователь DC/DC Иртыш 28 В / 600 Вт ET-F375H-28VP600R23⚡Серия «ИРТЫШ»®⚡DC/DC модульные преобразователи ✔ полная «PIN-TO-PIN» совместимость с продукцией VICOR⚡Производство преобразователей напряжения ЭКБ ТЕСТ,ЭКБ ТЕСТ — надёжный партнёр для вашего бизнеса. Комплексные решения в микроэлектронике. Адекватные цены на производство преобразователей. Разумные сроки. Индивидуальный подход.,Модульные преобразователи ИРТЫШ,modulnye-preobrazovateli-irtysh,proizvodstvo-preobrazovatelej-napryazheniya_section_2
proizvodstvo-preobrazovatelej-napryazheniya_98,Модульный преобразователь DC/DC Иртыш 36 В / 600 Вт ET-F375H-36VP600R23,Y,modulnyj-preobrazovatel-dc-dc-irtysh-36-v-600-vt-et-f375h-36vp600r23,9900,,html,ET-F.jpg,,html,ET-F.jpg,ЭКБ ТЕСТ,DC/DC,ET-F375,ET-F375H-36VP600R23,"""375"" (250..425)",36,full brick,117,"55,9","12,7","""H""  (-40..100)",600,"16,7",,ET-F375.pdf,proizvodstvo-preobrazovatelej-napryazheniya_319####,Модульный преобразователь DC/DC Иртыш 36 В / 600 Вт ET-F375H-36VP600R23,Модульный преобразователь DC/DC Иртыш 36 В / 600 Вт ET-F375H-36VP600R23⚡Серия «ИРТЫШ»®⚡DC/DC модульные преобразователи ✔ полная «PIN-TO-PIN» совместимость с продукцией VICOR⚡Производство преобразователей напряжения ЭКБ ТЕСТ,ЭКБ ТЕСТ — надёжный партнёр для вашего бизнеса. Комплексные решения в микроэлектронике. Адекватные цены на производство преобразователей. Разумные сроки. Индивидуальный подход.,Модульные преобразователи ИРТЫШ,modulnye-preobrazovateli-irtysh,proizvodstvo-preobrazovatelej-napryazheniya_section_2
proizvodstvo-preobrazovatelej-napryazheniya_99,Модульный преобразователь DC/DC Иртыш 48 В / 600 Вт ET-F375H-48VP600R23,Y,modulnyj-preobrazovatel-dc-dc-irtysh-48-v-600-vt-et-f375h-48vp600r23,10000,,html,ET-F.jpg,,html,ET-F.jpg,ЭКБ ТЕСТ,DC/DC,ET-F375,ET-F375H-48VP600R23,"""375"" (250..425)",48,full brick,117,"55,9","12,7","""H""  (-40..100)",600,"12,5",,ET-F375.pdf,proizvodstvo-preobrazovatelej-napryazheniya_319####,Модульный преобразователь DC/DC Иртыш 48 В / 600 Вт ET-F375H-48VP600R23,Модульный преобразователь DC/DC Иртыш 48 В / 600 Вт ET-F375H-48VP600R23⚡Серия «ИРТЫШ»®⚡DC/DC модульные преобразователи ✔ полная «PIN-TO-PIN» совместимость с продукцией VICOR⚡Производство преобразователей напряжения ЭКБ ТЕСТ,ЭКБ ТЕСТ — надёжный партнёр для вашего бизнеса. Комплексные решения в микроэлектронике. Адекватные цены на производство преобразователей. Разумные сроки. Индивидуальный подход.,Модульные преобразователи ИРТЫШ,modulnye-preobrazovateli-irtysh,proizvodstvo-preobrazovatelej-napryazheniya_section_2
proizvodstvo-preobrazovatelej-napryazheniya_100,"Модульный преобразователь DC/DC Иртыш 3,3 В / 264 Вт ET-F375M-3V3P264R23",Y,modulnyj-preobrazovatel-dc-dc-irtysh-3-3-v-264-vt-et-f375m-3v3p264r23,10100,,html,ET-F.jpg,,html,ET-F.jpg,ЭКБ ТЕСТ,DC/DC,ET-F375,ET-F375M-3V3P264R23,"""375"" (250..425)","3,3",full brick,117,"55,9","12,7","""M""  (-55..100)",264,80,,ET-F375.pdf,proizvodstvo-preobrazovatelej-napryazheniya_319####,"Модульный преобразователь DC/DC Иртыш 3,3 В / 264 Вт ET-F375M-3V3P264R23","Модульный преобразователь DC/DC Иртыш 3,3 В / 264 Вт ET-F375M-3V3P264R23⚡Серия «ИРТЫШ»®⚡DC/DC модульные преобразователи ✔ полная «PIN-TO-PIN» совместимость с продукцией VICOR⚡Производство преобразователей напряжения ЭКБ ТЕСТ",ЭКБ ТЕСТ — надёжный партнёр для вашего бизнеса. Комплексные решения в микроэлектронике. Адекватные цены на производство преобразователей. Разумные сроки. Индивидуальный подход.,Модульные преобразователи ИРТЫШ,modulnye-preobrazovateli-irtysh,proizvodstvo-preobrazovatelej-napryazheniya_section_2
proizvodstvo-preobrazovatelej-napryazheniya_101,Модульный преобразователь DC/DC Иртыш 5 В / 400 Вт ET-F375M-05VP400R23,Y,modulnyj-preobrazovatel-dc-dc-irtysh-5-v-400-vt-et-f375m-05vp400r23,10200,,html,ET-F.jpg,,html,ET-F.jpg,ЭКБ ТЕСТ,DC/DC,ET-F375,ET-F375M-05VP400R23,"""375"" (250..425)",5,full brick,117,"55,9","12,7","""M""  (-55..100)",400,80,,ET-F375.pdf,proizvodstvo-preobrazovatelej-napryazheniya_319####,Модульный преобразователь DC/DC Иртыш 5 В / 400 Вт ET-F375M-05VP400R23,Модульный преобразователь DC/DC Иртыш 5 В / 400 Вт ET-F375M-05VP400R23⚡Серия «ИРТЫШ»®⚡DC/DC модульные преобразователи ✔ полная «PIN-TO-PIN» совместимость с продукцией VICOR⚡Производство преобразователей напряжения ЭКБ ТЕСТ,ЭКБ ТЕСТ — надёжный партнёр для вашего бизнеса. Комплексные решения в микроэлектронике. Адекватные цены на производство преобразователей. Разумные сроки. Индивидуальный подход.,Модульные преобразователи ИРТЫШ,modulnye-preobrazovateli-irtysh,proizvodstvo-preobrazovatelej-napryazheniya_section_2
proizvodstvo-preobrazovatelej-napryazheniya_102,Модульный преобразователь DC/DC Иртыш 8 В / 400 Вт ET-F375M-08VP400R23,Y,modulnyj-preobrazovatel-dc-dc-irtysh-8-v-400-vt-et-f375m-08vp400r23,10300,,html,ET-F.jpg,,html,ET-F.jpg,ЭКБ ТЕСТ,DC/DC,ET-F375,ET-F375M-08VP400R23,"""375"" (250..425)",8,full brick,117,"55,9","12,7","""M""  (-55..100)",400,50,,ET-F375.pdf,proizvodstvo-preobrazovatelej-napryazheniya_319####,Модульный преобразователь DC/DC Иртыш 8 В / 400 Вт ET-F375M-08VP400R23,Модульный преобразователь DC/DC Иртыш 8 В / 400 Вт ET-F375M-08VP400R23⚡Серия «ИРТЫШ»®⚡DC/DC модульные преобразователи ✔ полная «PIN-TO-PIN» совместимость с продукцией VICOR⚡Производство преобразователей напряжения ЭКБ ТЕСТ,ЭКБ ТЕСТ — надёжный партнёр для вашего бизнеса. Комплексные решения в микроэлектронике. Адекватные цены на производство преобразователей. Разумные сроки. Индивидуальный подход.,Модульные преобразователи ИРТЫШ,modulnye-preobrazovateli-irtysh,proizvodstvo-preobrazovatelej-napryazheniya_section_2
proizvodstvo-preobrazovatelej-napryazheniya_103,Модульный преобразователь DC/DC Иртыш 12 В / 600 Вт ET-F375M-12VP600R23,Y,modulnyj-preobrazovatel-dc-dc-irtysh-12-v-600-vt-et-f375m-12vp600r23,10400,,html,ET-F.jpg,,html,ET-F.jpg,ЭКБ ТЕСТ,DC/DC,ET-F375,ET-F375M-12VP600R23,"""375"" (250..425)",12,full brick,117,"55,9","12,7","""M""  (-55..100)",600,50,,ET-F375.pdf,proizvodstvo-preobrazovatelej-napryazheniya_319####,Модульный преобразователь DC/DC Иртыш 12 В / 600 Вт ET-F375M-12VP600R23,Модульный преобразователь DC/DC Иртыш 12 В / 600 Вт ET-F375M-12VP600R23⚡Серия «ИРТЫШ»®⚡DC/DC модульные преобразователи ✔ полная «PIN-TO-PIN» совместимость с продукцией VICOR⚡Производство преобразователей напряжения ЭКБ ТЕСТ,ЭКБ ТЕСТ — надёжный партнёр для вашего бизнеса. Комплексные решения в микроэлектронике. Адекватные цены на производство преобразователей. Разумные сроки. Индивидуальный подход.,Модульные преобразователи ИРТЫШ,modulnye-preobrazovateli-irtysh,proizvodstvo-preobrazovatelej-napryazheniya_section_2
proizvodstvo-preobrazovatelej-napryazheniya_104,Модульный преобразователь DC/DC Иртыш 15 В / 600 Вт ET-F375M-15VP600R23,Y,modulnyj-preobrazovatel-dc-dc-irtysh-15-v-600-vt-et-f375m-15vp600r23,10500,,html,ET-F.jpg,,html,ET-F.jpg,ЭКБ ТЕСТ,DC/DC,ET-F375,ET-F375M-15VP600R23,"""375"" (250..425)",15,full brick,117,"55,9","12,7","""M""  (-55..100)",600,40,,ET-F375.pdf,proizvodstvo-preobrazovatelej-napryazheniya_319####,Модульный преобразователь DC/DC Иртыш 15 В / 600 Вт ET-F375M-15VP600R23,Модульный преобразователь DC/DC Иртыш 15 В / 600 Вт ET-F375M-15VP600R23⚡Серия «ИРТЫШ»®⚡DC/DC модульные преобразователи ✔ полная «PIN-TO-PIN» совместимость с продукцией VICOR⚡Производство преобразователей напряжения ЭКБ ТЕСТ,ЭКБ ТЕСТ — надёжный партнёр для вашего бизнеса. Комплексные решения в микроэлектронике. Адекватные цены на производство преобразователей. Разумные сроки. Индивидуальный подход.,Модульные преобразователи ИРТЫШ,modulnye-preobrazovateli-irtysh,proizvodstvo-preobrazovatelej-napryazheniya_section_2
proizvodstvo-preobrazovatelej-napryazheniya_105,Модульный преобразователь DC/DC Иртыш 24 В / 600 Вт ET-F375M-24VP600R23,Y,modulnyj-preobrazovatel-dc-dc-irtysh-24-v-600-vt-et-f375m-24vp600r23,10600,,html,ET-F.jpg,,html,ET-F.jpg,ЭКБ ТЕСТ,DC/DC,ET-F375,ET-F375M-24VP600R23,"""375"" (250..425)",24,full brick,117,"55,9","12,7","""M""  (-55..100)",600,25,,ET-F375.pdf,proizvodstvo-preobrazovatelej-napryazheniya_319####,Модульный преобразователь DC/DC Иртыш 24 В / 600 Вт ET-F375M-24VP600R23,Модульный преобразователь DC/DC Иртыш 24 В / 600 Вт ET-F375M-24VP600R23⚡Серия «ИРТЫШ»®⚡DC/DC модульные преобразователи ✔ полная «PIN-TO-PIN» совместимость с продукцией VICOR⚡Производство преобразователей напряжения ЭКБ ТЕСТ,ЭКБ ТЕСТ — надёжный партнёр для вашего бизнеса. Комплексные решения в микроэлектронике. Адекватные цены на производство преобразователей. Разумные сроки. Индивидуальный подход.,Модульные преобразователи ИРТЫШ,modulnye-preobrazovateli-irtysh,proizvodstvo-preobrazovatelej-napryazheniya_section_2
proizvodstvo-preobrazovatelej-napryazheniya_106,Модульный преобразователь DC/DC Иртыш 28 В / 600 Вт ET-F375M-28VP600R23,Y,modulnyj-preobrazovatel-dc-dc-irtysh-28-v-600-vt-et-f375m-28vp600r23,10700,,html,ET-F.jpg,,html,ET-F.jpg,ЭКБ ТЕСТ,DC/DC,ET-F375,ET-F375M-28VP600R23,"""375"" (250..425)",28,full brick,117,"55,9","12,7","""M""  (-55..100)",600,"21,5",,ET-F375.pdf,proizvodstvo-preobrazovatelej-napryazheniya_319####,Модульный преобразователь DC/DC Иртыш 28 В / 600 Вт ET-F375M-28VP600R23,Модульный преобразователь DC/DC Иртыш 28 В / 600 Вт ET-F375M-28VP600R23⚡Серия «ИРТЫШ»®⚡DC/DC модульные преобразователи ✔ полная «PIN-TO-PIN» совместимость с продукцией VICOR⚡Производство преобразователей напряжения ЭКБ ТЕСТ,ЭКБ ТЕСТ — надёжный партнёр для вашего бизнеса. Комплексные решения в микроэлектронике. Адекватные цены на производство преобразователей. Разумные сроки. Индивидуальный подход.,Модульные преобразователи ИРТЫШ,modulnye-preobrazovateli-irtysh,proizvodstvo-preobrazovatelej-napryazheniya_section_2
proizvodstvo-preobrazovatelej-napryazheniya_107,Модульный преобразователь DC/DC Иртыш 36 В / 600 Вт ET-F375M-36VP600R23,Y,modulnyj-preobrazovatel-dc-dc-irtysh-36-v-600-vt-et-f375m-36vp600r23,10800,,html,ET-F.jpg,,html,ET-F.jpg,ЭКБ ТЕСТ,DC/DC,ET-F375,ET-F375M-36VP600R23,"""375"" (250..425)",36,full brick,117,"55,9","12,7","""M""  (-55..100)",600,"16,7",,ET-F375.pdf,proizvodstvo-preobrazovatelej-napryazheniya_319####,Модульный преобразователь DC/DC Иртыш 36 В / 600 Вт ET-F375M-36VP600R23,Модульный преобразователь DC/DC Иртыш 36 В / 600 Вт ET-F375M-36VP600R23⚡Серия «ИРТЫШ»®⚡DC/DC модульные преобразователи ✔ полная «PIN-TO-PIN» совместимость с продукцией VICOR⚡Производство преобразователей напряжения ЭКБ ТЕСТ,ЭКБ ТЕСТ — надёжный партнёр для вашего бизнеса. Комплексные решения в микроэлектронике. Адекватные цены на производство преобразователей. Разумные сроки. Индивидуальный подход.,Модульные преобразователи ИРТЫШ,modulnye-preobrazovateli-irtysh,proizvodstvo-preobrazovatelej-napryazheniya_section_2
proizvodstvo-preobrazovatelej-napryazheniya_108,Модульный преобразователь DC/DC Иртыш 48 В / 600 Вт ET-F375M-48VP600R23,Y,modulnyj-preobrazovatel-dc-dc-irtysh-48-v-600-vt-et-f375m-48vp600r23,10900,,html,ET-F.jpg,,html,ET-F.jpg,ЭКБ ТЕСТ,DC/DC,ET-F375,ET-F375M-48VP600R23,"""375"" (250..425)",48,full brick,117,"55,9","12,7","""M""  (-55..100)",600,"12,5",,ET-F375.pdf,proizvodstvo-preobrazovatelej-napryazheniya_319####,Модульный преобразователь DC/DC Иртыш 48 В / 600 Вт ET-F375M-48VP600R23,Модульный преобразователь DC/DC Иртыш 48 В / 600 Вт ET-F375M-48VP600R23⚡Серия «ИРТЫШ»®⚡DC/DC модульные преобразователи ✔ полная «PIN-TO-PIN» совместимость с продукцией VICOR⚡Производство преобразователей напряжения ЭКБ ТЕСТ,ЭКБ ТЕСТ — надёжный партнёр для вашего бизнеса. Комплексные решения в микроэлектронике. Адекватные цены на производство преобразователей. Разумные сроки. Индивидуальный подход.,Модульные преобразователи ИРТЫШ,modulnye-preobrazovateli-irtysh,proizvodstvo-preobrazovatelej-napryazheniya_section_2
proizvodstvo-preobrazovatelej-napryazheniya_109,"Модульный преобразователь DC/DC Иртыш 3,3 В / 150 Вт ET-H375C-3V3P150R23",Y,modulnyj-preobrazovatel-dc-dc-irtysh-3-3-v-150-vt-et-h375c-3v3p150r23,11000,,html,ET-H.jpg,,html,ET-H.jpg,ЭКБ ТЕСТ,DC/DC,ET-H375,ET-H375C-3V3P150R23,"""375"" (250..425)","3,3",1/2 brick,"57,9","55,9","12,7","""C""  (-20..100)",150,"45,4",,ET-H375.pdf,proizvodstvo-preobrazovatelej-napryazheniya_320####,"Модульный преобразователь DC/DC Иртыш 3,3 В / 150 Вт ET-H375C-3V3P150R23","Модульный преобразователь DC/DC Иртыш 3,3 В / 150 Вт ET-H375C-3V3P150R23⚡Серия «ИРТЫШ»®⚡DC/DC модульные преобразователи ✔ полная «PIN-TO-PIN» совместимость с продукцией VICOR⚡Производство преобразователей напряжения ЭКБ ТЕСТ",ЭКБ ТЕСТ — надёжный партнёр для вашего бизнеса. Комплексные решения в микроэлектронике. Адекватные цены на производство преобразователей. Разумные сроки. Индивидуальный подход.,Модульные преобразователи ИРТЫШ,modulnye-preobrazovateli-irtysh,proizvodstvo-preobrazovatelej-napryazheniya_section_2
proizvodstvo-preobrazovatelej-napryazheniya_110,Модульный преобразователь DC/DC Иртыш 5 В / 200 Вт ET-H375C-05VP200R23,Y,modulnyj-preobrazovatel-dc-dc-irtysh-5-v-200-vt-et-h375c-05vp200r23,11100,,html,ET-H.jpg,,html,ET-H.jpg,ЭКБ ТЕСТ,DC/DC,ET-H375,ET-H375C-05VP200R23,"""375"" (250..425)",5,1/2 brick,"57,9","55,9","12,7","""C""  (-20..100)",200,40,,ET-H375.pdf,proizvodstvo-preobrazovatelej-napryazheniya_320####,Модульный преобразователь DC/DC Иртыш 5 В / 200 Вт ET-H375C-05VP200R23,Модульный преобразователь DC/DC Иртыш 5 В / 200 Вт ET-H375C-05VP200R23⚡Серия «ИРТЫШ»®⚡DC/DC модульные преобразователи ✔ полная «PIN-TO-PIN» совместимость с продукцией VICOR⚡Производство преобразователей напряжения ЭКБ ТЕСТ,ЭКБ ТЕСТ — надёжный партнёр для вашего бизнеса. Комплексные решения в микроэлектронике. Адекватные цены на производство преобразователей. Разумные сроки. Индивидуальный подход.,Модульные преобразователи ИРТЫШ,modulnye-preobrazovateli-irtysh,proizvodstvo-preobrazovatelej-napryazheniya_section_2
proizvodstvo-preobrazovatelej-napryazheniya_111,Модульный преобразователь DC/DC Иртыш 8 В / 200 Вт ET-H375C-08VP200R23,Y,modulnyj-preobrazovatel-dc-dc-irtysh-8-v-200-vt-et-h375c-08vp200r23,11200,,html,ET-H.jpg,,html,ET-H.jpg,ЭКБ ТЕСТ,DC/DC,ET-H375,ET-H375C-08VP200R23,"""375"" (250..425)",8,1/2 brick,"57,9","55,9","12,7","""C""  (-20..100)",200,25,,ET-H375.pdf,proizvodstvo-preobrazovatelej-napryazheniya_320####,Модульный преобразователь DC/DC Иртыш 8 В / 200 Вт ET-H375C-08VP200R23,Модульный преобразователь DC/DC Иртыш 8 В / 200 Вт ET-H375C-08VP200R23⚡Серия «ИРТЫШ»®⚡DC/DC модульные преобразователи ✔ полная «PIN-TO-PIN» совместимость с продукцией VICOR⚡Производство преобразователей напряжения ЭКБ ТЕСТ,ЭКБ ТЕСТ — надёжный партнёр для вашего бизнеса. Комплексные решения в микроэлектронике. Адекватные цены на производство преобразователей. Разумные сроки. Индивидуальный подход.,Модульные преобразователи ИРТЫШ,modulnye-preobrazovateli-irtysh,proizvodstvo-preobrazovatelej-napryazheniya_section_2
proizvodstvo-preobrazovatelej-napryazheniya_112,Модульный преобразователь DC/DC Иртыш 12 В / 250 Вт ET-H375C-12VP250R23,Y,modulnyj-preobrazovatel-dc-dc-irtysh-12-v-250-vt-et-h375c-12vp250r23,11300,,html,ET-H.jpg,,html,ET-H.jpg,ЭКБ ТЕСТ,DC/DC,ET-H375,ET-H375C-12VP250R23,"""375"" (250..425)",12,1/2 brick,"57,9","55,9","12,7","""C""  (-20..100)",250,"20,8",,ET-H375.pdf,proizvodstvo-preobrazovatelej-napryazheniya_320####,Модульный преобразователь DC/DC Иртыш 12 В / 250 Вт ET-H375C-12VP250R23,Модульный преобразователь DC/DC Иртыш 12 В / 250 Вт ET-H375C-12VP250R23⚡Серия «ИРТЫШ»®⚡DC/DC модульные преобразователи ✔ полная «PIN-TO-PIN» совместимость с продукцией VICOR⚡Производство преобразователей напряжения ЭКБ ТЕСТ,ЭКБ ТЕСТ — надёжный партнёр для вашего бизнеса. Комплексные решения в микроэлектронике. Адекватные цены на производство преобразователей. Разумные сроки. Индивидуальный подход.,Модульные преобразователи ИРТЫШ,modulnye-preobrazovateli-irtysh,proizvodstvo-preobrazovatelej-napryazheniya_section_2
proizvodstvo-preobrazovatelej-napryazheniya_113,Модульный преобразователь DC/DC Иртыш 15 В / 250 Вт ET-H375C-15VP250R23,Y,modulnyj-preobrazovatel-dc-dc-irtysh-15-v-250-vt-et-h375c-15vp250r23,11400,,html,ET-H.jpg,,html,ET-H.jpg,ЭКБ ТЕСТ,DC/DC,ET-H375,ET-H375C-15VP250R23,"""375"" (250..425)",15,1/2 brick,"57,9","55,9","12,7","""C""  (-20..100)",250,"16,7",,ET-H375.pdf,proizvodstvo-preobrazovatelej-napryazheniya_320####,Модульный преобразователь DC/DC Иртыш 15 В / 250 Вт ET-H375C-15VP250R23,Модульный преобразователь DC/DC Иртыш 15 В / 250 Вт ET-H375C-15VP250R23⚡Серия «ИРТЫШ»®⚡DC/DC модульные преобразователи ✔ полная «PIN-TO-PIN» совместимость с продукцией VICOR⚡Производство преобразователей напряжения ЭКБ ТЕСТ,ЭКБ ТЕСТ — надёжный партнёр для вашего бизнеса. Комплексные решения в микроэлектронике. Адекватные цены на производство преобразователей. Разумные сроки. Индивидуальный подход.,Модульные преобразователи ИРТЫШ,modulnye-preobrazovateli-irtysh,proizvodstvo-preobrazovatelej-napryazheniya_section_2
proizvodstvo-preobrazovatelej-napryazheniya_114,Модульный преобразователь DC/DC Иртыш 24 В / 250 Вт ET-H375C-24VP250R23,Y,modulnyj-preobrazovatel-dc-dc-irtysh-24-v-250-vt-et-h375c-24vp250r23,11500,,html,ET-H.jpg,,html,ET-H.jpg,ЭКБ ТЕСТ,DC/DC,ET-H375,ET-H375C-24VP250R23,"""375"" (250..425)",24,1/2 brick,"57,9","55,9","12,7","""C""  (-20..100)",250,"10,4",,ET-H375.pdf,proizvodstvo-preobrazovatelej-napryazheniya_320####,Модульный преобразователь DC/DC Иртыш 24 В / 250 Вт ET-H375C-24VP250R23,Модульный преобразователь DC/DC Иртыш 24 В / 250 Вт ET-H375C-24VP250R23⚡Серия «ИРТЫШ»®⚡DC/DC модульные преобразователи ✔ полная «PIN-TO-PIN» совместимость с продукцией VICOR⚡Производство преобразователей напряжения ЭКБ ТЕСТ,ЭКБ ТЕСТ — надёжный партнёр для вашего бизнеса. Комплексные решения в микроэлектронике. Адекватные цены на производство преобразователей. Разумные сроки. Индивидуальный подход.,Модульные преобразователи ИРТЫШ,modulnye-preobrazovateli-irtysh,proizvodstvo-preobrazovatelej-napryazheniya_section_2
proizvodstvo-preobrazovatelej-napryazheniya_115,Модульный преобразователь DC/DC Иртыш 28 В / 250 Вт ET-H375C-28VP250R23,Y,modulnyj-preobrazovatel-dc-dc-irtysh-28-v-250-vt-et-h375c-28vp250r23,11600,,html,ET-H.jpg,,html,ET-H.jpg,ЭКБ ТЕСТ,DC/DC,ET-H375,ET-H375C-28VP250R23,"""375"" (250..425)",28,1/2 brick,"57,9","55,9","12,7","""C""  (-20..100)",250,"8,9",,ET-H375.pdf,proizvodstvo-preobrazovatelej-napryazheniya_320####,Модульный преобразователь DC/DC Иртыш 28 В / 250 Вт ET-H375C-28VP250R23,Модульный преобразователь DC/DC Иртыш 28 В / 250 Вт ET-H375C-28VP250R23⚡Серия «ИРТЫШ»®⚡DC/DC модульные преобразователи ✔ полная «PIN-TO-PIN» совместимость с продукцией VICOR⚡Производство преобразователей напряжения ЭКБ ТЕСТ,ЭКБ ТЕСТ — надёжный партнёр для вашего бизнеса. Комплексные решения в микроэлектронике. Адекватные цены на производство преобразователей. Разумные сроки. Индивидуальный подход.,Модульные преобразователи ИРТЫШ,modulnye-preobrazovateli-irtysh,proizvodstvo-preobrazovatelej-napryazheniya_section_2
proizvodstvo-preobrazovatelej-napryazheniya_116,Модульный преобразователь DC/DC Иртыш 36 В / 250 Вт ET-H375C-36VP250R23,Y,modulnyj-preobrazovatel-dc-dc-irtysh-36-v-250-vt-et-h375c-36vp250r23,11700,,html,ET-H.jpg,,html,ET-H.jpg,ЭКБ ТЕСТ,DC/DC,ET-H375,ET-H375C-36VP250R23,"""375"" (250..425)",36,1/2 brick,"57,9","55,9","12,7","""C""  (-20..100)",250,"6,9",,ET-H375.pdf,proizvodstvo-preobrazovatelej-napryazheniya_320####,Модульный преобразователь DC/DC Иртыш 36 В / 250 Вт ET-H375C-36VP250R23,Модульный преобразователь DC/DC Иртыш 36 В / 250 Вт ET-H375C-36VP250R23⚡Серия «ИРТЫШ»®⚡DC/DC модульные преобразователи ✔ полная «PIN-TO-PIN» совместимость с продукцией VICOR⚡Производство преобразователей напряжения ЭКБ ТЕСТ,ЭКБ ТЕСТ — надёжный партнёр для вашего бизнеса. Комплексные решения в микроэлектронике. Адекватные цены на производство преобразователей. Разумные сроки. Индивидуальный подход.,Модульные преобразователи ИРТЫШ,modulnye-preobrazovateli-irtysh,proizvodstvo-preobrazovatelej-napryazheniya_section_2
proizvodstvo-preobrazovatelej-napryazheniya_117,Модульный преобразователь DC/DC Иртыш 48 В / 250 Вт ET-H375C-48VP250R23,Y,modulnyj-preobrazovatel-dc-dc-irtysh-48-v-250-vt-et-h375c-48vp250r23,11800,,html,ET-H.jpg,,html,ET-H.jpg,ЭКБ ТЕСТ,DC/DC,ET-H375,ET-H375C-48VP250R23,"""375"" (250..425)",48,1/2 brick,"57,9","55,9","12,7","""C""  (-20..100)",250,"5,2",,ET-H375.pdf,proizvodstvo-preobrazovatelej-napryazheniya_320####,Модульный преобразователь DC/DC Иртыш 48 В / 250 Вт ET-H375C-48VP250R23,Модульный преобразователь DC/DC Иртыш 48 В / 250 Вт ET-H375C-48VP250R23⚡Серия «ИРТЫШ»®⚡DC/DC модульные преобразователи ✔ полная «PIN-TO-PIN» совместимость с продукцией VICOR⚡Производство преобразователей напряжения ЭКБ ТЕСТ,ЭКБ ТЕСТ — надёжный партнёр для вашего бизнеса. Комплексные решения в микроэлектронике. Адекватные цены на производство преобразователей. Разумные сроки. Индивидуальный подход.,Модульные преобразователи ИРТЫШ,modulnye-preobrazovateli-irtysh,proizvodstvo-preobrazovatelej-napryazheniya_section_2
proizvodstvo-preobrazovatelej-napryazheniya_118,"Модульный преобразователь DC/DC Иртыш 3,3 В / 150 Вт ET-H375H-3V3P150R23",Y,modulnyj-preobrazovatel-dc-dc-irtysh-3-3-v-150-vt-et-h375h-3v3p150r23,11900,,html,ET-H.jpg,,html,ET-H.jpg,ЭКБ ТЕСТ,DC/DC,ET-H375,ET-H375H-3V3P150R23,"""375"" (250..425)","3,3",1/2 brick,"57,9","55,9","12,7","""H""  (-40..100)",150,"45,4",,ET-H375.pdf,proizvodstvo-preobrazovatelej-napryazheniya_320####,"Модульный преобразователь DC/DC Иртыш 3,3 В / 150 Вт ET-H375H-3V3P150R23","Модульный преобразователь DC/DC Иртыш 3,3 В / 150 Вт ET-H375H-3V3P150R23⚡Серия «ИРТЫШ»®⚡DC/DC модульные преобразователи ✔ полная «PIN-TO-PIN» совместимость с продукцией VICOR⚡Производство преобразователей напряжения ЭКБ ТЕСТ",ЭКБ ТЕСТ — надёжный партнёр для вашего бизнеса. Комплексные решения в микроэлектронике. Адекватные цены на производство преобразователей. Разумные сроки. Индивидуальный подход.,Модульные преобразователи ИРТЫШ,modulnye-preobrazovateli-irtysh,proizvodstvo-preobrazovatelej-napryazheniya_section_2
proizvodstvo-preobrazovatelej-napryazheniya_119,Модульный преобразователь DC/DC Иртыш 5 В / 200 Вт ET-H375H-05VP200R23,Y,modulnyj-preobrazovatel-dc-dc-irtysh-5-v-200-vt-et-h375h-05vp200r23,12000,,html,ET-H.jpg,,html,ET-H.jpg,ЭКБ ТЕСТ,DC/DC,ET-H375,ET-H375H-05VP200R23,"""375"" (250..425)",5,1/2 brick,"57,9","55,9","12,7","""H""  (-40..100)",200,40,,ET-H375.pdf,proizvodstvo-preobrazovatelej-napryazheniya_320####,Модульный преобразователь DC/DC Иртыш 5 В / 200 Вт ET-H375H-05VP200R23,Модульный преобразователь DC/DC Иртыш 5 В / 200 Вт ET-H375H-05VP200R23⚡Серия «ИРТЫШ»®⚡DC/DC модульные преобразователи ✔ полная «PIN-TO-PIN» совместимость с продукцией VICOR⚡Производство преобразователей напряжения ЭКБ ТЕСТ,ЭКБ ТЕСТ — надёжный партнёр для вашего бизнеса. Комплексные решения в микроэлектронике. Адекватные цены на производство преобразователей. Разумные сроки. Индивидуальный подход.,Модульные преобразователи ИРТЫШ,modulnye-preobrazovateli-irtysh,proizvodstvo-preobrazovatelej-napryazheniya_section_2
proizvodstvo-preobrazovatelej-napryazheniya_120,Модульный преобразователь DC/DC Иртыш 8 В / 200 Вт ET-H375H-08VP200R23,Y,modulnyj-preobrazovatel-dc-dc-irtysh-8-v-200-vt-et-h375h-08vp200r23,12100,,html,ET-H.jpg,,html,ET-H.jpg,ЭКБ ТЕСТ,DC/DC,ET-H375,ET-H375H-08VP200R23,"""375"" (250..425)",8,1/2 brick,"57,9","55,9","12,7","""H""  (-40..100)",200,25,,ET-H375.pdf,proizvodstvo-preobrazovatelej-napryazheniya_320####,Модульный преобразователь DC/DC Иртыш 8 В / 200 Вт ET-H375H-08VP200R23,Модульный преобразователь DC/DC Иртыш 8 В / 200 Вт ET-H375H-08VP200R23⚡Серия «ИРТЫШ»®⚡DC/DC модульные преобразователи ✔ полная «PIN-TO-PIN» совместимость с продукцией VICOR⚡Производство преобразователей напряжения ЭКБ ТЕСТ,ЭКБ ТЕСТ — надёжный партнёр для вашего бизнеса. Комплексные решения в микроэлектронике. Адекватные цены на производство преобразователей. Разумные сроки. Индивидуальный подход.,Модульные преобразователи ИРТЫШ,modulnye-preobrazovateli-irtysh,proizvodstvo-preobrazovatelej-napryazheniya_section_2
proizvodstvo-preobrazovatelej-napryazheniya_121,Модульный преобразователь DC/DC Иртыш 12 В / 250 Вт ET-H375H-12VP250R23,Y,modulnyj-preobrazovatel-dc-dc-irtysh-12-v-250-vt-et-h375h-12vp250r23,12200,,html,ET-H.jpg,,html,ET-H.jpg,ЭКБ ТЕСТ,DC/DC,ET-H375,ET-H375H-12VP250R23,"""375"" (250..425)",12,1/2 brick,"57,9","55,9","12,7","""H""  (-40..100)",250,"20,8",,ET-H375.pdf,proizvodstvo-preobrazovatelej-napryazheniya_320####,Модульный преобразователь DC/DC Иртыш 12 В / 250 Вт ET-H375H-12VP250R23,Модульный преобразователь DC/DC Иртыш 12 В / 250 Вт ET-H375H-12VP250R23⚡Серия «ИРТЫШ»®⚡DC/DC модульные преобразователи ✔ полная «PIN-TO-PIN» совместимость с продукцией VICOR⚡Производство преобразователей напряжения ЭКБ ТЕСТ,ЭКБ ТЕСТ — надёжный партнёр для вашего бизнеса. Комплексные решения в микроэлектронике. Адекватные цены на производство преобразователей. Разумные сроки. Индивидуальный подход.,Модульные преобразователи ИРТЫШ,modulnye-preobrazovateli-irtysh,proizvodstvo-preobrazovatelej-napryazheniya_section_2
proizvodstvo-preobrazovatelej-napryazheniya_122,Модульный преобразователь DC/DC Иртыш 15 В / 250 Вт ET-H375H-15VP250R23,Y,modulnyj-preobrazovatel-dc-dc-irtysh-15-v-250-vt-et-h375h-15vp250r23,12300,,html,ET-H.jpg,,html,ET-H.jpg,ЭКБ ТЕСТ,DC/DC,ET-H375,ET-H375H-15VP250R23,"""375"" (250..425)",15,1/2 brick,"57,9","55,9","12,7","""H""  (-40..100)",250,"16,7",,ET-H375.pdf,proizvodstvo-preobrazovatelej-napryazheniya_320####,Модульный преобразователь DC/DC Иртыш 15 В / 250 Вт ET-H375H-15VP250R23,Модульный преобразователь DC/DC Иртыш 15 В / 250 Вт ET-H375H-15VP250R23⚡Серия «ИРТЫШ»®⚡DC/DC модульные преобразователи ✔ полная «PIN-TO-PIN» совместимость с продукцией VICOR⚡Производство преобразователей напряжения ЭКБ ТЕСТ,ЭКБ ТЕСТ — надёжный партнёр для вашего бизнеса. Комплексные решения в микроэлектронике. Адекватные цены на производство преобразователей. Разумные сроки. Индивидуальный подход.,Модульные преобразователи ИРТЫШ,modulnye-preobrazovateli-irtysh,proizvodstvo-preobrazovatelej-napryazheniya_section_2
proizvodstvo-preobrazovatelej-napryazheniya_123,Модульный преобразователь DC/DC Иртыш 24 В / 250 Вт ET-H375H-24VP250R23,Y,modulnyj-preobrazovatel-dc-dc-irtysh-24-v-250-vt-et-h375h-24vp250r23,12400,,html,ET-H.jpg,,html,ET-H.jpg,ЭКБ ТЕСТ,DC/DC,ET-H375,ET-H375H-24VP250R23,"""375"" (250..425)",24,1/2 brick,"57,9","55,9","12,7","""H""  (-40..100)",250,"10,4",,ET-H375.pdf,proizvodstvo-preobrazovatelej-napryazheniya_320####,Модульный преобразователь DC/DC Иртыш 24 В / 250 Вт ET-H375H-24VP250R23,Модульный преобразователь DC/DC Иртыш 24 В / 250 Вт ET-H375H-24VP250R23⚡Серия «ИРТЫШ»®⚡DC/DC модульные преобразователи ✔ полная «PIN-TO-PIN» совместимость с продукцией VICOR⚡Производство преобразователей напряжения ЭКБ ТЕСТ,ЭКБ ТЕСТ — надёжный партнёр для вашего бизнеса. Комплексные решения в микроэлектронике. Адекватные цены на производство преобразователей. Разумные сроки. Индивидуальный подход.,Модульные преобразователи ИРТЫШ,modulnye-preobrazovateli-irtysh,proizvodstvo-preobrazovatelej-napryazheniya_section_2
proizvodstvo-preobrazovatelej-napryazheniya_124,Модульный преобразователь DC/DC Иртыш 28 В / 250 Вт ET-H375H-28VP250R23,Y,modulnyj-preobrazovatel-dc-dc-irtysh-28-v-250-vt-et-h375h-28vp250r23,12500,,html,ET-H.jpg,,html,ET-H.jpg,ЭКБ ТЕСТ,DC/DC,ET-H375,ET-H375H-28VP250R23,"""375"" (250..425)",28,1/2 brick,"57,9","55,9","12,7","""H""  (-40..100)",250,"8,9",,ET-H375.pdf,proizvodstvo-preobrazovatelej-napryazheniya_320####,Модульный преобразователь DC/DC Иртыш 28 В / 250 Вт ET-H375H-28VP250R23,Модульный преобразователь DC/DC Иртыш 28 В / 250 Вт ET-H375H-28VP250R23⚡Серия «ИРТЫШ»®⚡DC/DC модульные преобразователи ✔ полная «PIN-TO-PIN» совместимость с продукцией VICOR⚡Производство преобразователей напряжения ЭКБ ТЕСТ,ЭКБ ТЕСТ — надёжный партнёр для вашего бизнеса. Комплексные решения в микроэлектронике. Адекватные цены на производство преобразователей. Разумные сроки. Индивидуальный подход.,Модульные преобразователи ИРТЫШ,modulnye-preobrazovateli-irtysh,proizvodstvo-preobrazovatelej-napryazheniya_section_2
proizvodstvo-preobrazovatelej-napryazheniya_125,Модульный преобразователь DC/DC Иртыш 36 В / 250 Вт ET-H375H-36VP250R23,Y,modulnyj-preobrazovatel-dc-dc-irtysh-36-v-250-vt-et-h375h-36vp250r23,12600,,html,ET-H.jpg,,html,ET-H.jpg,ЭКБ ТЕСТ,DC/DC,ET-H375,ET-H375H-36VP250R23,"""375"" (250..425)",36,1/2 brick,"57,9","55,9","12,7","""H""  (-40..100)",250,"6,9",,ET-H375.pdf,proizvodstvo-preobrazovatelej-napryazheniya_320####,Модульный преобразователь DC/DC Иртыш 36 В / 250 Вт ET-H375H-36VP250R23,Модульный преобразователь DC/DC Иртыш 36 В / 250 Вт ET-H375H-36VP250R23⚡Серия «ИРТЫШ»®⚡DC/DC модульные преобразователи ✔ полная «PIN-TO-PIN» совместимость с продукцией VICOR⚡Производство преобразователей напряжения ЭКБ ТЕСТ,ЭКБ ТЕСТ — надёжный партнёр для вашего бизнеса. Комплексные решения в микроэлектронике. Адекватные цены на производство преобразователей. Разумные сроки. Индивидуальный подход.,Модульные преобразователи ИРТЫШ,modulnye-preobrazovateli-irtysh,proizvodstvo-preobrazovatelej-napryazheniya_section_2
proizvodstvo-preobrazovatelej-napryazheniya_126,Модульный преобразователь DC/DC Иртыш 48 В / 250 Вт ET-H375H-48VP250R23,Y,modulnyj-preobrazovatel-dc-dc-irtysh-48-v-250-vt-et-h375h-48vp250r23,12700,,html,ET-H.jpg,,html,ET-H.jpg,ЭКБ ТЕСТ,DC/DC,ET-H375,ET-H375H-48VP250R23,"""375"" (250..425)",48,1/2 brick,"57,9","55,9","12,7","""H""  (-40..100)",250,"5,2",,ET-H375.pdf,proizvodstvo-preobrazovatelej-napryazheniya_320####,Модульный преобразователь DC/DC Иртыш 48 В / 250 Вт ET-H375H-48VP250R23,Модульный преобразователь DC/DC Иртыш 48 В / 250 Вт ET-H375H-48VP250R23⚡Серия «ИРТЫШ»®⚡DC/DC модульные преобразователи ✔ полная «PIN-TO-PIN» совместимость с продукцией VICOR⚡Производство преобразователей напряжения ЭКБ ТЕСТ,ЭКБ ТЕСТ — надёжный партнёр для вашего бизнеса. Комплексные решения в микроэлектронике. Адекватные цены на производство преобразователей. Разумные сроки. Индивидуальный подход.,Модульные преобразователи ИРТЫШ,modulnye-preobrazovateli-irtysh,proizvodstvo-preobrazovatelej-napryazheniya_section_2
proizvodstvo-preobrazovatelej-napryazheniya_127,"Модульный преобразователь DC/DC Иртыш 3,3 В / 150 Вт ET-H375M-3V3P150R23",Y,modulnyj-preobrazovatel-dc-dc-irtysh-3-3-v-150-vt-et-h375m-3v3p150r23,12800,,html,ET-H.jpg,,html,ET-H.jpg,ЭКБ ТЕСТ,DC/DC,ET-H375,ET-H375M-3V3P150R23,"""375"" (250..425)","3,3",1/2 brick,"57,9","55,9","12,7","""M""  (-55..100)",150,"45,4",,ET-H375.pdf,proizvodstvo-preobrazovatelej-napryazheniya_320####,"Модульный преобразователь DC/DC Иртыш 3,3 В / 150 Вт ET-H375M-3V3P150R23","Модульный преобразователь DC/DC Иртыш 3,3 В / 150 Вт ET-H375M-3V3P150R23⚡Серия «ИРТЫШ»®⚡DC/DC модульные преобразователи ✔ полная «PIN-TO-PIN» совместимость с продукцией VICOR⚡Производство преобразователей напряжения ЭКБ ТЕСТ",ЭКБ ТЕСТ — надёжный партнёр для вашего бизнеса. Комплексные решения в микроэлектронике. Адекватные цены на производство преобразователей. Разумные сроки. Индивидуальный подход.,Модульные преобразователи ИРТЫШ,modulnye-preobrazovateli-irtysh,proizvodstvo-preobrazovatelej-napryazheniya_section_2
proizvodstvo-preobrazovatelej-napryazheniya_128,Модульный преобразователь DC/DC Иртыш 5 В / 200 Вт ET-H375M-05VP200R23,Y,modulnyj-preobrazovatel-dc-dc-irtysh-5-v-200-vt-et-h375m-05vp200r23,12900,,html,ET-H.jpg,,html,ET-H.jpg,ЭКБ ТЕСТ,DC/DC,ET-H375,ET-H375M-05VP200R23,"""375"" (250..425)",5,1/2 brick,"57,9","55,9","12,7","""M""  (-55..100)",200,40,,ET-H375.pdf,proizvodstvo-preobrazovatelej-napryazheniya_320####,Модульный преобразователь DC/DC Иртыш 5 В / 200 Вт ET-H375M-05VP200R23,Модульный преобразователь DC/DC Иртыш 5 В / 200 Вт ET-H375M-05VP200R23⚡Серия «ИРТЫШ»®⚡DC/DC модульные преобразователи ✔ полная «PIN-TO-PIN» совместимость с продукцией VICOR⚡Производство преобразователей напряжения ЭКБ ТЕСТ,ЭКБ ТЕСТ — надёжный партнёр для вашего бизнеса. Комплексные решения в микроэлектронике. Адекватные цены на производство преобразователей. Разумные сроки. Индивидуальный подход.,Модульные преобразователи ИРТЫШ,modulnye-preobrazovateli-irtysh,proizvodstvo-preobrazovatelej-napryazheniya_section_2
proizvodstvo-preobrazovatelej-napryazheniya_129,Модульный преобразователь DC/DC Иртыш 8 В / 200 Вт ET-H375M-08VP200R23,Y,modulnyj-preobrazovatel-dc-dc-irtysh-8-v-200-vt-et-h375m-08vp200r23,13000,,html,ET-H.jpg,,html,ET-H.jpg,ЭКБ ТЕСТ,DC/DC,ET-H375,ET-H375M-08VP200R23,"""375"" (250..425)",8,1/2 brick,"57,9","55,9","12,7","""M""  (-55..100)",200,25,,ET-H375.pdf,proizvodstvo-preobrazovatelej-napryazheniya_320####,Модульный преобразователь DC/DC Иртыш 8 В / 200 Вт ET-H375M-08VP200R23,Модульный преобразователь DC/DC Иртыш 8 В / 200 Вт ET-H375M-08VP200R23⚡Серия «ИРТЫШ»®⚡DC/DC модульные преобразователи ✔ полная «PIN-TO-PIN» совместимость с продукцией VICOR⚡Производство преобразователей напряжения ЭКБ ТЕСТ,ЭКБ ТЕСТ — надёжный партнёр для вашего бизнеса. Комплексные решения в микроэлектронике. Адекватные цены на производство преобразователей. Разумные сроки. Индивидуальный подход.,Модульные преобразователи ИРТЫШ,modulnye-preobrazovateli-irtysh,proizvodstvo-preobrazovatelej-napryazheniya_section_2
proizvodstvo-preobrazovatelej-napryazheniya_130,Модульный преобразователь DC/DC Иртыш 12 В / 250 Вт ET-H375M-12VP250R23,Y,modulnyj-preobrazovatel-dc-dc-irtysh-12-v-250-vt-et-h375m-12vp250r23,13100,,html,ET-H.jpg,,html,ET-H.jpg,ЭКБ ТЕСТ,DC/DC,ET-H375,ET-H375M-12VP250R23,"""375"" (250..425)",12,1/2 brick,"57,9","55,9","12,7","""M""  (-55..100)",250,"20,8",,ET-H375.pdf,proizvodstvo-preobrazovatelej-napryazheniya_320####,Модульный преобразователь DC/DC Иртыш 12 В / 250 Вт ET-H375M-12VP250R23,Модульный преобразователь DC/DC Иртыш 12 В / 250 Вт ET-H375M-12VP250R23⚡Серия «ИРТЫШ»®⚡DC/DC модульные преобразователи ✔ полная «PIN-TO-PIN» совместимость с продукцией VICOR⚡Производство преобразователей напряжения ЭКБ ТЕСТ,ЭКБ ТЕСТ — надёжный партнёр для вашего бизнеса. Комплексные решения в микроэлектронике. Адекватные цены на производство преобразователей. Разумные сроки. Индивидуальный подход.,Модульные преобразователи ИРТЫШ,modulnye-preobrazovateli-irtysh,proizvodstvo-preobrazovatelej-napryazheniya_section_2
proizvodstvo-preobrazovatelej-napryazheniya_131,Модульный преобразователь DC/DC Иртыш 15 В / 250 Вт ET-H375M-15VP250R23,Y,modulnyj-preobrazovatel-dc-dc-irtysh-15-v-250-vt-et-h375m-15vp250r23,13200,,html,ET-H.jpg,,html,ET-H.jpg,ЭКБ ТЕСТ,DC/DC,ET-H375,ET-H375M-15VP250R23,"""375"" (250..425)",15,1/2 brick,"57,9","55,9","12,7","""M""  (-55..100)",250,"16,7",,ET-H375.pdf,proizvodstvo-preobrazovatelej-napryazheniya_320####,Модульный преобразователь DC/DC Иртыш 15 В / 250 Вт ET-H375M-15VP250R23,Модульный преобразователь DC/DC Иртыш 15 В / 250 Вт ET-H375M-15VP250R23⚡Серия «ИРТЫШ»®⚡DC/DC модульные преобразователи ✔ полная «PIN-TO-PIN» совместимость с продукцией VICOR⚡Производство преобразователей напряжения ЭКБ ТЕСТ,ЭКБ ТЕСТ — надёжный партнёр для вашего бизнеса. Комплексные решения в микроэлектронике. Адекватные цены на производство преобразователей. Разумные сроки. Индивидуальный подход.,Модульные преобразователи ИРТЫШ,modulnye-preobrazovateli-irtysh,proizvodstvo-preobrazovatelej-napryazheniya_section_2
proizvodstvo-preobrazovatelej-napryazheniya_132,Модульный преобразователь DC/DC Иртыш 24 В / 250 Вт ET-H375M-24VP250R23,Y,modulnyj-preobrazovatel-dc-dc-irtysh-24-v-250-vt-et-h375m-24vp250r23,13300,,html,ET-H.jpg,,html,ET-H.jpg,ЭКБ ТЕСТ,DC/DC,ET-H375,ET-H375M-24VP250R23,"""375"" (250..425)",24,1/2 brick,"57,9","55,9","12,7","""M""  (-55..100)",250,"10,4",,ET-H375.pdf,proizvodstvo-preobrazovatelej-napryazheniya_320####,Модульный преобразователь DC/DC Иртыш 24 В / 250 Вт ET-H375M-24VP250R23,Модульный преобразователь DC/DC Иртыш 24 В / 250 Вт ET-H375M-24VP250R23⚡Серия «ИРТЫШ»®⚡DC/DC модульные преобразователи ✔ полная «PIN-TO-PIN» совместимость с продукцией VICOR⚡Производство преобразователей напряжения ЭКБ ТЕСТ,ЭКБ ТЕСТ — надёжный партнёр для вашего бизнеса. Комплексные решения в микроэлектронике. Адекватные цены на производство преобразователей. Разумные сроки. Индивидуальный подход.,Модульные преобразователи ИРТЫШ,modulnye-preobrazovateli-irtysh,proizvodstvo-preobrazovatelej-napryazheniya_section_2
proizvodstvo-preobrazovatelej-napryazheniya_133,Модульный преобразователь DC/DC Иртыш 28 В / 250 Вт ET-H375M-28VP250R23,Y,modulnyj-preobrazovatel-dc-dc-irtysh-28-v-250-vt-et-h375m-28vp250r23,13400,,html,ET-H.jpg,,html,ET-H.jpg,ЭКБ ТЕСТ,DC/DC,ET-H375,ET-H375M-28VP250R23,"""375"" (250..425)",28,1/2 brick,"57,9","55,9","12,7","""M""  (-55..100)",250,"8,9",,ET-H375.pdf,proizvodstvo-preobrazovatelej-napryazheniya_320####,Модульный преобразователь DC/DC Иртыш 28 В / 250 Вт ET-H375M-28VP250R23,Модульный преобразователь DC/DC Иртыш 28 В / 250 Вт ET-H375M-28VP250R23⚡Серия «ИРТЫШ»®⚡DC/DC модульные преобразователи ✔ полная «PIN-TO-PIN» совместимость с продукцией VICOR⚡Производство преобразователей напряжения ЭКБ ТЕСТ,ЭКБ ТЕСТ — надёжный партнёр для вашего бизнеса. Комплексные решения в микроэлектронике. Адекватные цены на производство преобразователей. Разумные сроки. Индивидуальный подход.,Модульные преобразователи ИРТЫШ,modulnye-preobrazovateli-irtysh,proizvodstvo-preobrazovatelej-napryazheniya_section_2
proizvodstvo-preobrazovatelej-napryazheniya_134,Модульный преобразователь DC/DC Иртыш 36 В / 250 Вт ET-H375M-36VP250R23,Y,modulnyj-preobrazovatel-dc-dc-irtysh-36-v-250-vt-et-h375m-36vp250r23,13500,,html,ET-H.jpg,,html,ET-H.jpg,ЭКБ ТЕСТ,DC/DC,ET-H375,ET-H375M-36VP250R23,"""375"" (250..425)",36,1/2 brick,"57,9","55,9","12,7","""M""  (-55..100)",250,"6,9",,ET-H375.pdf,proizvodstvo-preobrazovatelej-napryazheniya_320####,Модульный преобразователь DC/DC Иртыш 36 В / 250 Вт ET-H375M-36VP250R23,Модульный преобразователь DC/DC Иртыш 36 В / 250 Вт ET-H375M-36VP250R23⚡Серия «ИРТЫШ»®⚡DC/DC модульные преобразователи ✔ полная «PIN-TO-PIN» совместимость с продукцией VICOR⚡Производство преобразователей напряжения ЭКБ ТЕСТ,ЭКБ ТЕСТ — надёжный партнёр для вашего бизнеса. Комплексные решения в микроэлектронике. Адекватные цены на производство преобразователей. Разумные сроки. Индивидуальный подход.,Модульные преобразователи ИРТЫШ,modulnye-preobrazovateli-irtysh,proizvodstvo-preobrazovatelej-napryazheniya_section_2
proizvodstvo-preobrazovatelej-napryazheniya_135,Модульный преобразователь DC/DC Иртыш 48 В / 250 Вт ET-H375M-48VP250R23,Y,modulnyj-preobrazovatel-dc-dc-irtysh-48-v-250-vt-et-h375m-48vp250r23,13600,,html,ET-H.jpg,,html,ET-H.jpg,ЭКБ ТЕСТ,DC/DC,ET-H375,ET-H375M-48VP250R23,"""375"" (250..425)",48,1/2 brick,"57,9","55,9","12,7","""M""  (-55..100)",250,"5,2",,ET-H375.pdf,proizvodstvo-preobrazovatelej-napryazheniya_320####,Модульный преобразователь DC/DC Иртыш 48 В / 250 Вт ET-H375M-48VP250R23,Модульный преобразователь DC/DC Иртыш 48 В / 250 Вт ET-H375M-48VP250R23⚡Серия «ИРТЫШ»®⚡DC/DC модульные преобразователи ✔ полная «PIN-TO-PIN» совместимость с продукцией VICOR⚡Производство преобразователей напряжения ЭКБ ТЕСТ,ЭКБ ТЕСТ — надёжный партнёр для вашего бизнеса. Комплексные решения в микроэлектронике. Адекватные цены на производство преобразователей. Разумные сроки. Индивидуальный подход.,Модульные преобразователи ИРТЫШ,modulnye-preobrazovateli-irtysh,proizvodstvo-preobrazovatelej-napryazheniya_section_2
proizvodstvo-preobrazovatelej-napryazheniya_136,"Модульный преобразователь DC/DC Иртыш 3,3 В / 150 Вт ET-Q375C-3V3P075R23",Y,modulnyj-preobrazovatel-dc-dc-irtysh-3-3-v-150-vt-et-q375c-3v3p075r23,13700,,html,ET-Q.jpg,,html,ET-Q.jpg,ЭКБ ТЕСТ,DC/DC,ET-Q375,ET-Q375C-3V3P075R23,"""375"" (250..425)","3,3",1/4 brick,"57,9","36,8","12,7","""C""  (-20..100)",150,"22,7",,ET-Q375.pdf,proizvodstvo-preobrazovatelej-napryazheniya_321####,"Модульный преобразователь DC/DC Иртыш 3,3 В / 150 Вт ET-Q375C-3V3P075R23","Модульный преобразователь DC/DC Иртыш 3,3 В / 150 Вт ET-Q375C-3V3P075R23⚡Серия «ИРТЫШ»®⚡DC/DC модульные преобразователи ✔ полная «PIN-TO-PIN» совместимость с продукцией VICOR⚡Производство преобразователей напряжения ЭКБ ТЕСТ",ЭКБ ТЕСТ — надёжный партнёр для вашего бизнеса. Комплексные решения в микроэлектронике. Адекватные цены на производство преобразователей. Разумные сроки. Индивидуальный подход.,Модульные преобразователи ИРТЫШ,modulnye-preobrazovateli-irtysh,proizvodstvo-preobrazovatelej-napryazheniya_section_2
proizvodstvo-preobrazovatelej-napryazheniya_137,Модульный преобразователь DC/DC Иртыш 5 В / 200 Вт ET-Q375C-05VP100R23,Y,modulnyj-preobrazovatel-dc-dc-irtysh-5-v-200-vt-et-q375c-05vp100r23,13800,,html,ET-Q.jpg,,html,ET-Q.jpg,ЭКБ ТЕСТ,DC/DC,ET-Q375,ET-Q375C-05VP100R23,"""375"" (250..425)",5,1/4 brick,"57,9","36,8","12,7","""C""  (-20..100)",200,20,,ET-Q375.pdf,proizvodstvo-preobrazovatelej-napryazheniya_321####,Модульный преобразователь DC/DC Иртыш 5 В / 200 Вт ET-Q375C-05VP100R23,Модульный преобразователь DC/DC Иртыш 5 В / 200 Вт ET-Q375C-05VP100R23⚡Серия «ИРТЫШ»®⚡DC/DC модульные преобразователи ✔ полная «PIN-TO-PIN» совместимость с продукцией VICOR⚡Производство преобразователей напряжения ЭКБ ТЕСТ,ЭКБ ТЕСТ — надёжный партнёр для вашего бизнеса. Комплексные решения в микроэлектронике. Адекватные цены на производство преобразователей. Разумные сроки. Индивидуальный подход.,Модульные преобразователи ИРТЫШ,modulnye-preobrazovateli-irtysh,proizvodstvo-preobrazovatelej-napryazheniya_section_2
proizvodstvo-preobrazovatelej-napryazheniya_138,Модульный преобразователь DC/DC Иртыш 8 В / 200 Вт ET-Q375C-08VP100R23,Y,modulnyj-preobrazovatel-dc-dc-irtysh-8-v-200-vt-et-q375c-08vp100r23,13900,,html,ET-Q.jpg,,html,ET-Q.jpg,ЭКБ ТЕСТ,DC/DC,ET-Q375,ET-Q375C-08VP100R23,"""375"" (250..425)",8,1/4 brick,"57,9","36,8","12,7","""C""  (-20..100)",200,"12,5",,ET-Q375.pdf,proizvodstvo-preobrazovatelej-napryazheniya_321####,Модульный преобразователь DC/DC Иртыш 8 В / 200 Вт ET-Q375C-08VP100R23,Модульный преобразователь DC/DC Иртыш 8 В / 200 Вт ET-Q375C-08VP100R23⚡Серия «ИРТЫШ»®⚡DC/DC модульные преобразователи ✔ полная «PIN-TO-PIN» совместимость с продукцией VICOR⚡Производство преобразователей напряжения ЭКБ ТЕСТ,ЭКБ ТЕСТ — надёжный партнёр для вашего бизнеса. Комплексные решения в микроэлектронике. Адекватные цены на производство преобразователей. Разумные сроки. Индивидуальный подход.,Модульные преобразователи ИРТЫШ,modulnye-preobrazovateli-irtysh,proizvodstvo-preobrazovatelej-napryazheniya_section_2
proizvodstvo-preobrazovatelej-napryazheniya_139,Модульный преобразователь DC/DC Иртыш 12 В / 250 Вт ET-Q375C-12VP150R23,Y,modulnyj-preobrazovatel-dc-dc-irtysh-12-v-250-vt-et-q375c-12vp150r23,14000,,html,ET-Q.jpg,,html,ET-Q.jpg,ЭКБ ТЕСТ,DC/DC,ET-Q375,ET-Q375C-12VP150R23,"""375"" (250..425)",12,1/4 brick,"57,9","36,8","12,7","""C""  (-20..100)",250,"12,5",,ET-Q375.pdf,proizvodstvo-preobrazovatelej-napryazheniya_321####,Модульный преобразователь DC/DC Иртыш 12 В / 250 Вт ET-Q375C-12VP150R23,Модульный преобразователь DC/DC Иртыш 12 В / 250 Вт ET-Q375C-12VP150R23⚡Серия «ИРТЫШ»®⚡DC/DC модульные преобразователи ✔ полная «PIN-TO-PIN» совместимость с продукцией VICOR⚡Производство преобразователей напряжения ЭКБ ТЕСТ,ЭКБ ТЕСТ — надёжный партнёр для вашего бизнеса. Комплексные решения в микроэлектронике. Адекватные цены на производство преобразователей. Разумные сроки. Индивидуальный подход.,Модульные преобразователи ИРТЫШ,modulnye-preobrazovateli-irtysh,proizvodstvo-preobrazovatelej-napryazheniya_section_2
proizvodstvo-preobrazovatelej-napryazheniya_140,Модульный преобразователь DC/DC Иртыш 15 В / 250 Вт ET-Q375C-15VP150R23,Y,modulnyj-preobrazovatel-dc-dc-irtysh-15-v-250-vt-et-q375c-15vp150r23,14100,,html,ET-Q.jpg,,html,ET-Q.jpg,ЭКБ ТЕСТ,DC/DC,ET-Q375,ET-Q375C-15VP150R23,"""375"" (250..425)",15,1/4 brick,"57,9","36,8","12,7","""C""  (-20..100)",250,10,,ET-Q375.pdf,proizvodstvo-preobrazovatelej-napryazheniya_321####,Модульный преобразователь DC/DC Иртыш 15 В / 250 Вт ET-Q375C-15VP150R23,Модульный преобразователь DC/DC Иртыш 15 В / 250 Вт ET-Q375C-15VP150R23⚡Серия «ИРТЫШ»®⚡DC/DC модульные преобразователи ✔ полная «PIN-TO-PIN» совместимость с продукцией VICOR⚡Производство преобразователей напряжения ЭКБ ТЕСТ,ЭКБ ТЕСТ — надёжный партнёр для вашего бизнеса. Комплексные решения в микроэлектронике. Адекватные цены на производство преобразователей. Разумные сроки. Индивидуальный подход.,Модульные преобразователи ИРТЫШ,modulnye-preobrazovateli-irtysh,proizvodstvo-preobrazovatelej-napryazheniya_section_2
proizvodstvo-preobrazovatelej-napryazheniya_141,Модульный преобразователь DC/DC Иртыш 24 В / 250 Вт ET-Q375C-24VP150R23,Y,modulnyj-preobrazovatel-dc-dc-irtysh-24-v-250-vt-et-q375c-24vp150r23,14200,,html,ET-Q.jpg,,html,ET-Q.jpg,ЭКБ ТЕСТ,DC/DC,ET-Q375,ET-Q375C-24VP150R23,"""375"" (250..425)",24,1/4 brick,"57,9","36,8","12,7","""C""  (-20..100)",250,"6,25",,ET-Q375.pdf,proizvodstvo-preobrazovatelej-napryazheniya_321####,Модульный преобразователь DC/DC Иртыш 24 В / 250 Вт ET-Q375C-24VP150R23,Модульный преобразователь DC/DC Иртыш 24 В / 250 Вт ET-Q375C-24VP150R23⚡Серия «ИРТЫШ»®⚡DC/DC модульные преобразователи ✔ полная «PIN-TO-PIN» совместимость с продукцией VICOR⚡Производство преобразователей напряжения ЭКБ ТЕСТ,ЭКБ ТЕСТ — надёжный партнёр для вашего бизнеса. Комплексные решения в микроэлектронике. Адекватные цены на производство преобразователей. Разумные сроки. Индивидуальный подход.,Модульные преобразователи ИРТЫШ,modulnye-preobrazovateli-irtysh,proizvodstvo-preobrazovatelej-napryazheniya_section_2
proizvodstvo-preobrazovatelej-napryazheniya_142,Модульный преобразователь DC/DC Иртыш 28 В / 250 Вт ET-Q375C-28VP150R23,Y,modulnyj-preobrazovatel-dc-dc-irtysh-28-v-250-vt-et-q375c-28vp150r23,14300,,html,ET-Q.jpg,,html,ET-Q.jpg,ЭКБ ТЕСТ,DC/DC,ET-Q375,ET-Q375C-28VP150R23,"""375"" (250..425)",28,1/4 brick,"57,9","36,8","12,7","""C""  (-20..100)",250,"5,36",,ET-Q375.pdf,proizvodstvo-preobrazovatelej-napryazheniya_321####,Модульный преобразователь DC/DC Иртыш 28 В / 250 Вт ET-Q375C-28VP150R23,Модульный преобразователь DC/DC Иртыш 28 В / 250 Вт ET-Q375C-28VP150R23⚡Серия «ИРТЫШ»®⚡DC/DC модульные преобразователи ✔ полная «PIN-TO-PIN» совместимость с продукцией VICOR⚡Производство преобразователей напряжения ЭКБ ТЕСТ,ЭКБ ТЕСТ — надёжный партнёр для вашего бизнеса. Комплексные решения в микроэлектронике. Адекватные цены на производство преобразователей. Разумные сроки. Индивидуальный подход.,Модульные преобразователи ИРТЫШ,modulnye-preobrazovateli-irtysh,proizvodstvo-preobrazovatelej-napryazheniya_section_2
proizvodstvo-preobrazovatelej-napryazheniya_143,Модульный преобразователь DC/DC Иртыш 36 В / 250 Вт ET-Q375C-36VP150R23,Y,modulnyj-preobrazovatel-dc-dc-irtysh-36-v-250-vt-et-q375c-36vp150r23,14400,,html,ET-Q.jpg,,html,ET-Q.jpg,ЭКБ ТЕСТ,DC/DC,ET-Q375,ET-Q375C-36VP150R23,"""375"" (250..425)",36,1/4 brick,"57,9","36,8","12,7","""C""  (-20..100)",250,"4,16",,ET-Q375.pdf,proizvodstvo-preobrazovatelej-napryazheniya_321####,Модульный преобразователь DC/DC Иртыш 36 В / 250 Вт ET-Q375C-36VP150R23,Модульный преобразователь DC/DC Иртыш 36 В / 250 Вт ET-Q375C-36VP150R23⚡Серия «ИРТЫШ»®⚡DC/DC модульные преобразователи ✔ полная «PIN-TO-PIN» совместимость с продукцией VICOR⚡Производство преобразователей напряжения ЭКБ ТЕСТ,ЭКБ ТЕСТ — надёжный партнёр для вашего бизнеса. Комплексные решения в микроэлектронике. Адекватные цены на производство преобразователей. Разумные сроки. Индивидуальный подход.,Модульные преобразователи ИРТЫШ,modulnye-preobrazovateli-irtysh,proizvodstvo-preobrazovatelej-napryazheniya_section_2
proizvodstvo-preobrazovatelej-napryazheniya_144,Модульный преобразователь DC/DC Иртыш 48 В / 250 Вт ET-Q375C-48VP150R23,Y,modulnyj-preobrazovatel-dc-dc-irtysh-48-v-250-vt-et-q375c-48vp150r23,14500,,html,ET-Q.jpg,,html,ET-Q.jpg,ЭКБ ТЕСТ,DC/DC,ET-Q375,ET-Q375C-48VP150R23,"""375"" (250..425)",48,1/4 brick,"57,9","36,8","12,7","""C""  (-20..100)",250,"3,13",,ET-Q375.pdf,proizvodstvo-preobrazovatelej-napryazheniya_321####,Модульный преобразователь DC/DC Иртыш 48 В / 250 Вт ET-Q375C-48VP150R23,Модульный преобразователь DC/DC Иртыш 48 В / 250 Вт ET-Q375C-48VP150R23⚡Серия «ИРТЫШ»®⚡DC/DC модульные преобразователи ✔ полная «PIN-TO-PIN» совместимость с продукцией VICOR⚡Производство преобразователей напряжения ЭКБ ТЕСТ,ЭКБ ТЕСТ — надёжный партнёр для вашего бизнеса. Комплексные решения в микроэлектронике. Адекватные цены на производство преобразователей. Разумные сроки. Индивидуальный подход.,Модульные преобразователи ИРТЫШ,modulnye-preobrazovateli-irtysh,proizvodstvo-preobrazovatelej-napryazheniya_section_2
proizvodstvo-preobrazovatelej-napryazheniya_145,"Модульный преобразователь DC/DC Иртыш 3,3 В / 150 Вт ET-Q375H-3V3P075R23",Y,modulnyj-preobrazovatel-dc-dc-irtysh-3-3-v-150-vt-et-q375h-3v3p075r23,14600,,html,ET-Q.jpg,,html,ET-Q.jpg,ЭКБ ТЕСТ,DC/DC,ET-Q375,ET-Q375H-3V3P075R23,"""375"" (250..425)","3,3",1/4 brick,"57,9","36,8","12,7","""H""  (-40..100)",150,"22,7",,ET-Q375.pdf,proizvodstvo-preobrazovatelej-napryazheniya_321####,"Модульный преобразователь DC/DC Иртыш 3,3 В / 150 Вт ET-Q375H-3V3P075R23","Модульный преобразователь DC/DC Иртыш 3,3 В / 150 Вт ET-Q375H-3V3P075R23⚡Серия «ИРТЫШ»®⚡DC/DC модульные преобразователи ✔ полная «PIN-TO-PIN» совместимость с продукцией VICOR⚡Производство преобразователей напряжения ЭКБ ТЕСТ",ЭКБ ТЕСТ — надёжный партнёр для вашего бизнеса. Комплексные решения в микроэлектронике. Адекватные цены на производство преобразователей. Разумные сроки. Индивидуальный подход.,Модульные преобразователи ИРТЫШ,modulnye-preobrazovateli-irtysh,proizvodstvo-preobrazovatelej-napryazheniya_section_2
proizvodstvo-preobrazovatelej-napryazheniya_146,Модульный преобразователь DC/DC Иртыш 5 В / 200 Вт ET-Q375H-05VP100R23,Y,modulnyj-preobrazovatel-dc-dc-irtysh-5-v-200-vt-et-q375h-05vp100r23,14700,,html,ET-Q.jpg,,html,ET-Q.jpg,ЭКБ ТЕСТ,DC/DC,ET-Q375,ET-Q375H-05VP100R23,"""375"" (250..425)",5,1/4 brick,"57,9","36,8","12,7","""H""  (-40..100)",200,20,,ET-Q375.pdf,proizvodstvo-preobrazovatelej-napryazheniya_321####,Модульный преобразователь DC/DC Иртыш 5 В / 200 Вт ET-Q375H-05VP100R23,Модульный преобразователь DC/DC Иртыш 5 В / 200 Вт ET-Q375H-05VP100R23⚡Серия «ИРТЫШ»®⚡DC/DC модульные преобразователи ✔ полная «PIN-TO-PIN» совместимость с продукцией VICOR⚡Производство преобразователей напряжения ЭКБ ТЕСТ,ЭКБ ТЕСТ — надёжный партнёр для вашего бизнеса. Комплексные решения в микроэлектронике. Адекватные цены на производство преобразователей. Разумные сроки. Индивидуальный подход.,Модульные преобразователи ИРТЫШ,modulnye-preobrazovateli-irtysh,proizvodstvo-preobrazovatelej-napryazheniya_section_2
proizvodstvo-preobrazovatelej-napryazheniya_147,Модульный преобразователь DC/DC Иртыш 8 В / 200 Вт ET-Q375H-08VP100R23,Y,modulnyj-preobrazovatel-dc-dc-irtysh-8-v-200-vt-et-q375h-08vp100r23,14800,,html,ET-Q.jpg,,html,ET-Q.jpg,ЭКБ ТЕСТ,DC/DC,ET-Q375,ET-Q375H-08VP100R23,"""375"" (250..425)",8,1/4 brick,"57,9","36,8","12,7","""H""  (-40..100)",200,"12,5",,ET-Q375.pdf,proizvodstvo-preobrazovatelej-napryazheniya_321####,Модульный преобразователь DC/DC Иртыш 8 В / 200 Вт ET-Q375H-08VP100R23,Модульный преобразователь DC/DC Иртыш 8 В / 200 Вт ET-Q375H-08VP100R23⚡Серия «ИРТЫШ»®⚡DC/DC модульные преобразователи ✔ полная «PIN-TO-PIN» совместимость с продукцией VICOR⚡Производство преобразователей напряжения ЭКБ ТЕСТ,ЭКБ ТЕСТ — надёжный партнёр для вашего бизнеса. Комплексные решения в микроэлектронике. Адекватные цены на производство преобразователей. Разумные сроки. Индивидуальный подход.,Модульные преобразователи ИРТЫШ,modulnye-preobrazovateli-irtysh,proizvodstvo-preobrazovatelej-napryazheniya_section_2
proizvodstvo-preobrazovatelej-napryazheniya_148,Модульный преобразователь DC/DC Иртыш 12 В / 250 Вт ET-Q375H-12VP150R23,Y,modulnyj-preobrazovatel-dc-dc-irtysh-12-v-250-vt-et-q375h-12vp150r23,14900,,html,ET-Q.jpg,,html,ET-Q.jpg,ЭКБ ТЕСТ,DC/DC,ET-Q375,ET-Q375H-12VP150R23,"""375"" (250..425)",12,1/4 brick,"57,9","36,8","12,7","""H""  (-40..100)",250,"12,5",,ET-Q375.pdf,proizvodstvo-preobrazovatelej-napryazheniya_321####,Модульный преобразователь DC/DC Иртыш 12 В / 250 Вт ET-Q375H-12VP150R23,Модульный преобразователь DC/DC Иртыш 12 В / 250 Вт ET-Q375H-12VP150R23⚡Серия «ИРТЫШ»®⚡DC/DC модульные преобразователи ✔ полная «PIN-TO-PIN» совместимость с продукцией VICOR⚡Производство преобразователей напряжения ЭКБ ТЕСТ,ЭКБ ТЕСТ — надёжный партнёр для вашего бизнеса. Комплексные решения в микроэлектронике. Адекватные цены на производство преобразователей. Разумные сроки. Индивидуальный подход.,Модульные преобразователи ИРТЫШ,modulnye-preobrazovateli-irtysh,proizvodstvo-preobrazovatelej-napryazheniya_section_2
proizvodstvo-preobrazovatelej-napryazheniya_149,Модульный преобразователь DC/DC Иртыш 15 В / 250 Вт ET-Q375H-15VP150R23,Y,modulnyj-preobrazovatel-dc-dc-irtysh-15-v-250-vt-et-q375h-15vp150r23,15000,,html,ET-Q.jpg,,html,ET-Q.jpg,ЭКБ ТЕСТ,DC/DC,ET-Q375,ET-Q375H-15VP150R23,"""375"" (250..425)",15,1/4 brick,"57,9","36,8","12,7","""H""  (-40..100)",250,10,,ET-Q375.pdf,proizvodstvo-preobrazovatelej-napryazheniya_321####,Модульный преобразователь DC/DC Иртыш 15 В / 250 Вт ET-Q375H-15VP150R23,Модульный преобразователь DC/DC Иртыш 15 В / 250 Вт ET-Q375H-15VP150R23⚡Серия «ИРТЫШ»®⚡DC/DC модульные преобразователи ✔ полная «PIN-TO-PIN» совместимость с продукцией VICOR⚡Производство преобразователей напряжения ЭКБ ТЕСТ,ЭКБ ТЕСТ — надёжный партнёр для вашего бизнеса. Комплексные решения в микроэлектронике. Адекватные цены на производство преобразователей. Разумные сроки. Индивидуальный подход.,Модульные преобразователи ИРТЫШ,modulnye-preobrazovateli-irtysh,proizvodstvo-preobrazovatelej-napryazheniya_section_2
proizvodstvo-preobrazovatelej-napryazheniya_150,Модульный преобразователь DC/DC Иртыш 24 В / 250 Вт ET-Q375H-24VP150R23,Y,modulnyj-preobrazovatel-dc-dc-irtysh-24-v-250-vt-et-q375h-24vp150r23,15100,,html,ET-Q.jpg,,html,ET-Q.jpg,ЭКБ ТЕСТ,DC/DC,ET-Q375,ET-Q375H-24VP150R23,"""375"" (250..425)",24,1/4 brick,"57,9","36,8","12,7","""H""  (-40..100)",250,"6,25",,ET-Q375.pdf,proizvodstvo-preobrazovatelej-napryazheniya_321####,Модульный преобразователь DC/DC Иртыш 24 В / 250 Вт ET-Q375H-24VP150R23,Модульный преобразователь DC/DC Иртыш 24 В / 250 Вт ET-Q375H-24VP150R23⚡Серия «ИРТЫШ»®⚡DC/DC модульные преобразователи ✔ полная «PIN-TO-PIN» совместимость с продукцией VICOR⚡Производство преобразователей напряжения ЭКБ ТЕСТ,ЭКБ ТЕСТ — надёжный партнёр для вашего бизнеса. Комплексные решения в микроэлектронике. Адекватные цены на производство преобразователей. Разумные сроки. Индивидуальный подход.,Модульные преобразователи ИРТЫШ,modulnye-preobrazovateli-irtysh,proizvodstvo-preobrazovatelej-napryazheniya_section_2
proizvodstvo-preobrazovatelej-napryazheniya_151,Модульный преобразователь DC/DC Иртыш 28 В / 250 Вт ET-Q375H-28VP150R23,Y,modulnyj-preobrazovatel-dc-dc-irtysh-28-v-250-vt-et-q375h-28vp150r23,15200,,html,ET-Q.jpg,,html,ET-Q.jpg,ЭКБ ТЕСТ,DC/DC,ET-Q375,ET-Q375H-28VP150R23,"""375"" (250..425)",28,1/4 brick,"57,9","36,8","12,7","""H""  (-40..100)",250,"5,36",,ET-Q375.pdf,proizvodstvo-preobrazovatelej-napryazheniya_321####,Модульный преобразователь DC/DC Иртыш 28 В / 250 Вт ET-Q375H-28VP150R23,Модульный преобразователь DC/DC Иртыш 28 В / 250 Вт ET-Q375H-28VP150R23⚡Серия «ИРТЫШ»®⚡DC/DC модульные преобразователи ✔ полная «PIN-TO-PIN» совместимость с продукцией VICOR⚡Производство преобразователей напряжения ЭКБ ТЕСТ,ЭКБ ТЕСТ — надёжный партнёр для вашего бизнеса. Комплексные решения в микроэлектронике. Адекватные цены на производство преобразователей. Разумные сроки. Индивидуальный подход.,Модульные преобразователи ИРТЫШ,modulnye-preobrazovateli-irtysh,proizvodstvo-preobrazovatelej-napryazheniya_section_2
proizvodstvo-preobrazovatelej-napryazheniya_152,Модульный преобразователь DC/DC Иртыш 36 В / 250 Вт ET-Q375H-36VP150R23,Y,modulnyj-preobrazovatel-dc-dc-irtysh-36-v-250-vt-et-q375h-36vp150r23,15300,,html,ET-Q.jpg,,html,ET-Q.jpg,ЭКБ ТЕСТ,DC/DC,ET-Q375,ET-Q375H-36VP150R23,"""375"" (250..425)",36,1/4 brick,"57,9","36,8","12,7","""H""  (-40..100)",250,"4,16",,ET-Q375.pdf,proizvodstvo-preobrazovatelej-napryazheniya_321####,Модульный преобразователь DC/DC Иртыш 36 В / 250 Вт ET-Q375H-36VP150R23,Модульный преобразователь DC/DC Иртыш 36 В / 250 Вт ET-Q375H-36VP150R23⚡Серия «ИРТЫШ»®⚡DC/DC модульные преобразователи ✔ полная «PIN-TO-PIN» совместимость с продукцией VICOR⚡Производство преобразователей напряжения ЭКБ ТЕСТ,ЭКБ ТЕСТ — надёжный партнёр для вашего бизнеса. Комплексные решения в микроэлектронике. Адекватные цены на производство преобразователей. Разумные сроки. Индивидуальный подход.,Модульные преобразователи ИРТЫШ,modulnye-preobrazovateli-irtysh,proizvodstvo-preobrazovatelej-napryazheniya_section_2
proizvodstvo-preobrazovatelej-napryazheniya_153,Модульный преобразователь DC/DC Иртыш 48 В / 250 Вт ET-Q375H-48VP150R23,Y,modulnyj-preobrazovatel-dc-dc-irtysh-48-v-250-vt-et-q375h-48vp150r23,15400,,html,ET-Q.jpg,,html,ET-Q.jpg,ЭКБ ТЕСТ,DC/DC,ET-Q375,ET-Q375H-48VP150R23,"""375"" (250..425)",48,1/4 brick,"57,9","36,8","12,7","""H""  (-40..100)",250,"3,13",,ET-Q375.pdf,proizvodstvo-preobrazovatelej-napryazheniya_321####,Модульный преобразователь DC/DC Иртыш 48 В / 250 Вт ET-Q375H-48VP150R23,Модульный преобразователь DC/DC Иртыш 48 В / 250 Вт ET-Q375H-48VP150R23⚡Серия «ИРТЫШ»®⚡DC/DC модульные преобразователи ✔ полная «PIN-TO-PIN» совместимость с продукцией VICOR⚡Производство преобразователей напряжения ЭКБ ТЕСТ,ЭКБ ТЕСТ — надёжный партнёр для вашего бизнеса. Комплексные решения в микроэлектронике. Адекватные цены на производство преобразователей. Разумные сроки. Индивидуальный подход.,Модульные преобразователи ИРТЫШ,modulnye-preobrazovateli-irtysh,proizvodstvo-preobrazovatelej-napryazheniya_section_2
proizvodstvo-preobrazovatelej-napryazheniya_154,"Модульный преобразователь DC/DC Иртыш 3,3 В / 150 Вт ET-Q375M-3V3P075R23",Y,modulnyj-preobrazovatel-dc-dc-irtysh-3-3-v-150-vt-et-q375m-3v3p075r23,15500,,html,ET-Q.jpg,,html,ET-Q.jpg,ЭКБ ТЕСТ,DC/DC,ET-Q375,ET-Q375M-3V3P075R23,"""375"" (250..425)","3,3",1/4 brick,"57,9","36,8","12,7","""M""  (-55..100)",150,"22,7",,ET-Q375.pdf,proizvodstvo-preobrazovatelej-napryazheniya_321####,"Модульный преобразователь DC/DC Иртыш 3,3 В / 150 Вт ET-Q375M-3V3P075R23","Модульный преобразователь DC/DC Иртыш 3,3 В / 150 Вт ET-Q375M-3V3P075R23⚡Серия «ИРТЫШ»®⚡DC/DC модульные преобразователи ✔ полная «PIN-TO-PIN» совместимость с продукцией VICOR⚡Производство преобразователей напряжения ЭКБ ТЕСТ",ЭКБ ТЕСТ — надёжный партнёр для вашего бизнеса. Комплексные решения в микроэлектронике. Адекватные цены на производство преобразователей. Разумные сроки. Индивидуальный подход.,Модульные преобразователи ИРТЫШ,modulnye-preobrazovateli-irtysh,proizvodstvo-preobrazovatelej-napryazheniya_section_2
proizvodstvo-preobrazovatelej-napryazheniya_155,Модульный преобразователь DC/DC Иртыш 5 В / 200 Вт ET-Q375M-05VP100R23,Y,modulnyj-preobrazovatel-dc-dc-irtysh-5-v-200-vt-et-q375m-05vp100r23,15600,,html,ET-Q.jpg,,html,ET-Q.jpg,ЭКБ ТЕСТ,DC/DC,ET-Q375,ET-Q375M-05VP100R23,"""375"" (250..425)",5,1/4 brick,"57,9","36,8","12,7","""M""  (-55..100)",200,20,,ET-Q375.pdf,proizvodstvo-preobrazovatelej-napryazheniya_321####,Модульный преобразователь DC/DC Иртыш 5 В / 200 Вт ET-Q375M-05VP100R23,Модульный преобразователь DC/DC Иртыш 5 В / 200 Вт ET-Q375M-05VP100R23⚡Серия «ИРТЫШ»®⚡DC/DC модульные преобразователи ✔ полная «PIN-TO-PIN» совместимость с продукцией VICOR⚡Производство преобразователей напряжения ЭКБ ТЕСТ,ЭКБ ТЕСТ — надёжный партнёр для вашего бизнеса. Комплексные решения в микроэлектронике. Адекватные цены на производство преобразователей. Разумные сроки. Индивидуальный подход.,Модульные преобразователи ИРТЫШ,modulnye-preobrazovateli-irtysh,proizvodstvo-preobrazovatelej-napryazheniya_section_2
proizvodstvo-preobrazovatelej-napryazheniya_156,Модульный преобразователь DC/DC Иртыш 8 В / 200 Вт ET-Q375M-08VP100R23,Y,modulnyj-preobrazovatel-dc-dc-irtysh-8-v-200-vt-et-q375m-08vp100r23,15700,,html,ET-Q.jpg,,html,ET-Q.jpg,ЭКБ ТЕСТ,DC/DC,ET-Q375,ET-Q375M-08VP100R23,"""375"" (250..425)",8,1/4 brick,"57,9","36,8","12,7","""M""  (-55..100)",200,"12,5",,ET-Q375.pdf,proizvodstvo-preobrazovatelej-napryazheniya_321####,Модульный преобразователь DC/DC Иртыш 8 В / 200 Вт ET-Q375M-08VP100R23,Модульный преобразователь DC/DC Иртыш 8 В / 200 Вт ET-Q375M-08VP100R23⚡Серия «ИРТЫШ»®⚡DC/DC модульные преобразователи ✔ полная «PIN-TO-PIN» совместимость с продукцией VICOR⚡Производство преобразователей напряжения ЭКБ ТЕСТ,ЭКБ ТЕСТ — надёжный партнёр для вашего бизнеса. Комплексные решения в микроэлектронике. Адекватные цены на производство преобразователей. Разумные сроки. Индивидуальный подход.,Модульные преобразователи ИРТЫШ,modulnye-preobrazovateli-irtysh,proizvodstvo-preobrazovatelej-napryazheniya_section_2
proizvodstvo-preobrazovatelej-napryazheniya_157,Модульный преобразователь DC/DC Иртыш 12 В / 250 Вт ET-Q375M-12VP150R23,Y,modulnyj-preobrazovatel-dc-dc-irtysh-12-v-250-vt-et-q375m-12vp150r23,15800,,html,ET-Q.jpg,,html,ET-Q.jpg,ЭКБ ТЕСТ,DC/DC,ET-Q375,ET-Q375M-12VP150R23,"""375"" (250..425)",12,1/4 brick,"57,9","36,8","12,7","""M""  (-55..100)",250,"12,5",,ET-Q375.pdf,proizvodstvo-preobrazovatelej-napryazheniya_321####,Модульный преобразователь DC/DC Иртыш 12 В / 250 Вт ET-Q375M-12VP150R23,Модульный преобразователь DC/DC Иртыш 12 В / 250 Вт ET-Q375M-12VP150R23⚡Серия «ИРТЫШ»®⚡DC/DC модульные преобразователи ✔ полная «PIN-TO-PIN» совместимость с продукцией VICOR⚡Производство преобразователей напряжения ЭКБ ТЕСТ,ЭКБ ТЕСТ — надёжный партнёр для вашего бизнеса. Комплексные решения в микроэлектронике. Адекватные цены на производство преобразователей. Разумные сроки. Индивидуальный подход.,Модульные преобразователи ИРТЫШ,modulnye-preobrazovateli-irtysh,proizvodstvo-preobrazovatelej-napryazheniya_section_2
proizvodstvo-preobrazovatelej-napryazheniya_158,Модульный преобразователь DC/DC Иртыш 15 В / 250 Вт ET-Q375M-15VP150R23,Y,modulnyj-preobrazovatel-dc-dc-irtysh-15-v-250-vt-et-q375m-15vp150r23,15900,,html,ET-Q.jpg,,html,ET-Q.jpg,ЭКБ ТЕСТ,DC/DC,ET-Q375,ET-Q375M-15VP150R23,"""375"" (250..425)",15,1/4 brick,"57,9","36,8","12,7","""M""  (-55..100)",250,10,,ET-Q375.pdf,proizvodstvo-preobrazovatelej-napryazheniya_321####,Модульный преобразователь DC/DC Иртыш 15 В / 250 Вт ET-Q375M-15VP150R23,Модульный преобразователь DC/DC Иртыш 15 В / 250 Вт ET-Q375M-15VP150R23⚡Серия «ИРТЫШ»®⚡DC/DC модульные преобразователи ✔ полная «PIN-TO-PIN» совместимость с продукцией VICOR⚡Производство преобразователей напряжения ЭКБ ТЕСТ,ЭКБ ТЕСТ — надёжный партнёр для вашего бизнеса. Комплексные решения в микроэлектронике. Адекватные цены на производство преобразователей. Разумные сроки. Индивидуальный подход.,Модульные преобразователи ИРТЫШ,modulnye-preobrazovateli-irtysh,proizvodstvo-preobrazovatelej-napryazheniya_section_2
proizvodstvo-preobrazovatelej-napryazheniya_159,Модульный преобразователь DC/DC Иртыш 24 В / 250 Вт ET-Q375M-24VP150R23,Y,modulnyj-preobrazovatel-dc-dc-irtysh-24-v-250-vt-et-q375m-24vp150r23,16000,,html,ET-Q.jpg,,html,ET-Q.jpg,ЭКБ ТЕСТ,DC/DC,ET-Q375,ET-Q375M-24VP150R23,"""375"" (250..425)",24,1/4 brick,"57,9","36,8","12,7","""M""  (-55..100)",250,"6,25",,ET-Q375.pdf,proizvodstvo-preobrazovatelej-napryazheniya_321####,Модульный преобразователь DC/DC Иртыш 24 В / 250 Вт ET-Q375M-24VP150R23,Модульный преобразователь DC/DC Иртыш 24 В / 250 Вт ET-Q375M-24VP150R23⚡Серия «ИРТЫШ»®⚡DC/DC модульные преобразователи ✔ полная «PIN-TO-PIN» совместимость с продукцией VICOR⚡Производство преобразователей напряжения ЭКБ ТЕСТ,ЭКБ ТЕСТ — надёжный партнёр для вашего бизнеса. Комплексные решения в микроэлектронике. Адекватные цены на производство преобразователей. Разумные сроки. Индивидуальный подход.,Модульные преобразователи ИРТЫШ,modulnye-preobrazovateli-irtysh,proizvodstvo-preobrazovatelej-napryazheniya_section_2
proizvodstvo-preobrazovatelej-napryazheniya_160,Модульный преобразователь DC/DC Иртыш 28 В / 250 Вт ET-Q375M-28VP150R23,Y,modulnyj-preobrazovatel-dc-dc-irtysh-28-v-250-vt-et-q375m-28vp150r23,16100,,html,ET-Q.jpg,,html,ET-Q.jpg,ЭКБ ТЕСТ,DC/DC,ET-Q375,ET-Q375M-28VP150R23,"""375"" (250..425)",28,1/4 brick,"57,9","36,8","12,7","""M""  (-55..100)",250,"5,36",,ET-Q375.pdf,proizvodstvo-preobrazovatelej-napryazheniya_321####,Модульный преобразователь DC/DC Иртыш 28 В / 250 Вт ET-Q375M-28VP150R23,Модульный преобразователь DC/DC Иртыш 28 В / 250 Вт ET-Q375M-28VP150R23⚡Серия «ИРТЫШ»®⚡DC/DC модульные преобразователи ✔ полная «PIN-TO-PIN» совместимость с продукцией VICOR⚡Производство преобразователей напряжения ЭКБ ТЕСТ,ЭКБ ТЕСТ — надёжный партнёр для вашего бизнеса. Комплексные решения в микроэлектронике. Адекватные цены на производство преобразователей. Разумные сроки. Индивидуальный подход.,Модульные преобразователи ИРТЫШ,modulnye-preobrazovateli-irtysh,proizvodstvo-preobrazovatelej-napryazheniya_section_2
proizvodstvo-preobrazovatelej-napryazheniya_161,Модульный преобразователь DC/DC Иртыш 36 В / 250 Вт ET-Q375M-36VP150R23,Y,modulnyj-preobrazovatel-dc-dc-irtysh-36-v-250-vt-et-q375m-36vp150r23,16200,,html,ET-Q.jpg,,html,ET-Q.jpg,ЭКБ ТЕСТ,DC/DC,ET-Q375,ET-Q375M-36VP150R23,"""375"" (250..425)",36,1/4 brick,"57,9","36,8","12,7","""M""  (-55..100)",250,"4,16",,ET-Q375.pdf,proizvodstvo-preobrazovatelej-napryazheniya_321####,Модульный преобразователь DC/DC Иртыш 36 В / 250 Вт ET-Q375M-36VP150R23,Модульный преобразователь DC/DC Иртыш 36 В / 250 Вт ET-Q375M-36VP150R23⚡Серия «ИРТЫШ»®⚡DC/DC модульные преобразователи ✔ полная «PIN-TO-PIN» совместимость с продукцией VICOR⚡Производство преобразователей напряжения ЭКБ ТЕСТ,ЭКБ ТЕСТ — надёжный партнёр для вашего бизнеса. Комплексные решения в микроэлектронике. Адекватные цены на производство преобразователей. Разумные сроки. Индивидуальный подход.,Модульные преобразователи ИРТЫШ,modulnye-preobrazovateli-irtysh,proizvodstvo-preobrazovatelej-napryazheniya_section_2
proizvodstvo-preobrazovatelej-napryazheniya_162,Модульный преобразователь DC/DC Иртыш 48 В / 250 Вт ET-Q375M-48VP150R23,Y,modulnyj-preobrazovatel-dc-dc-irtysh-48-v-250-vt-et-q375m-48vp150r23,16300,,html,ET-Q.jpg,,html,ET-Q.jpg,ЭКБ ТЕСТ,DC/DC,ET-Q375,ET-Q375M-48VP150R23,"""375"" (250..425)",48,1/4 brick,"57,9","36,8","12,7","""M""  (-55..100)",250,"3,13",,ET-Q375.pdf,proizvodstvo-preobrazovatelej-napryazheniya_321####,Модульный преобразователь DC/DC Иртыш 48 В / 250 Вт ET-Q375M-48VP150R23,Модульный преобразователь DC/DC Иртыш 48 В / 250 Вт ET-Q375M-48VP150R23⚡Серия «ИРТЫШ»®⚡DC/DC модульные преобразователи ✔ полная «PIN-TO-PIN» совместимость с продукцией VICOR⚡Производство преобразователей напряжения ЭКБ ТЕСТ,ЭКБ ТЕСТ — надёжный партнёр для вашего бизнеса. Комплексные решения в микроэлектронике. Адекватные цены на производство преобразователей. Разумные сроки. Индивидуальный подход.,Модульные преобразователи ИРТЫШ,modulnye-preobrazovateli-irtysh,proizvodstvo-preobrazovatelej-napryazheniya_section_2
proizvodstvo-preobrazovatelej-napryazheniya_163,"Модульный преобразователь DC/DC Иртыш 3,3 В / 264 Вт ET-F24C-3V3P264R23",Y,modulnyj-preobrazovatel-dc-dc-irtysh-3-3-v-264-vt-et-f24c-3v3p264r23,16400,,html,ET-F.jpg,,html,ET-F.jpg,ЭКБ ТЕСТ,DC/DC,ET-F24,ET-F24C-05VP300R30,"""24"" (18..36)","3,3",full brick,117,"55,9","12,7","""C""  (-20..100)",264,80,,ET-F24.pdf,proizvodstvo-preobrazovatelej-napryazheniya_322####,"Модульный преобразователь DC/DC Иртыш 3,3 В / 264 Вт ET-F24C-3V3P264R23","Модульный преобразователь DC/DC Иртыш 3,3 В / 264 Вт ET-F24C-3V3P264R23⚡Серия «ИРТЫШ»®⚡DC/DC модульные преобразователи ✔ полная «PIN-TO-PIN» совместимость с продукцией VICOR⚡Производство преобразователей напряжения ЭКБ ТЕСТ",ЭКБ ТЕСТ — надёжный партнёр для вашего бизнеса. Комплексные решения в микроэлектронике. Адекватные цены на производство преобразователей. Разумные сроки. Индивидуальный подход.,Модульные преобразователи ИРТЫШ,modulnye-preobrazovateli-irtysh,proizvodstvo-preobrazovatelej-napryazheniya_section_2
proizvodstvo-preobrazovatelej-napryazheniya_164,Модульный преобразователь DC/DC Иртыш 5 В / 300 Вт ET-F24C-05VP300R23,Y,modulnyj-preobrazovatel-dc-dc-irtysh-5-v-300-vt-et-f24c-05vp300r23,16500,,html,ET-F.jpg,,html,ET-F.jpg,ЭКБ ТЕСТ,DC/DC,ET-F24,ET-F24C-05VP300R23,"""24"" (18..36)",5,full brick,117,"55,9","12,7","""C""  (-20..100)",300,60,,ET-F24.pdf,proizvodstvo-preobrazovatelej-napryazheniya_322####,Модульный преобразователь DC/DC Иртыш 5 В / 300 Вт ET-F24C-05VP300R23,Модульный преобразователь DC/DC Иртыш 5 В / 300 Вт ET-F24C-05VP300R23⚡Серия «ИРТЫШ»®⚡DC/DC модульные преобразователи ✔ полная «PIN-TO-PIN» совместимость с продукцией VICOR⚡Производство преобразователей напряжения ЭКБ ТЕСТ,ЭКБ ТЕСТ — надёжный партнёр для вашего бизнеса. Комплексные решения в микроэлектронике. Адекватные цены на производство преобразователей. Разумные сроки. Индивидуальный подход.,Модульные преобразователи ИРТЫШ,modulnye-preobrazovateli-irtysh,proizvodstvo-preobrazovatelej-napryazheniya_section_2
proizvodstvo-preobrazovatelej-napryazheniya_165,Модульный преобразователь DC/DC Иртыш 8 В / 400 Вт ET-F24C-08VP400R23,Y,modulnyj-preobrazovatel-dc-dc-irtysh-8-v-400-vt-et-f24c-08vp400r23,16600,,html,ET-F.jpg,,html,ET-F.jpg,ЭКБ ТЕСТ,DC/DC,ET-F24,ET-F24C-05VP300R24,"""24"" (18..36)",8,full brick,117,"55,9","12,7","""C""  (-20..100)",400,50,,ET-F24.pdf,proizvodstvo-preobrazovatelej-napryazheniya_322####,Модульный преобразователь DC/DC Иртыш 8 В / 400 Вт ET-F24C-08VP400R23,Модульный преобразователь DC/DC Иртыш 8 В / 400 Вт ET-F24C-08VP400R23⚡Серия «ИРТЫШ»®⚡DC/DC модульные преобразователи ✔ полная «PIN-TO-PIN» совместимость с продукцией VICOR⚡Производство преобразователей напряжения ЭКБ ТЕСТ,ЭКБ ТЕСТ — надёжный партнёр для вашего бизнеса. Комплексные решения в микроэлектронике. Адекватные цены на производство преобразователей. Разумные сроки. Индивидуальный подход.,Модульные преобразователи ИРТЫШ,modulnye-preobrazovateli-irtysh,proizvodstvo-preobrazovatelej-napryazheniya_section_2
proizvodstvo-preobrazovatelej-napryazheniya_166,Модульный преобразователь DC/DC Иртыш 12 В / 500 Вт ET-F24C-12VP500R23,Y,modulnyj-preobrazovatel-dc-dc-irtysh-12-v-500-vt-et-f24c-12vp500r23,16700,,html,ET-F.jpg,,html,ET-F.jpg,ЭКБ ТЕСТ,DC/DC,ET-F24,ET-F24C-05VP300R25,"""24"" (18..36)",12,full brick,117,"55,9","12,7","""C""  (-20..100)",500,50,,ET-F24.pdf,proizvodstvo-preobrazovatelej-napryazheniya_322####,Модульный преобразователь DC/DC Иртыш 12 В / 500 Вт ET-F24C-12VP500R23,Модульный преобразователь DC/DC Иртыш 12 В / 500 Вт ET-F24C-12VP500R23⚡Серия «ИРТЫШ»®⚡DC/DC модульные преобразователи ✔ полная «PIN-TO-PIN» совместимость с продукцией VICOR⚡Производство преобразователей напряжения ЭКБ ТЕСТ,ЭКБ ТЕСТ — надёжный партнёр для вашего бизнеса. Комплексные решения в микроэлектронике. Адекватные цены на производство преобразователей. Разумные сроки. Индивидуальный подход.,Модульные преобразователи ИРТЫШ,modulnye-preobrazovateli-irtysh,proizvodstvo-preobrazovatelej-napryazheniya_section_2
proizvodstvo-preobrazovatelej-napryazheniya_167,Модульный преобразователь DC/DC Иртыш 15 В / 500 Вт ET-F24C-15VP500R23,Y,modulnyj-preobrazovatel-dc-dc-irtysh-15-v-500-vt-et-f24c-15vp500r23,16800,,html,ET-F.jpg,,html,ET-F.jpg,ЭКБ ТЕСТ,DC/DC,ET-F24,ET-F24C-05VP300R26,"""24"" (18..36)",15,full brick,117,"55,9","12,7","""C""  (-20..100)",500,40,,ET-F24.pdf,proizvodstvo-preobrazovatelej-napryazheniya_322####,Модульный преобразователь DC/DC Иртыш 15 В / 500 Вт ET-F24C-15VP500R23,Модульный преобразователь DC/DC Иртыш 15 В / 500 Вт ET-F24C-15VP500R23⚡Серия «ИРТЫШ»®⚡DC/DC модульные преобразователи ✔ полная «PIN-TO-PIN» совместимость с продукцией VICOR⚡Производство преобразователей напряжения ЭКБ ТЕСТ,ЭКБ ТЕСТ — надёжный партнёр для вашего бизнеса. Комплексные решения в микроэлектронике. Адекватные цены на производство преобразователей. Разумные сроки. Индивидуальный подход.,Модульные преобразователи ИРТЫШ,modulnye-preobrazovateli-irtysh,proizvodstvo-preobrazovatelej-napryazheniya_section_2
proizvodstvo-preobrazovatelej-napryazheniya_168,Модульный преобразователь DC/DC Иртыш 24 В / 500 Вт ET-F24C-24VP500R23,Y,modulnyj-preobrazovatel-dc-dc-irtysh-24-v-500-vt-et-f24c-24vp500r23,16900,,html,ET-F.jpg,,html,ET-F.jpg,ЭКБ ТЕСТ,DC/DC,ET-F24,ET-F24C-05VP300R27,"""24"" (18..36)",24,full brick,117,"55,9","12,7","""C""  (-20..100)",500,25,,ET-F24.pdf,proizvodstvo-preobrazovatelej-napryazheniya_322####,Модульный преобразователь DC/DC Иртыш 24 В / 500 Вт ET-F24C-24VP500R23,Модульный преобразователь DC/DC Иртыш 24 В / 500 Вт ET-F24C-24VP500R23⚡Серия «ИРТЫШ»®⚡DC/DC модульные преобразователи ✔ полная «PIN-TO-PIN» совместимость с продукцией VICOR⚡Производство преобразователей напряжения ЭКБ ТЕСТ,ЭКБ ТЕСТ — надёжный партнёр для вашего бизнеса. Комплексные решения в микроэлектронике. Адекватные цены на производство преобразователей. Разумные сроки. Индивидуальный подход.,Модульные преобразователи ИРТЫШ,modulnye-preobrazovateli-irtysh,proizvodstvo-preobrazovatelej-napryazheniya_section_2
proizvodstvo-preobrazovatelej-napryazheniya_169,Модульный преобразователь DC/DC Иртыш 28 В / 500 Вт ET-F24C-28VP500R23,Y,modulnyj-preobrazovatel-dc-dc-irtysh-28-v-500-vt-et-f24c-28vp500r23,17000,,html,ET-F.jpg,,html,ET-F.jpg,ЭКБ ТЕСТ,DC/DC,ET-F24,ET-F24C-05VP300R28,"""24"" (18..36)",28,full brick,117,"55,9","12,7","""C""  (-20..100)",500,"21,5",,ET-F24.pdf,proizvodstvo-preobrazovatelej-napryazheniya_322####,Модульный преобразователь DC/DC Иртыш 28 В / 500 Вт ET-F24C-28VP500R23,Модульный преобразователь DC/DC Иртыш 28 В / 500 Вт ET-F24C-28VP500R23⚡Серия «ИРТЫШ»®⚡DC/DC модульные преобразователи ✔ полная «PIN-TO-PIN» совместимость с продукцией VICOR⚡Производство преобразователей напряжения ЭКБ ТЕСТ,ЭКБ ТЕСТ — надёжный партнёр для вашего бизнеса. Комплексные решения в микроэлектронике. Адекватные цены на производство преобразователей. Разумные сроки. Индивидуальный подход.,Модульные преобразователи ИРТЫШ,modulnye-preobrazovateli-irtysh,proizvodstvo-preobrazovatelej-napryazheniya_section_2
proizvodstvo-preobrazovatelej-napryazheniya_170,Модульный преобразователь DC/DC Иртыш 36 В / 500 Вт ET-F24C-36VP500R23,Y,modulnyj-preobrazovatel-dc-dc-irtysh-36-v-500-vt-et-f24c-36vp500r23,17100,,html,ET-F.jpg,,html,ET-F.jpg,ЭКБ ТЕСТ,DC/DC,ET-F24,ET-F24C-05VP300R29,"""24"" (18..36)",36,full brick,117,"55,9","12,7","""C""  (-20..100)",500,"16,7",,ET-F24.pdf,proizvodstvo-preobrazovatelej-napryazheniya_322####,Модульный преобразователь DC/DC Иртыш 36 В / 500 Вт ET-F24C-36VP500R23,Модульный преобразователь DC/DC Иртыш 36 В / 500 Вт ET-F24C-36VP500R23⚡Серия «ИРТЫШ»®⚡DC/DC модульные преобразователи ✔ полная «PIN-TO-PIN» совместимость с продукцией VICOR⚡Производство преобразователей напряжения ЭКБ ТЕСТ,ЭКБ ТЕСТ — надёжный партнёр для вашего бизнеса. Комплексные решения в микроэлектронике. Адекватные цены на производство преобразователей. Разумные сроки. Индивидуальный подход.,Модульные преобразователи ИРТЫШ,modulnye-preobrazovateli-irtysh,proizvodstvo-preobrazovatelej-napryazheniya_section_2
proizvodstvo-preobrazovatelej-napryazheniya_171,Модульный преобразователь DC/DC Иртыш 48 В / 500 Вт ET-F24C-48VP500R23,Y,modulnyj-preobrazovatel-dc-dc-irtysh-48-v-500-vt-et-f24c-48vp500r23,17200,,html,ET-F.jpg,,html,ET-F.jpg,ЭКБ ТЕСТ,DC/DC,ET-F24,ET-F24C-05VP300R31,"""24"" (18..36)",48,full brick,117,"55,9","12,7","""C""  (-20..100)",500,"12,5",,ET-F24.pdf,proizvodstvo-preobrazovatelej-napryazheniya_322####,Модульный преобразователь DC/DC Иртыш 48 В / 500 Вт ET-F24C-48VP500R23,Модульный преобразователь DC/DC Иртыш 48 В / 500 Вт ET-F24C-48VP500R23⚡Серия «ИРТЫШ»®⚡DC/DC модульные преобразователи ✔ полная «PIN-TO-PIN» совместимость с продукцией VICOR⚡Производство преобразователей напряжения ЭКБ ТЕСТ,ЭКБ ТЕСТ — надёжный партнёр для вашего бизнеса. Комплексные решения в микроэлектронике. Адекватные цены на производство преобразователей. Разумные сроки. Индивидуальный подход.,Модульные преобразователи ИРТЫШ,modulnye-preobrazovateli-irtysh,proizvodstvo-preobrazovatelej-napryazheniya_section_2
proizvodstvo-preobrazovatelej-napryazheniya_172,"Модульный преобразователь DC/DC Иртыш 3,3 В / 264 Вт ET-F24H-3V3P264R23",Y,modulnyj-preobrazovatel-dc-dc-irtysh-3-3-v-264-vt-et-f24h-3v3p264r23,17300,,html,ET-F.jpg,,html,ET-F.jpg,ЭКБ ТЕСТ,DC/DC,ET-F24,ET-F24C-05VP300R46,"""24"" (18..36)","3,3",full brick,117,"55,9","12,7","""H""  (-40..100)",264,80,,ET-F24.pdf,proizvodstvo-preobrazovatelej-napryazheniya_322####,"Модульный преобразователь DC/DC Иртыш 3,3 В / 264 Вт ET-F24H-3V3P264R23","Модульный преобразователь DC/DC Иртыш 3,3 В / 264 Вт ET-F24H-3V3P264R23⚡Серия «ИРТЫШ»®⚡DC/DC модульные преобразователи ✔ полная «PIN-TO-PIN» совместимость с продукцией VICOR⚡Производство преобразователей напряжения ЭКБ ТЕСТ",ЭКБ ТЕСТ — надёжный партнёр для вашего бизнеса. Комплексные решения в микроэлектронике. Адекватные цены на производство преобразователей. Разумные сроки. Индивидуальный подход.,Модульные преобразователи ИРТЫШ,modulnye-preobrazovateli-irtysh,proizvodstvo-preobrazovatelej-napryazheniya_section_2
proizvodstvo-preobrazovatelej-napryazheniya_173,Модульный преобразователь DC/DC Иртыш 5 В / 300 Вт ET-F24H-05VP300R23,Y,modulnyj-preobrazovatel-dc-dc-irtysh-5-v-300-vt-et-f24h-05vp300r23,17400,,html,ET-F.jpg,,html,ET-F.jpg,ЭКБ ТЕСТ,DC/DC,ET-F24,ET-F24C-05VP300R32,"""24"" (18..36)",5,full brick,117,"55,9","12,7","""H""  (-40..100)",300,60,,ET-F24.pdf,proizvodstvo-preobrazovatelej-napryazheniya_322####,Модульный преобразователь DC/DC Иртыш 5 В / 300 Вт ET-F24H-05VP300R23,Модульный преобразователь DC/DC Иртыш 5 В / 300 Вт ET-F24H-05VP300R23⚡Серия «ИРТЫШ»®⚡DC/DC модульные преобразователи ✔ полная «PIN-TO-PIN» совместимость с продукцией VICOR⚡Производство преобразователей напряжения ЭКБ ТЕСТ,ЭКБ ТЕСТ — надёжный партнёр для вашего бизнеса. Комплексные решения в микроэлектронике. Адекватные цены на производство преобразователей. Разумные сроки. Индивидуальный подход.,Модульные преобразователи ИРТЫШ,modulnye-preobrazovateli-irtysh,proizvodstvo-preobrazovatelej-napryazheniya_section_2
proizvodstvo-preobrazovatelej-napryazheniya_174,Модульный преобразователь DC/DC Иртыш 8 В / 400 Вт ET-F24H-08VP400R23,Y,modulnyj-preobrazovatel-dc-dc-irtysh-8-v-400-vt-et-f24h-08vp400r23,17500,,html,ET-F.jpg,,html,ET-F.jpg,ЭКБ ТЕСТ,DC/DC,ET-F24,ET-F24C-05VP300R35,"""24"" (18..36)",8,full brick,117,"55,9","12,7","""H""  (-40..100)",400,50,,ET-F24.pdf,proizvodstvo-preobrazovatelej-napryazheniya_322####,Модульный преобразователь DC/DC Иртыш 8 В / 400 Вт ET-F24H-08VP400R23,Модульный преобразователь DC/DC Иртыш 8 В / 400 Вт ET-F24H-08VP400R23⚡Серия «ИРТЫШ»®⚡DC/DC модульные преобразователи ✔ полная «PIN-TO-PIN» совместимость с продукцией VICOR⚡Производство преобразователей напряжения ЭКБ ТЕСТ,ЭКБ ТЕСТ — надёжный партнёр для вашего бизнеса. Комплексные решения в микроэлектронике. Адекватные цены на производство преобразователей. Разумные сроки. Индивидуальный подход.,Модульные преобразователи ИРТЫШ,modulnye-preobrazovateli-irtysh,proizvodstvo-preobrazovatelej-napryazheniya_section_2
proizvodstvo-preobrazovatelej-napryazheniya_175,Модульный преобразователь DC/DC Иртыш 12 В / 500 Вт ET-F24H-12VP500R23,Y,modulnyj-preobrazovatel-dc-dc-irtysh-12-v-500-vt-et-f24h-12vp500r23,17600,,html,ET-F.jpg,,html,ET-F.jpg,ЭКБ ТЕСТ,DC/DC,ET-F24,ET-F24C-05VP300R37,"""24"" (18..36)",12,full brick,117,"55,9","12,7","""H""  (-40..100)",500,50,,ET-F24.pdf,proizvodstvo-preobrazovatelej-napryazheniya_322####,Модульный преобразователь DC/DC Иртыш 12 В / 500 Вт ET-F24H-12VP500R23,Модульный преобразователь DC/DC Иртыш 12 В / 500 Вт ET-F24H-12VP500R23⚡Серия «ИРТЫШ»®⚡DC/DC модульные преобразователи ✔ полная «PIN-TO-PIN» совместимость с продукцией VICOR⚡Производство преобразователей напряжения ЭКБ ТЕСТ,ЭКБ ТЕСТ — надёжный партнёр для вашего бизнеса. Комплексные решения в микроэлектронике. Адекватные цены на производство преобразователей. Разумные сроки. Индивидуальный подход.,Модульные преобразователи ИРТЫШ,modulnye-preobrazovateli-irtysh,proizvodstvo-preobrazovatelej-napryazheniya_section_2
proizvodstvo-preobrazovatelej-napryazheniya_176,Модульный преобразователь DC/DC Иртыш 15 В / 500 Вт ET-F24H-15VP500R23,Y,modulnyj-preobrazovatel-dc-dc-irtysh-15-v-500-vt-et-f24h-15vp500r23,17700,,html,ET-F.jpg,,html,ET-F.jpg,ЭКБ ТЕСТ,DC/DC,ET-F24,ET-F24C-05VP300R39,"""24"" (18..36)",15,full brick,117,"55,9","12,7","""H""  (-40..100)",500,40,,ET-F24.pdf,proizvodstvo-preobrazovatelej-napryazheniya_322####,Модульный преобразователь DC/DC Иртыш 15 В / 500 Вт ET-F24H-15VP500R23,Модульный преобразователь DC/DC Иртыш 15 В / 500 Вт ET-F24H-15VP500R23⚡Серия «ИРТЫШ»®⚡DC/DC модульные преобразователи ✔ полная «PIN-TO-PIN» совместимость с продукцией VICOR⚡Производство преобразователей напряжения ЭКБ ТЕСТ,ЭКБ ТЕСТ — надёжный партнёр для вашего бизнеса. Комплексные решения в микроэлектронике. Адекватные цены на производство преобразователей. Разумные сроки. Индивидуальный подход.,Модульные преобразователи ИРТЫШ,modulnye-preobrazovateli-irtysh,proizvodstvo-preobrazovatelej-napryazheniya_section_2
proizvodstvo-preobrazovatelej-napryazheniya_177,Модульный преобразователь DC/DC Иртыш 24 В / 500 Вт ET-F24H-24VP500R23,Y,modulnyj-preobrazovatel-dc-dc-irtysh-24-v-500-vt-et-f24h-24vp500r23,17800,,html,ET-F.jpg,,html,ET-F.jpg,ЭКБ ТЕСТ,DC/DC,ET-F24,ET-F24C-05VP300R41,"""24"" (18..36)",24,full brick,117,"55,9","12,7","""H""  (-40..100)",500,25,,ET-F24.pdf,proizvodstvo-preobrazovatelej-napryazheniya_322####,Модульный преобразователь DC/DC Иртыш 24 В / 500 Вт ET-F24H-24VP500R23,Модульный преобразователь DC/DC Иртыш 24 В / 500 Вт ET-F24H-24VP500R23⚡Серия «ИРТЫШ»®⚡DC/DC модульные преобразователи ✔ полная «PIN-TO-PIN» совместимость с продукцией VICOR⚡Производство преобразователей напряжения ЭКБ ТЕСТ,ЭКБ ТЕСТ — надёжный партнёр для вашего бизнеса. Комплексные решения в микроэлектронике. Адекватные цены на производство преобразователей. Разумные сроки. Индивидуальный подход.,Модульные преобразователи ИРТЫШ,modulnye-preobrazovateli-irtysh,proizvodstvo-preobrazovatelej-napryazheniya_section_2
proizvodstvo-preobrazovatelej-napryazheniya_178,Модульный преобразователь DC/DC Иртыш 28 В / 500 Вт ET-F24H-28VP500R23,Y,modulnyj-preobrazovatel-dc-dc-irtysh-28-v-500-vt-et-f24h-28vp500r23,17900,,html,ET-F.jpg,,html,ET-F.jpg,ЭКБ ТЕСТ,DC/DC,ET-F24,ET-F24C-05VP300R43,"""24"" (18..36)",28,full brick,117,"55,9","12,7","""H""  (-40..100)",500,"21,5",,ET-F24.pdf,proizvodstvo-preobrazovatelej-napryazheniya_322####,Модульный преобразователь DC/DC Иртыш 28 В / 500 Вт ET-F24H-28VP500R23,Модульный преобразователь DC/DC Иртыш 28 В / 500 Вт ET-F24H-28VP500R23⚡Серия «ИРТЫШ»®⚡DC/DC модульные преобразователи ✔ полная «PIN-TO-PIN» совместимость с продукцией VICOR⚡Производство преобразователей напряжения ЭКБ ТЕСТ,ЭКБ ТЕСТ — надёжный партнёр для вашего бизнеса. Комплексные решения в микроэлектронике. Адекватные цены на производство преобразователей. Разумные сроки. Индивидуальный подход.,Модульные преобразователи ИРТЫШ,modulnye-preobrazovateli-irtysh,proizvodstvo-preobrazovatelej-napryazheniya_section_2
proizvodstvo-preobrazovatelej-napryazheniya_179,Модульный преобразователь DC/DC Иртыш 36 В / 500 Вт ET-F24H-36VP500R23,Y,modulnyj-preobrazovatel-dc-dc-irtysh-36-v-500-vt-et-f24h-36vp500r23,18000,,html,ET-F.jpg,,html,ET-F.jpg,ЭКБ ТЕСТ,DC/DC,ET-F24,ET-F24C-05VP300R45,"""24"" (18..36)",36,full brick,117,"55,9","12,7","""H""  (-40..100)",500,"16,7",,ET-F24.pdf,proizvodstvo-preobrazovatelej-napryazheniya_322####,Модульный преобразователь DC/DC Иртыш 36 В / 500 Вт ET-F24H-36VP500R23,Модульный преобразователь DC/DC Иртыш 36 В / 500 Вт ET-F24H-36VP500R23⚡Серия «ИРТЫШ»®⚡DC/DC модульные преобразователи ✔ полная «PIN-TO-PIN» совместимость с продукцией VICOR⚡Производство преобразователей напряжения ЭКБ ТЕСТ,ЭКБ ТЕСТ — надёжный партнёр для вашего бизнеса. Комплексные решения в микроэлектронике. Адекватные цены на производство преобразователей. Разумные сроки. Индивидуальный подход.,Модульные преобразователи ИРТЫШ,modulnye-preobrazovateli-irtysh,proizvodstvo-preobrazovatelej-napryazheniya_section_2
proizvodstvo-preobrazovatelej-napryazheniya_180,Модульный преобразователь DC/DC Иртыш 48 В / 500 Вт ET-F24H-48VP500R23,Y,modulnyj-preobrazovatel-dc-dc-irtysh-48-v-500-vt-et-f24h-48vp500r23,18100,,html,ET-F.jpg,,html,ET-F.jpg,ЭКБ ТЕСТ,DC/DC,ET-F24,ET-F24C-05VP300R49,"""24"" (18..36)",48,full brick,117,"55,9","12,7","""H""  (-40..100)",500,"12,5",,ET-F24.pdf,proizvodstvo-preobrazovatelej-napryazheniya_322####,Модульный преобразователь DC/DC Иртыш 48 В / 500 Вт ET-F24H-48VP500R23,Модульный преобразователь DC/DC Иртыш 48 В / 500 Вт ET-F24H-48VP500R23⚡Серия «ИРТЫШ»®⚡DC/DC модульные преобразователи ✔ полная «PIN-TO-PIN» совместимость с продукцией VICOR⚡Производство преобразователей напряжения ЭКБ ТЕСТ,ЭКБ ТЕСТ — надёжный партнёр для вашего бизнеса. Комплексные решения в микроэлектронике. Адекватные цены на производство преобразователей. Разумные сроки. Индивидуальный подход.,Модульные преобразователи ИРТЫШ,modulnye-preobrazovateli-irtysh,proizvodstvo-preobrazovatelej-napryazheniya_section_2
proizvodstvo-preobrazovatelej-napryazheniya_181,"Модульный преобразователь DC/DC Иртыш 3,3 В / 264 Вт ET-F24M-3V3P264R23",Y,modulnyj-preobrazovatel-dc-dc-irtysh-3-3-v-264-vt-et-f24m-3v3p264r23,18200,,html,ET-F.jpg,,html,ET-F.jpg,ЭКБ ТЕСТ,DC/DC,ET-F24,ET-F24M-3V3P264R23,"""24"" (18..36)","3,3",full brick,117,"55,9","12,7","""M""  (-55..100)",264,80,,ET-F24.pdf,proizvodstvo-preobrazovatelej-napryazheniya_322####proizvodstvo-preobrazovatelej-napryazheniya_337,"Модульный преобразователь DC/DC Иртыш 3,3 В / 264 Вт ET-F24M-3V3P264R23","Модульный преобразователь DC/DC Иртыш 3,3 В / 264 Вт ET-F24M-3V3P264R23⚡Серия «ИРТЫШ»®⚡DC/DC модульные преобразователи ✔ полная «PIN-TO-PIN» совместимость с продукцией VICOR⚡Производство преобразователей напряжения ЭКБ ТЕСТ",ЭКБ ТЕСТ — надёжный партнёр для вашего бизнеса. Комплексные решения в микроэлектронике. Адекватные цены на производство преобразователей. Разумные сроки. Индивидуальный подход.,Модульные преобразователи ИРТЫШ,modulnye-preobrazovateli-irtysh,proizvodstvo-preobrazovatelej-napryazheniya_section_2
proizvodstvo-preobrazovatelej-napryazheniya_182,Модульный преобразователь DC/DC Иртыш 5 В / 300 Вт ET-F24M-05VP300R23,Y,modulnyj-preobrazovatel-dc-dc-irtysh-5-v-300-vt-et-f24m-05vp300r23,18300,,html,ET-F.jpg,,html,ET-F.jpg,ЭКБ ТЕСТ,DC/DC,ET-F24,ET-F24C-05VP300R50,"""24"" (18..36)",5,full brick,117,"55,9","12,7","""M""  (-55..100)",300,60,,ET-F24.pdf,proizvodstvo-preobrazovatelej-napryazheniya_322####,Модульный преобразователь DC/DC Иртыш 5 В / 300 Вт ET-F24M-05VP300R23,Модульный преобразователь DC/DC Иртыш 5 В / 300 Вт ET-F24M-05VP300R23⚡Серия «ИРТЫШ»®⚡DC/DC модульные преобразователи ✔ полная «PIN-TO-PIN» совместимость с продукцией VICOR⚡Производство преобразователей напряжения ЭКБ ТЕСТ,ЭКБ ТЕСТ — надёжный партнёр для вашего бизнеса. Комплексные решения в микроэлектронике. Адекватные цены на производство преобразователей. Разумные сроки. Индивидуальный подход.,Модульные преобразователи ИРТЫШ,modulnye-preobrazovateli-irtysh,proizvodstvo-preobrazovatelej-napryazheniya_section_2
proizvodstvo-preobrazovatelej-napryazheniya_183,Модульный преобразователь DC/DC Иртыш 8 В / 400 Вт ET-F24M-08VP400R23,Y,modulnyj-preobrazovatel-dc-dc-irtysh-8-v-400-vt-et-f24m-08vp400r23,18400,,html,ET-F.jpg,,html,ET-F.jpg,ЭКБ ТЕСТ,DC/DC,ET-F24,ET-F24C-05VP300R53,"""24"" (18..36)",8,full brick,117,"55,9","12,7","""M""  (-55..100)",400,50,,ET-F24.pdf,proizvodstvo-preobrazovatelej-napryazheniya_322####,Модульный преобразователь DC/DC Иртыш 8 В / 400 Вт ET-F24M-08VP400R23,Модульный преобразователь DC/DC Иртыш 8 В / 400 Вт ET-F24M-08VP400R23⚡Серия «ИРТЫШ»®⚡DC/DC модульные преобразователи ✔ полная «PIN-TO-PIN» совместимость с продукцией VICOR⚡Производство преобразователей напряжения ЭКБ ТЕСТ,ЭКБ ТЕСТ — надёжный партнёр для вашего бизнеса. Комплексные решения в микроэлектронике. Адекватные цены на производство преобразователей. Разумные сроки. Индивидуальный подход.,Модульные преобразователи ИРТЫШ,modulnye-preobrazovateli-irtysh,proizvodstvo-preobrazovatelej-napryazheniya_section_2
proizvodstvo-preobrazovatelej-napryazheniya_184,Модульный преобразователь DC/DC Иртыш 12 В / 500 Вт ET-F24M-12VP500R23,Y,modulnyj-preobrazovatel-dc-dc-irtysh-12-v-500-vt-et-f24m-12vp500r23,18500,,html,ET-F.jpg,,html,ET-F.jpg,ЭКБ ТЕСТ,DC/DC,ET-F24,ET-F24M-12VP500R23,"""24"" (18..36)",12,full brick,117,"55,9","12,7","""M""  (-55..100)",500,50,,ET-F24.pdf,proizvodstvo-preobrazovatelej-napryazheniya_322####,Модульный преобразователь DC/DC Иртыш 12 В / 500 Вт ET-F24M-12VP500R23,Модульный преобразователь DC/DC Иртыш 12 В / 500 Вт ET-F24M-12VP500R23⚡Серия «ИРТЫШ»®⚡DC/DC модульные преобразователи ✔ полная «PIN-TO-PIN» совместимость с продукцией VICOR⚡Производство преобразователей напряжения ЭКБ ТЕСТ,ЭКБ ТЕСТ — надёжный партнёр для вашего бизнеса. Комплексные решения в микроэлектронике. Адекватные цены на производство преобразователей. Разумные сроки. Индивидуальный подход.,Модульные преобразователи ИРТЫШ,modulnye-preobrazovateli-irtysh,proizvodstvo-preobrazovatelej-napryazheniya_section_2
proizvodstvo-preobrazovatelej-napryazheniya_185,Модульный преобразователь DC/DC Иртыш 15 В / 500 Вт ET-F24M-15VP500R23,Y,modulnyj-preobrazovatel-dc-dc-irtysh-15-v-500-vt-et-f24m-15vp500r23,18600,,html,ET-F.jpg,,html,ET-F.jpg,ЭКБ ТЕСТ,DC/DC,ET-F24,ET-F24M-15VP500R23,"""24"" (18..36)",15,full brick,117,"55,9","12,7","""M""  (-55..100)",500,40,,ET-F24.pdf,proizvodstvo-preobrazovatelej-napryazheniya_322####,Модульный преобразователь DC/DC Иртыш 15 В / 500 Вт ET-F24M-15VP500R23,Модульный преобразователь DC/DC Иртыш 15 В / 500 Вт ET-F24M-15VP500R23⚡Серия «ИРТЫШ»®⚡DC/DC модульные преобразователи ✔ полная «PIN-TO-PIN» совместимость с продукцией VICOR⚡Производство преобразователей напряжения ЭКБ ТЕСТ,ЭКБ ТЕСТ — надёжный партнёр для вашего бизнеса. Комплексные решения в микроэлектронике. Адекватные цены на производство преобразователей. Разумные сроки. Индивидуальный подход.,Модульные преобразователи ИРТЫШ,modulnye-preobrazovateli-irtysh,proizvodstvo-preobrazovatelej-napryazheniya_section_2
proizvodstvo-preobrazovatelej-napryazheniya_186,Модульный преобразователь DC/DC Иртыш 24 В / 500 Вт ET-F24M-24VP500R23,Y,modulnyj-preobrazovatel-dc-dc-irtysh-24-v-500-vt-et-f24m-24vp500r23,18700,,html,ET-F.jpg,,html,ET-F.jpg,ЭКБ ТЕСТ,DC/DC,ET-F24,ET-F24M-24VP500R23,"""24"" (18..36)",24,full brick,117,"55,9","12,7","""M""  (-55..100)",500,25,,ET-F24.pdf,proizvodstvo-preobrazovatelej-napryazheniya_322####,Модульный преобразователь DC/DC Иртыш 24 В / 500 Вт ET-F24M-24VP500R23,Модульный преобразователь DC/DC Иртыш 24 В / 500 Вт ET-F24M-24VP500R23⚡Серия «ИРТЫШ»®⚡DC/DC модульные преобразователи ✔ полная «PIN-TO-PIN» совместимость с продукцией VICOR⚡Производство преобразователей напряжения ЭКБ ТЕСТ,ЭКБ ТЕСТ — надёжный партнёр для вашего бизнеса. Комплексные решения в микроэлектронике. Адекватные цены на производство преобразователей. Разумные сроки. Индивидуальный подход.,Модульные преобразователи ИРТЫШ,modulnye-preobrazovateli-irtysh,proizvodstvo-preobrazovatelej-napryazheniya_section_2
proizvodstvo-preobrazovatelej-napryazheniya_187,Модульный преобразователь DC/DC Иртыш 28 В / 500 Вт ET-F24M-28VP500R23,Y,modulnyj-preobrazovatel-dc-dc-irtysh-28-v-500-vt-et-f24m-28vp500r23,18800,,html,ET-F.jpg,,html,ET-F.jpg,ЭКБ ТЕСТ,DC/DC,ET-F24,ET-F24M-28VP500R23,"""24"" (18..36)",28,full brick,117,"55,9","12,7","""M""  (-55..100)",500,"21,5",,ET-F24.pdf,proizvodstvo-preobrazovatelej-napryazheniya_322####,Модульный преобразователь DC/DC Иртыш 28 В / 500 Вт ET-F24M-28VP500R23,Модульный преобразователь DC/DC Иртыш 28 В / 500 Вт ET-F24M-28VP500R23⚡Серия «ИРТЫШ»®⚡DC/DC модульные преобразователи ✔ полная «PIN-TO-PIN» совместимость с продукцией VICOR⚡Производство преобразователей напряжения ЭКБ ТЕСТ,ЭКБ ТЕСТ — надёжный партнёр для вашего бизнеса. Комплексные решения в микроэлектронике. Адекватные цены на производство преобразователей. Разумные сроки. Индивидуальный подход.,Модульные преобразователи ИРТЫШ,modulnye-preobrazovateli-irtysh,proizvodstvo-preobrazovatelej-napryazheniya_section_2
proizvodstvo-preobrazovatelej-napryazheniya_188,Модульный преобразователь DC/DC Иртыш 36 В / 500 Вт ET-F24M-36VP500R23,Y,modulnyj-preobrazovatel-dc-dc-irtysh-36-v-500-vt-et-f24m-36vp500r23,18900,,html,ET-F.jpg,,html,ET-F.jpg,ЭКБ ТЕСТ,DC/DC,ET-F24,ET-F24M-36VP500R23,"""24"" (18..36)",36,full brick,117,"55,9","12,7","""M""  (-55..100)",500,"16,7",,ET-F24.pdf,proizvodstvo-preobrazovatelej-napryazheniya_322####,Модульный преобразователь DC/DC Иртыш 36 В / 500 Вт ET-F24M-36VP500R23,Модульный преобразователь DC/DC Иртыш 36 В / 500 Вт ET-F24M-36VP500R23⚡Серия «ИРТЫШ»®⚡DC/DC модульные преобразователи ✔ полная «PIN-TO-PIN» совместимость с продукцией VICOR⚡Производство преобразователей напряжения ЭКБ ТЕСТ,ЭКБ ТЕСТ — надёжный партнёр для вашего бизнеса. Комплексные решения в микроэлектронике. Адекватные цены на производство преобразователей. Разумные сроки. Индивидуальный подход.,Модульные преобразователи ИРТЫШ,modulnye-preobrazovateli-irtysh,proizvodstvo-preobrazovatelej-napryazheniya_section_2
proizvodstvo-preobrazovatelej-napryazheniya_189,Модульный преобразователь DC/DC Иртыш 48 В / 500 Вт ET-F24M-48VP500R23,Y,modulnyj-preobrazovatel-dc-dc-irtysh-48-v-500-vt-et-f24m-48vp500r23,19000,,html,ET-F.jpg,,html,ET-F.jpg,ЭКБ ТЕСТ,DC/DC,ET-F24,ET-F24M-48VP500R23,"""24"" (18..36)",48,full brick,117,"55,9","12,7","""M""  (-55..100)",500,"12,5",,ET-F24.pdf,proizvodstvo-preobrazovatelej-napryazheniya_322####,Модульный преобразователь DC/DC Иртыш 48 В / 500 Вт ET-F24M-48VP500R23,Модульный преобразователь DC/DC Иртыш 48 В / 500 Вт ET-F24M-48VP500R23⚡Серия «ИРТЫШ»®⚡DC/DC модульные преобразователи ✔ полная «PIN-TO-PIN» совместимость с продукцией VICOR⚡Производство преобразователей напряжения ЭКБ ТЕСТ,ЭКБ ТЕСТ — надёжный партнёр для вашего бизнеса. Комплексные решения в микроэлектронике. Адекватные цены на производство преобразователей. Разумные сроки. Индивидуальный подход.,Модульные преобразователи ИРТЫШ,modulnye-preobrazovateli-irtysh,proizvodstvo-preobrazovatelej-napryazheniya_section_2
proizvodstvo-preobrazovatelej-napryazheniya_190,"Модульный преобразователь DC/DC Иртыш 3,3 В / 150 Вт ET-H24C-3V3P150R23",Y,modulnyj-preobrazovatel-dc-dc-irtysh-3-3-v-150-vt-et-h24c-3v3p150r23,19100,,html,ET-H.jpg,,html,ET-H.jpg,ЭКБ ТЕСТ,DC/DC,ET-H24,ET-H24C-3V3P150R23,"""24"" (18..36)","3,3",1/2 brick,"57,9","55,9","12,7","""C""  (-20..100)",150,"45,4",,ET-H24.pdf,proizvodstvo-preobrazovatelej-napryazheniya_323####,"Модульный преобразователь DC/DC Иртыш 3,3 В / 150 Вт ET-H24C-3V3P150R23","Модульный преобразователь DC/DC Иртыш 3,3 В / 150 Вт ET-H24C-3V3P150R23⚡Серия «ИРТЫШ»®⚡DC/DC модульные преобразователи ✔ полная «PIN-TO-PIN» совместимость с продукцией VICOR⚡Производство преобразователей напряжения ЭКБ ТЕСТ",ЭКБ ТЕСТ — надёжный партнёр для вашего бизнеса. Комплексные решения в микроэлектронике. Адекватные цены на производство преобразователей. Разумные сроки. Индивидуальный подход.,Модульные преобразователи ИРТЫШ,modulnye-preobrazovateli-irtysh,proizvodstvo-preobrazovatelej-napryazheniya_section_2
proizvodstvo-preobrazovatelej-napryazheniya_191,Модульный преобразователь DC/DC Иртыш 5 В / 200 Вт ET-H24C-05VP200R23,Y,modulnyj-preobrazovatel-dc-dc-irtysh-5-v-200-vt-et-h24c-05vp200r23,19200,,html,ET-H.jpg,,html,ET-H.jpg,ЭКБ ТЕСТ,DC/DC,ET-H24,ET-H24C-05VP200R23,"""24"" (18..36)",5,1/2 brick,"57,9","55,9","12,7","""C""  (-20..100)",200,40,,ET-H24.pdf,proizvodstvo-preobrazovatelej-napryazheniya_323####,Модульный преобразователь DC/DC Иртыш 5 В / 200 Вт ET-H24C-05VP200R23,Модульный преобразователь DC/DC Иртыш 5 В / 200 Вт ET-H24C-05VP200R23⚡Серия «ИРТЫШ»®⚡DC/DC модульные преобразователи ✔ полная «PIN-TO-PIN» совместимость с продукцией VICOR⚡Производство преобразователей напряжения ЭКБ ТЕСТ,ЭКБ ТЕСТ — надёжный партнёр для вашего бизнеса. Комплексные решения в микроэлектронике. Адекватные цены на производство преобразователей. Разумные сроки. Индивидуальный подход.,Модульные преобразователи ИРТЫШ,modulnye-preobrazovateli-irtysh,proizvodstvo-preobrazovatelej-napryazheniya_section_2
proizvodstvo-preobrazovatelej-napryazheniya_192,Модульный преобразователь DC/DC Иртыш 8 В / 200 Вт ET-H24C-08VP200R23,Y,modulnyj-preobrazovatel-dc-dc-irtysh-8-v-200-vt-et-h24c-08vp200r23,19300,,html,ET-H.jpg,,html,ET-H.jpg,ЭКБ ТЕСТ,DC/DC,ET-H24,ET-H24C-08VP200R23,"""24"" (18..36)",8,1/2 brick,"57,9","55,9","12,7","""C""  (-20..100)",200,25,,ET-H24.pdf,proizvodstvo-preobrazovatelej-napryazheniya_323####,Модульный преобразователь DC/DC Иртыш 8 В / 200 Вт ET-H24C-08VP200R23,Модульный преобразователь DC/DC Иртыш 8 В / 200 Вт ET-H24C-08VP200R23⚡Серия «ИРТЫШ»®⚡DC/DC модульные преобразователи ✔ полная «PIN-TO-PIN» совместимость с продукцией VICOR⚡Производство преобразователей напряжения ЭКБ ТЕСТ,ЭКБ ТЕСТ — надёжный партнёр для вашего бизнеса. Комплексные решения в микроэлектронике. Адекватные цены на производство преобразователей. Разумные сроки. Индивидуальный подход.,Модульные преобразователи ИРТЫШ,modulnye-preobrazovateli-irtysh,proizvodstvo-preobrazovatelej-napryazheniya_section_2
proizvodstvo-preobrazovatelej-napryazheniya_193,Модульный преобразователь DC/DC Иртыш 12 В / 250 Вт ET-H24C-12VP250R23,Y,modulnyj-preobrazovatel-dc-dc-irtysh-12-v-250-vt-et-h24c-12vp250r23,19400,,html,ET-H.jpg,,html,ET-H.jpg,ЭКБ ТЕСТ,DC/DC,ET-H24,ET-H24C-12VP250R23,"""24"" (18..36)",12,1/2 brick,"57,9","55,9","12,7","""C""  (-20..100)",250,"20,8",,ET-H24.pdf,proizvodstvo-preobrazovatelej-napryazheniya_323####,Модульный преобразователь DC/DC Иртыш 12 В / 250 Вт ET-H24C-12VP250R23,Модульный преобразователь DC/DC Иртыш 12 В / 250 Вт ET-H24C-12VP250R23⚡Серия «ИРТЫШ»®⚡DC/DC модульные преобразователи ✔ полная «PIN-TO-PIN» совместимость с продукцией VICOR⚡Производство преобразователей напряжения ЭКБ ТЕСТ,ЭКБ ТЕСТ — надёжный партнёр для вашего бизнеса. Комплексные решения в микроэлектронике. Адекватные цены на производство преобразователей. Разумные сроки. Индивидуальный подход.,Модульные преобразователи ИРТЫШ,modulnye-preobrazovateli-irtysh,proizvodstvo-preobrazovatelej-napryazheniya_section_2
proizvodstvo-preobrazovatelej-napryazheniya_194,Модульный преобразователь DC/DC Иртыш 15 В / 250 Вт ET-H24C-15VP250R23,Y,modulnyj-preobrazovatel-dc-dc-irtysh-15-v-250-vt-et-h24c-15vp250r23,19500,,html,ET-H.jpg,,html,ET-H.jpg,ЭКБ ТЕСТ,DC/DC,ET-H24,ET-H24C-15VP250R23,"""24"" (18..36)",15,1/2 brick,"57,9","55,9","12,7","""C""  (-20..100)",250,"16,7",,ET-H24.pdf,proizvodstvo-preobrazovatelej-napryazheniya_323####,Модульный преобразователь DC/DC Иртыш 15 В / 250 Вт ET-H24C-15VP250R23,Модульный преобразователь DC/DC Иртыш 15 В / 250 Вт ET-H24C-15VP250R23⚡Серия «ИРТЫШ»®⚡DC/DC модульные преобразователи ✔ полная «PIN-TO-PIN» совместимость с продукцией VICOR⚡Производство преобразователей напряжения ЭКБ ТЕСТ,ЭКБ ТЕСТ — надёжный партнёр для вашего бизнеса. Комплексные решения в микроэлектронике. Адекватные цены на производство преобразователей. Разумные сроки. Индивидуальный подход.,Модульные преобразователи ИРТЫШ,modulnye-preobrazovateli-irtysh,proizvodstvo-preobrazovatelej-napryazheniya_section_2
proizvodstvo-preobrazovatelej-napryazheniya_195,Модульный преобразователь DC/DC Иртыш 24 В / 250 Вт ET-H24C-24VP250R23,Y,modulnyj-preobrazovatel-dc-dc-irtysh-24-v-250-vt-et-h24c-24vp250r23,19600,,html,ET-H.jpg,,html,ET-H.jpg,ЭКБ ТЕСТ,DC/DC,ET-H24,ET-H24C-24VP250R23,"""24"" (18..36)",24,1/2 brick,"57,9","55,9","12,7","""C""  (-20..100)",250,"10,4",,ET-H24.pdf,proizvodstvo-preobrazovatelej-napryazheniya_323####,Модульный преобразователь DC/DC Иртыш 24 В / 250 Вт ET-H24C-24VP250R23,Модульный преобразователь DC/DC Иртыш 24 В / 250 Вт ET-H24C-24VP250R23⚡Серия «ИРТЫШ»®⚡DC/DC модульные преобразователи ✔ полная «PIN-TO-PIN» совместимость с продукцией VICOR⚡Производство преобразователей напряжения ЭКБ ТЕСТ,ЭКБ ТЕСТ — надёжный партнёр для вашего бизнеса. Комплексные решения в микроэлектронике. Адекватные цены на производство преобразователей. Разумные сроки. Индивидуальный подход.,Модульные преобразователи ИРТЫШ,modulnye-preobrazovateli-irtysh,proizvodstvo-preobrazovatelej-napryazheniya_section_2
proizvodstvo-preobrazovatelej-napryazheniya_196,Модульный преобразователь DC/DC Иртыш 28 В / 250 Вт ET-H24C-28VP250R23,Y,modulnyj-preobrazovatel-dc-dc-irtysh-28-v-250-vt-et-h24c-28vp250r23,19700,,html,ET-H.jpg,,html,ET-H.jpg,ЭКБ ТЕСТ,DC/DC,ET-H24,ET-H24C-28VP250R23,"""24"" (18..36)",28,1/2 brick,"57,9","55,9","12,7","""C""  (-20..100)",250,"8,9",,ET-H24.pdf,proizvodstvo-preobrazovatelej-napryazheniya_323####,Модульный преобразователь DC/DC Иртыш 28 В / 250 Вт ET-H24C-28VP250R23,Модульный преобразователь DC/DC Иртыш 28 В / 250 Вт ET-H24C-28VP250R23⚡Серия «ИРТЫШ»®⚡DC/DC модульные преобразователи ✔ полная «PIN-TO-PIN» совместимость с продукцией VICOR⚡Производство преобразователей напряжения ЭКБ ТЕСТ,ЭКБ ТЕСТ — надёжный партнёр для вашего бизнеса. Комплексные решения в микроэлектронике. Адекватные цены на производство преобразователей. Разумные сроки. Индивидуальный подход.,Модульные преобразователи ИРТЫШ,modulnye-preobrazovateli-irtysh,proizvodstvo-preobrazovatelej-napryazheniya_section_2
proizvodstvo-preobrazovatelej-napryazheniya_197,Модульный преобразователь DC/DC Иртыш 36 В / 250 Вт ET-H24C-36VP250R23,Y,modulnyj-preobrazovatel-dc-dc-irtysh-36-v-250-vt-et-h24c-36vp250r23,19800,,html,ET-H.jpg,,html,ET-H.jpg,ЭКБ ТЕСТ,DC/DC,ET-H24,ET-H24C-36VP250R23,"""24"" (18..36)",36,1/2 brick,"57,9","55,9","12,7","""C""  (-20..100)",250,"6,9",,ET-H24.pdf,proizvodstvo-preobrazovatelej-napryazheniya_323####,Модульный преобразователь DC/DC Иртыш 36 В / 250 Вт ET-H24C-36VP250R23,Модульный преобразователь DC/DC Иртыш 36 В / 250 Вт ET-H24C-36VP250R23⚡Серия «ИРТЫШ»®⚡DC/DC модульные преобразователи ✔ полная «PIN-TO-PIN» совместимость с продукцией VICOR⚡Производство преобразователей напряжения ЭКБ ТЕСТ,ЭКБ ТЕСТ — надёжный партнёр для вашего бизнеса. Комплексные решения в микроэлектронике. Адекватные цены на производство преобразователей. Разумные сроки. Индивидуальный подход.,Модульные преобразователи ИРТЫШ,modulnye-preobrazovateli-irtysh,proizvodstvo-preobrazovatelej-napryazheniya_section_2
proizvodstvo-preobrazovatelej-napryazheniya_198,Модульный преобразователь DC/DC Иртыш 48 В / 250 Вт ET-H24C-48VP250R23,Y,modulnyj-preobrazovatel-dc-dc-irtysh-48-v-250-vt-et-h24c-48vp250r23,19900,,html,ET-H.jpg,,html,ET-H.jpg,ЭКБ ТЕСТ,DC/DC,ET-H24,ET-H24C-48VP250R23,"""24"" (18..36)",48,1/2 brick,"57,9","55,9","12,7","""C""  (-20..100)",250,"5,2",,ET-H24.pdf,proizvodstvo-preobrazovatelej-napryazheniya_323####,Модульный преобразователь DC/DC Иртыш 48 В / 250 Вт ET-H24C-48VP250R23,Модульный преобразователь DC/DC Иртыш 48 В / 250 Вт ET-H24C-48VP250R23⚡Серия «ИРТЫШ»®⚡DC/DC модульные преобразователи ✔ полная «PIN-TO-PIN» совместимость с продукцией VICOR⚡Производство преобразователей напряжения ЭКБ ТЕСТ,ЭКБ ТЕСТ — надёжный партнёр для вашего бизнеса. Комплексные решения в микроэлектронике. Адекватные цены на производство преобразователей. Разумные сроки. Индивидуальный подход.,Модульные преобразователи ИРТЫШ,modulnye-preobrazovateli-irtysh,proizvodstvo-preobrazovatelej-napryazheniya_section_2
proizvodstvo-preobrazovatelej-napryazheniya_199,"Модульный преобразователь DC/DC Иртыш 3,3 В / 150 Вт ET-H24H-3V3P150R23",Y,modulnyj-preobrazovatel-dc-dc-irtysh-3-3-v-150-vt-et-h24h-3v3p150r23,20000,,html,ET-H.jpg,,html,ET-H.jpg,ЭКБ ТЕСТ,DC/DC,ET-H24,ET-H24H-3V3P150R23,"""24"" (18..36)","3,3",1/2 brick,"57,9","55,9","12,7","""H""  (-40..100)",150,"45,4",,ET-H24.pdf,proizvodstvo-preobrazovatelej-napryazheniya_323####,"Модульный преобразователь DC/DC Иртыш 3,3 В / 150 Вт ET-H24H-3V3P150R23","Модульный преобразователь DC/DC Иртыш 3,3 В / 150 Вт ET-H24H-3V3P150R23⚡Серия «ИРТЫШ»®⚡DC/DC модульные преобразователи ✔ полная «PIN-TO-PIN» совместимость с продукцией VICOR⚡Производство преобразователей напряжения ЭКБ ТЕСТ",ЭКБ ТЕСТ — надёжный партнёр для вашего бизнеса. Комплексные решения в микроэлектронике. Адекватные цены на производство преобразователей. Разумные сроки. Индивидуальный подход.,Модульные преобразователи ИРТЫШ,modulnye-preobrazovateli-irtysh,proizvodstvo-preobrazovatelej-napryazheniya_section_2
proizvodstvo-preobrazovatelej-napryazheniya_200,Модульный преобразователь DC/DC Иртыш 5 В / 200 Вт ET-H24H-05VP200R23,Y,modulnyj-preobrazovatel-dc-dc-irtysh-5-v-200-vt-et-h24h-05vp200r23,20100,,html,ET-H.jpg,,html,ET-H.jpg,ЭКБ ТЕСТ,DC/DC,ET-H24,ET-H24H-05VP200R23,"""24"" (18..36)",5,1/2 brick,"57,9","55,9","12,7","""H""  (-40..100)",200,40,,ET-H24.pdf,proizvodstvo-preobrazovatelej-napryazheniya_323####,Модульный преобразователь DC/DC Иртыш 5 В / 200 Вт ET-H24H-05VP200R23,Модульный преобразователь DC/DC Иртыш 5 В / 200 Вт ET-H24H-05VP200R23⚡Серия «ИРТЫШ»®⚡DC/DC модульные преобразователи ✔ полная «PIN-TO-PIN» совместимость с продукцией VICOR⚡Производство преобразователей напряжения ЭКБ ТЕСТ,ЭКБ ТЕСТ — надёжный партнёр для вашего бизнеса. Комплексные решения в микроэлектронике. Адекватные цены на производство преобразователей. Разумные сроки. Индивидуальный подход.,Модульные преобразователи ИРТЫШ,modulnye-preobrazovateli-irtysh,proizvodstvo-preobrazovatelej-napryazheniya_section_2
proizvodstvo-preobrazovatelej-napryazheniya_201,Модульный преобразователь DC/DC Иртыш 8 В / 200 Вт ET-H24H-08VP200R23,Y,modulnyj-preobrazovatel-dc-dc-irtysh-8-v-200-vt-et-h24h-08vp200r23,20200,,html,ET-H.jpg,,html,ET-H.jpg,ЭКБ ТЕСТ,DC/DC,ET-H24,ET-H24H-08VP200R23,"""24"" (18..36)",8,1/2 brick,"57,9","55,9","12,7","""H""  (-40..100)",200,25,,ET-H24.pdf,proizvodstvo-preobrazovatelej-napryazheniya_323####proizvodstvo-preobrazovatelej-napryazheniya_348,Модульный преобразователь DC/DC Иртыш 8 В / 200 Вт ET-H24H-08VP200R23,Модульный преобразователь DC/DC Иртыш 8 В / 200 Вт ET-H24H-08VP200R23⚡Серия «ИРТЫШ»®⚡DC/DC модульные преобразователи ✔ полная «PIN-TO-PIN» совместимость с продукцией VICOR⚡Производство преобразователей напряжения ЭКБ ТЕСТ,ЭКБ ТЕСТ — надёжный партнёр для вашего бизнеса. Комплексные решения в микроэлектронике. Адекватные цены на производство преобразователей. Разумные сроки. Индивидуальный подход.,Модульные преобразователи ИРТЫШ,modulnye-preobrazovateli-irtysh,proizvodstvo-preobrazovatelej-napryazheniya_section_2
proizvodstvo-preobrazovatelej-napryazheniya_202,Модульный преобразователь DC/DC Иртыш 12 В / 250 Вт ET-H24H-12VP250R23,Y,modulnyj-preobrazovatel-dc-dc-irtysh-12-v-250-vt-et-h24h-12vp250r23,20300,,html,ET-H.jpg,,html,ET-H.jpg,ЭКБ ТЕСТ,DC/DC,ET-H24,ET-H24H-12VP250R23,"""24"" (18..36)",12,1/2 brick,"57,9","55,9","12,7","""H""  (-40..100)",250,"20,8",,ET-H24.pdf,proizvodstvo-preobrazovatelej-napryazheniya_323####,Модульный преобразователь DC/DC Иртыш 12 В / 250 Вт ET-H24H-12VP250R23,Модульный преобразователь DC/DC Иртыш 12 В / 250 Вт ET-H24H-12VP250R23⚡Серия «ИРТЫШ»®⚡DC/DC модульные преобразователи ✔ полная «PIN-TO-PIN» совместимость с продукцией VICOR⚡Производство преобразователей напряжения ЭКБ ТЕСТ,ЭКБ ТЕСТ — надёжный партнёр для вашего бизнеса. Комплексные решения в микроэлектронике. Адекватные цены на производство преобразователей. Разумные сроки. Индивидуальный подход.,Модульные преобразователи ИРТЫШ,modulnye-preobrazovateli-irtysh,proizvodstvo-preobrazovatelej-napryazheniya_section_2
proizvodstvo-preobrazovatelej-napryazheniya_203,Модульный преобразователь DC/DC Иртыш 15 В / 250 Вт ET-H24H-15VP250R23,Y,modulnyj-preobrazovatel-dc-dc-irtysh-15-v-250-vt-et-h24h-15vp250r23,20400,,html,ET-H.jpg,,html,ET-H.jpg,ЭКБ ТЕСТ,DC/DC,ET-H24,ET-H24H-15VP250R23,"""24"" (18..36)",15,1/2 brick,"57,9","55,9","12,7","""H""  (-40..100)",250,"16,7",,ET-H24.pdf,proizvodstvo-preobrazovatelej-napryazheniya_323####,Модульный преобразователь DC/DC Иртыш 15 В / 250 Вт ET-H24H-15VP250R23,Модульный преобразователь DC/DC Иртыш 15 В / 250 Вт ET-H24H-15VP250R23⚡Серия «ИРТЫШ»®⚡DC/DC модульные преобразователи ✔ полная «PIN-TO-PIN» совместимость с продукцией VICOR⚡Производство преобразователей напряжения ЭКБ ТЕСТ,ЭКБ ТЕСТ — надёжный партнёр для вашего бизнеса. Комплексные решения в микроэлектронике. Адекватные цены на производство преобразователей. Разумные сроки. Индивидуальный подход.,Модульные преобразователи ИРТЫШ,modulnye-preobrazovateli-irtysh,proizvodstvo-preobrazovatelej-napryazheniya_section_2
proizvodstvo-preobrazovatelej-napryazheniya_204,Модульный преобразователь DC/DC Иртыш 24 В / 250 Вт ET-H24H-24VP250R23,Y,modulnyj-preobrazovatel-dc-dc-irtysh-24-v-250-vt-et-h24h-24vp250r23,20500,,html,ET-H.jpg,,html,ET-H.jpg,ЭКБ ТЕСТ,DC/DC,ET-H24,ET-H24H-24VP250R23,"""24"" (18..36)",24,1/2 brick,"57,9","55,9","12,7","""H""  (-40..100)",250,"10,4",,ET-H24.pdf,proizvodstvo-preobrazovatelej-napryazheniya_323####,Модульный преобразователь DC/DC Иртыш 24 В / 250 Вт ET-H24H-24VP250R23,Модульный преобразователь DC/DC Иртыш 24 В / 250 Вт ET-H24H-24VP250R23⚡Серия «ИРТЫШ»®⚡DC/DC модульные преобразователи ✔ полная «PIN-TO-PIN» совместимость с продукцией VICOR⚡Производство преобразователей напряжения ЭКБ ТЕСТ,ЭКБ ТЕСТ — надёжный партнёр для вашего бизнеса. Комплексные решения в микроэлектронике. Адекватные цены на производство преобразователей. Разумные сроки. Индивидуальный подход.,Модульные преобразователи ИРТЫШ,modulnye-preobrazovateli-irtysh,proizvodstvo-preobrazovatelej-napryazheniya_section_2
proizvodstvo-preobrazovatelej-napryazheniya_205,Модульный преобразователь DC/DC Иртыш 28 В / 250 Вт ET-H24H-28VP250R23,Y,modulnyj-preobrazovatel-dc-dc-irtysh-28-v-250-vt-et-h24h-28vp250r23,20600,,html,ET-H.jpg,,html,ET-H.jpg,ЭКБ ТЕСТ,DC/DC,ET-H24,ET-H24H-28VP250R23,"""24"" (18..36)",28,1/2 brick,"57,9","55,9","12,7","""H""  (-40..100)",250,"8,9",,ET-H24.pdf,proizvodstvo-preobrazovatelej-napryazheniya_323####,Модульный преобразователь DC/DC Иртыш 28 В / 250 Вт ET-H24H-28VP250R23,Модульный преобразователь DC/DC Иртыш 28 В / 250 Вт ET-H24H-28VP250R23⚡Серия «ИРТЫШ»®⚡DC/DC модульные преобразователи ✔ полная «PIN-TO-PIN» совместимость с продукцией VICOR⚡Производство преобразователей напряжения ЭКБ ТЕСТ,ЭКБ ТЕСТ — надёжный партнёр для вашего бизнеса. Комплексные решения в микроэлектронике. Адекватные цены на производство преобразователей. Разумные сроки. Индивидуальный подход.,Модульные преобразователи ИРТЫШ,modulnye-preobrazovateli-irtysh,proizvodstvo-preobrazovatelej-napryazheniya_section_2
proizvodstvo-preobrazovatelej-napryazheniya_206,Модульный преобразователь DC/DC Иртыш 36 В / 250 Вт ET-H24H-36VP250R23,Y,modulnyj-preobrazovatel-dc-dc-irtysh-36-v-250-vt-et-h24h-36vp250r23,20700,,html,ET-H.jpg,,html,ET-H.jpg,ЭКБ ТЕСТ,DC/DC,ET-H24,ET-H24H-36VP250R23,"""24"" (18..36)",36,1/2 brick,"57,9","55,9","12,7","""H""  (-40..100)",250,"6,9",,ET-H24.pdf,proizvodstvo-preobrazovatelej-napryazheniya_323####,Модульный преобразователь DC/DC Иртыш 36 В / 250 Вт ET-H24H-36VP250R23,Модульный преобразователь DC/DC Иртыш 36 В / 250 Вт ET-H24H-36VP250R23⚡Серия «ИРТЫШ»®⚡DC/DC модульные преобразователи ✔ полная «PIN-TO-PIN» совместимость с продукцией VICOR⚡Производство преобразователей напряжения ЭКБ ТЕСТ,ЭКБ ТЕСТ — надёжный партнёр для вашего бизнеса. Комплексные решения в микроэлектронике. Адекватные цены на производство преобразователей. Разумные сроки. Индивидуальный подход.,Модульные преобразователи ИРТЫШ,modulnye-preobrazovateli-irtysh,proizvodstvo-preobrazovatelej-napryazheniya_section_2
proizvodstvo-preobrazovatelej-napryazheniya_207,Модульный преобразователь DC/DC Иртыш 48 В / 250 Вт ET-H24H-48VP250R23,Y,modulnyj-preobrazovatel-dc-dc-irtysh-48-v-250-vt-et-h24h-48vp250r23,20800,,html,ET-H.jpg,,html,ET-H.jpg,ЭКБ ТЕСТ,DC/DC,ET-H24,ET-H24H-48VP250R23,"""24"" (18..36)",48,1/2 brick,"57,9","55,9","12,7","""H""  (-40..100)",250,"5,2",,ET-H24.pdf,proizvodstvo-preobrazovatelej-napryazheniya_323####,Модульный преобразователь DC/DC Иртыш 48 В / 250 Вт ET-H24H-48VP250R23,Модульный преобразователь DC/DC Иртыш 48 В / 250 Вт ET-H24H-48VP250R23⚡Серия «ИРТЫШ»®⚡DC/DC модульные преобразователи ✔ полная «PIN-TO-PIN» совместимость с продукцией VICOR⚡Производство преобразователей напряжения ЭКБ ТЕСТ,ЭКБ ТЕСТ — надёжный партнёр для вашего бизнеса. Комплексные решения в микроэлектронике. Адекватные цены на производство преобразователей. Разумные сроки. Индивидуальный подход.,Модульные преобразователи ИРТЫШ,modulnye-preobrazovateli-irtysh,proizvodstvo-preobrazovatelej-napryazheniya_section_2
proizvodstvo-preobrazovatelej-napryazheniya_208,"Модульный преобразователь DC/DC Иртыш 3,3 В / 150 Вт ET-H24M-3V3P150R23",Y,modulnyj-preobrazovatel-dc-dc-irtysh-3-3-v-150-vt-et-h24m-3v3p150r23,20900,,html,ET-H.jpg,,html,ET-H.jpg,ЭКБ ТЕСТ,DC/DC,ET-H24,ET-H24M-3V3P150R23,"""24"" (18..36)","3,3",1/2 brick,"57,9","55,9","12,7","""M""  (-55..100)",150,"45,4",,ET-H24.pdf,proizvodstvo-preobrazovatelej-napryazheniya_323####,"Модульный преобразователь DC/DC Иртыш 3,3 В / 150 Вт ET-H24M-3V3P150R23","Модульный преобразователь DC/DC Иртыш 3,3 В / 150 Вт ET-H24M-3V3P150R23⚡Серия «ИРТЫШ»®⚡DC/DC модульные преобразователи ✔ полная «PIN-TO-PIN» совместимость с продукцией VICOR⚡Производство преобразователей напряжения ЭКБ ТЕСТ",ЭКБ ТЕСТ — надёжный партнёр для вашего бизнеса. Комплексные решения в микроэлектронике. Адекватные цены на производство преобразователей. Разумные сроки. Индивидуальный подход.,Модульные преобразователи ИРТЫШ,modulnye-preobrazovateli-irtysh,proizvodstvo-preobrazovatelej-napryazheniya_section_2
proizvodstvo-preobrazovatelej-napryazheniya_209,Модульный преобразователь DC/DC Иртыш 5 В / 200 Вт ET-H24M-05VP200R23,Y,modulnyj-preobrazovatel-dc-dc-irtysh-5-v-200-vt-et-h24m-05vp200r23,21000,,html,ET-H.jpg,,html,ET-H.jpg,ЭКБ ТЕСТ,DC/DC,ET-H24,ET-H24M-05VP200R23,"""24"" (18..36)",5,1/2 brick,"57,9","55,9","12,7","""M""  (-55..100)",200,40,,ET-H24.pdf,proizvodstvo-preobrazovatelej-napryazheniya_323####,Модульный преобразователь DC/DC Иртыш 5 В / 200 Вт ET-H24M-05VP200R23,Модульный преобразователь DC/DC Иртыш 5 В / 200 Вт ET-H24M-05VP200R23⚡Серия «ИРТЫШ»®⚡DC/DC модульные преобразователи ✔ полная «PIN-TO-PIN» совместимость с продукцией VICOR⚡Производство преобразователей напряжения ЭКБ ТЕСТ,ЭКБ ТЕСТ — надёжный партнёр для вашего бизнеса. Комплексные решения в микроэлектронике. Адекватные цены на производство преобразователей. Разумные сроки. Индивидуальный подход.,Модульные преобразователи ИРТЫШ,modulnye-preobrazovateli-irtysh,proizvodstvo-preobrazovatelej-napryazheniya_section_2
proizvodstvo-preobrazovatelej-napryazheniya_210,Модульный преобразователь DC/DC Иртыш 8 В / 200 Вт ET-H24M-08VP200R23,Y,modulnyj-preobrazovatel-dc-dc-irtysh-8-v-200-vt-et-h24m-08vp200r23,21100,,html,ET-H.jpg,,html,ET-H.jpg,ЭКБ ТЕСТ,DC/DC,ET-H24,ET-H24M-08VP200R23,"""24"" (18..36)",8,1/2 brick,"57,9","55,9","12,7","""M""  (-55..100)",200,25,,ET-H24.pdf,proizvodstvo-preobrazovatelej-napryazheniya_323####proizvodstvo-preobrazovatelej-napryazheniya_357,Модульный преобразователь DC/DC Иртыш 8 В / 200 Вт ET-H24M-08VP200R23,Модульный преобразователь DC/DC Иртыш 8 В / 200 Вт ET-H24M-08VP200R23⚡Серия «ИРТЫШ»®⚡DC/DC модульные преобразователи ✔ полная «PIN-TO-PIN» совместимость с продукцией VICOR⚡Производство преобразователей напряжения ЭКБ ТЕСТ,ЭКБ ТЕСТ — надёжный партнёр для вашего бизнеса. Комплексные решения в микроэлектронике. Адекватные цены на производство преобразователей. Разумные сроки. Индивидуальный подход.,Модульные преобразователи ИРТЫШ,modulnye-preobrazovateli-irtysh,proizvodstvo-preobrazovatelej-napryazheniya_section_2
proizvodstvo-preobrazovatelej-napryazheniya_211,Модульный преобразователь DC/DC Иртыш 12 В / 250 Вт ET-H24M-12VP250R23,Y,modulnyj-preobrazovatel-dc-dc-irtysh-12-v-250-vt-et-h24m-12vp250r23,21200,,html,ET-H.jpg,,html,ET-H.jpg,ЭКБ ТЕСТ,DC/DC,ET-H24,ET-H24M-12VP250R23,"""24"" (18..36)",12,1/2 brick,"57,9","55,9","12,7","""M""  (-55..100)",250,"20,8",,ET-H24.pdf,proizvodstvo-preobrazovatelej-napryazheniya_323####,Модульный преобразователь DC/DC Иртыш 12 В / 250 Вт ET-H24M-12VP250R23,Модульный преобразователь DC/DC Иртыш 12 В / 250 Вт ET-H24M-12VP250R23⚡Серия «ИРТЫШ»®⚡DC/DC модульные преобразователи ✔ полная «PIN-TO-PIN» совместимость с продукцией VICOR⚡Производство преобразователей напряжения ЭКБ ТЕСТ,ЭКБ ТЕСТ — надёжный партнёр для вашего бизнеса. Комплексные решения в микроэлектронике. Адекватные цены на производство преобразователей. Разумные сроки. Индивидуальный подход.,Модульные преобразователи ИРТЫШ,modulnye-preobrazovateli-irtysh,proizvodstvo-preobrazovatelej-napryazheniya_section_2
proizvodstvo-preobrazovatelej-napryazheniya_212,Модульный преобразователь DC/DC Иртыш 15 В / 250 Вт ET-H24M-15VP250R23,Y,modulnyj-preobrazovatel-dc-dc-irtysh-15-v-250-vt-et-h24m-15vp250r23,21300,,html,ET-H.jpg,,html,ET-H.jpg,ЭКБ ТЕСТ,DC/DC,ET-H24,ET-H24M-15VP250R23,"""24"" (18..36)",15,1/2 brick,"57,9","55,9","12,7","""M""  (-55..100)",250,"16,7",,ET-H24.pdf,proizvodstvo-preobrazovatelej-napryazheniya_323####,Модульный преобразователь DC/DC Иртыш 15 В / 250 Вт ET-H24M-15VP250R23,Модульный преобразователь DC/DC Иртыш 15 В / 250 Вт ET-H24M-15VP250R23⚡Серия «ИРТЫШ»®⚡DC/DC модульные преобразователи ✔ полная «PIN-TO-PIN» совместимость с продукцией VICOR⚡Производство преобразователей напряжения ЭКБ ТЕСТ,ЭКБ ТЕСТ — надёжный партнёр для вашего бизнеса. Комплексные решения в микроэлектронике. Адекватные цены на производство преобразователей. Разумные сроки. Индивидуальный подход.,Модульные преобразователи ИРТЫШ,modulnye-preobrazovateli-irtysh,proizvodstvo-preobrazovatelej-napryazheniya_section_2
proizvodstvo-preobrazovatelej-napryazheniya_213,Модульный преобразователь DC/DC Иртыш 24 В / 250 Вт ET-H24M-24VP250R23,Y,modulnyj-preobrazovatel-dc-dc-irtysh-24-v-250-vt-et-h24m-24vp250r23,21400,,html,ET-H.jpg,,html,ET-H.jpg,ЭКБ ТЕСТ,DC/DC,ET-H24,ET-H24M-24VP250R23,"""24"" (18..36)",24,1/2 brick,"57,9","55,9","12,7","""M""  (-55..100)",250,"10,4",,ET-H24.pdf,proizvodstvo-preobrazovatelej-napryazheniya_323####,Модульный преобразователь DC/DC Иртыш 24 В / 250 Вт ET-H24M-24VP250R23,Модульный преобразователь DC/DC Иртыш 24 В / 250 Вт ET-H24M-24VP250R23⚡Серия «ИРТЫШ»®⚡DC/DC модульные преобразователи ✔ полная «PIN-TO-PIN» совместимость с продукцией VICOR⚡Производство преобразователей напряжения ЭКБ ТЕСТ,ЭКБ ТЕСТ — надёжный партнёр для вашего бизнеса. Комплексные решения в микроэлектронике. Адекватные цены на производство преобразователей. Разумные сроки. Индивидуальный подход.,Модульные преобразователи ИРТЫШ,modulnye-preobrazovateli-irtysh,proizvodstvo-preobrazovatelej-napryazheniya_section_2
proizvodstvo-preobrazovatelej-napryazheniya_214,Модульный преобразователь DC/DC Иртыш 28 В / 250 Вт ET-H24M-28VP250R23,Y,modulnyj-preobrazovatel-dc-dc-irtysh-28-v-250-vt-et-h24m-28vp250r23,21500,,html,ET-H.jpg,,html,ET-H.jpg,ЭКБ ТЕСТ,DC/DC,ET-H24,ET-H24M-28VP250R23,"""24"" (18..36)",28,1/2 brick,"57,9","55,9","12,7","""M""  (-55..100)",250,"8,9",,ET-H24.pdf,proizvodstvo-preobrazovatelej-napryazheniya_323####,Модульный преобразователь DC/DC Иртыш 28 В / 250 Вт ET-H24M-28VP250R23,Модульный преобразователь DC/DC Иртыш 28 В / 250 Вт ET-H24M-28VP250R23⚡Серия «ИРТЫШ»®⚡DC/DC модульные преобразователи ✔ полная «PIN-TO-PIN» совместимость с продукцией VICOR⚡Производство преобразователей напряжения ЭКБ ТЕСТ,ЭКБ ТЕСТ — надёжный партнёр для вашего бизнеса. Комплексные решения в микроэлектронике. Адекватные цены на производство преобразователей. Разумные сроки. Индивидуальный подход.,Модульные преобразователи ИРТЫШ,modulnye-preobrazovateli-irtysh,proizvodstvo-preobrazovatelej-napryazheniya_section_2
proizvodstvo-preobrazovatelej-napryazheniya_215,Модульный преобразователь DC/DC Иртыш 36 В / 250 Вт ET-H24M-36VP250R23,Y,modulnyj-preobrazovatel-dc-dc-irtysh-36-v-250-vt-et-h24m-36vp250r23,21600,,html,ET-H.jpg,,html,ET-H.jpg,ЭКБ ТЕСТ,DC/DC,ET-H24,ET-H24M-36VP250R23,"""24"" (18..36)",36,1/2 brick,"57,9","55,9","12,7","""M""  (-55..100)",250,"6,9",,ET-H24.pdf,proizvodstvo-preobrazovatelej-napryazheniya_323####,Модульный преобразователь DC/DC Иртыш 36 В / 250 Вт ET-H24M-36VP250R23,Модульный преобразователь DC/DC Иртыш 36 В / 250 Вт ET-H24M-36VP250R23⚡Серия «ИРТЫШ»®⚡DC/DC модульные преобразователи ✔ полная «PIN-TO-PIN» совместимость с продукцией VICOR⚡Производство преобразователей напряжения ЭКБ ТЕСТ,ЭКБ ТЕСТ — надёжный партнёр для вашего бизнеса. Комплексные решения в микроэлектронике. Адекватные цены на производство преобразователей. Разумные сроки. Индивидуальный подход.,Модульные преобразователи ИРТЫШ,modulnye-preobrazovateli-irtysh,proizvodstvo-preobrazovatelej-napryazheniya_section_2
proizvodstvo-preobrazovatelej-napryazheniya_216,Модульный преобразователь DC/DC Иртыш 48 В / 250 Вт ET-H24M-48VP250R23,Y,modulnyj-preobrazovatel-dc-dc-irtysh-48-v-250-vt-et-h24m-48vp250r23,21700,,html,ET-H.jpg,,html,ET-H.jpg,ЭКБ ТЕСТ,DC/DC,ET-H24,ET-H24M-48VP250R23,"""24"" (18..36)",48,1/2 brick,"57,9","55,9","12,7","""M""  (-55..100)",250,"5,2",,ET-H24.pdf,proizvodstvo-preobrazovatelej-napryazheniya_323####,Модульный преобразователь DC/DC Иртыш 48 В / 250 Вт ET-H24M-48VP250R23,Модульный преобразователь DC/DC Иртыш 48 В / 250 Вт ET-H24M-48VP250R23⚡Серия «ИРТЫШ»®⚡DC/DC модульные преобразователи ✔ полная «PIN-TO-PIN» совместимость с продукцией VICOR⚡Производство преобразователей напряжения ЭКБ ТЕСТ,ЭКБ ТЕСТ — надёжный партнёр для вашего бизнеса. Комплексные решения в микроэлектронике. Адекватные цены на производство преобразователей. Разумные сроки. Индивидуальный подход.,Модульные преобразователи ИРТЫШ,modulnye-preobrazovateli-irtysh,proizvodstvo-preobrazovatelej-napryazheniya_section_2
proizvodstvo-preobrazovatelej-napryazheniya_217,"Модульный преобразователь DC/DC Иртыш 3,3 В / 75 Вт ET-Q24C-3V3P050R23",Y,modulnyj-preobrazovatel-dc-dc-irtysh-3-3-v-75-vt-et-q24c-3v3p050r23,21800,,html,ET-Q.jpg,,html,ET-Q.jpg,ЭКБ ТЕСТ,DC/DC,ET-Q24,ET-Q24C-3V3P050R23,"""24"" (18..36)","3,3",1/4 brick,"57,9","36,8","12,7","""C""  (-20..100)",75,"22,7",,ET-Q24.pdf,proizvodstvo-preobrazovatelej-napryazheniya_324####,"Модульный преобразователь DC/DC Иртыш 3,3 В / 75 Вт ET-Q24C-3V3P050R23","Модульный преобразователь DC/DC Иртыш 3,3 В / 75 Вт ET-Q24C-3V3P050R23⚡Серия «ИРТЫШ»®⚡DC/DC модульные преобразователи ✔ полная «PIN-TO-PIN» совместимость с продукцией VICOR⚡Производство преобразователей напряжения ЭКБ ТЕСТ",ЭКБ ТЕСТ — надёжный партнёр для вашего бизнеса. Комплексные решения в микроэлектронике. Адекватные цены на производство преобразователей. Разумные сроки. Индивидуальный подход.,Модульные преобразователи ИРТЫШ,modulnye-preobrazovateli-irtysh,proizvodstvo-preobrazovatelej-napryazheniya_section_2
proizvodstvo-preobrazovatelej-napryazheniya_218,Модульный преобразователь DC/DC Иртыш 5 В / 100 Вт ET-Q24C-05VP100R23,Y,modulnyj-preobrazovatel-dc-dc-irtysh-5-v-100-vt-et-q24c-05vp100r23,21900,,html,ET-Q.jpg,,html,ET-Q.jpg,ЭКБ ТЕСТ,DC/DC,ET-Q24,ET-Q24C-05VP100R23,"""24"" (18..36)",5,1/4 brick,"57,9","36,8","12,7","""C""  (-20..100)",100,20,,ET-Q24.pdf,proizvodstvo-preobrazovatelej-napryazheniya_324####,Модульный преобразователь DC/DC Иртыш 5 В / 100 Вт ET-Q24C-05VP100R23,Модульный преобразователь DC/DC Иртыш 5 В / 100 Вт ET-Q24C-05VP100R23⚡Серия «ИРТЫШ»®⚡DC/DC модульные преобразователи ✔ полная «PIN-TO-PIN» совместимость с продукцией VICOR⚡Производство преобразователей напряжения ЭКБ ТЕСТ,ЭКБ ТЕСТ — надёжный партнёр для вашего бизнеса. Комплексные решения в микроэлектронике. Адекватные цены на производство преобразователей. Разумные сроки. Индивидуальный подход.,Модульные преобразователи ИРТЫШ,modulnye-preobrazovateli-irtysh,proizvodstvo-preobrazovatelej-napryazheniya_section_2
proizvodstvo-preobrazovatelej-napryazheniya_219,Модульный преобразователь DC/DC Иртыш 8 В / 100 Вт ET-Q24C-08VP100R23,Y,modulnyj-preobrazovatel-dc-dc-irtysh-8-v-100-vt-et-q24c-08vp100r23,22000,,html,ET-Q.jpg,,html,ET-Q.jpg,ЭКБ ТЕСТ,DC/DC,ET-Q24,ET-Q24C-08VP100R23,"""24"" (18..36)",8,1/4 brick,"57,9","36,8","12,7","""C""  (-20..100)",100,"12,5",,ET-Q24.pdf,proizvodstvo-preobrazovatelej-napryazheniya_324####,Модульный преобразователь DC/DC Иртыш 8 В / 100 Вт ET-Q24C-08VP100R23,Модульный преобразователь DC/DC Иртыш 8 В / 100 Вт ET-Q24C-08VP100R23⚡Серия «ИРТЫШ»®⚡DC/DC модульные преобразователи ✔ полная «PIN-TO-PIN» совместимость с продукцией VICOR⚡Производство преобразователей напряжения ЭКБ ТЕСТ,ЭКБ ТЕСТ — надёжный партнёр для вашего бизнеса. Комплексные решения в микроэлектронике. Адекватные цены на производство преобразователей. Разумные сроки. Индивидуальный подход.,Модульные преобразователи ИРТЫШ,modulnye-preobrazovateli-irtysh,proizvodstvo-preobrazovatelej-napryazheniya_section_2
proizvodstvo-preobrazovatelej-napryazheniya_220,Модульный преобразователь DC/DC Иртыш 12 В / 150 Вт ET-Q24C-12VP150R23,Y,modulnyj-preobrazovatel-dc-dc-irtysh-12-v-150-vt-et-q24c-12vp150r23,22100,,html,ET-Q.jpg,,html,ET-Q.jpg,ЭКБ ТЕСТ,DC/DC,ET-Q24,ET-Q24C-12VP150R23,"""24"" (18..36)",12,1/4 brick,"57,9","36,8","12,7","""C""  (-20..100)",150,"12,5",,ET-Q24.pdf,proizvodstvo-preobrazovatelej-napryazheniya_324####,Модульный преобразователь DC/DC Иртыш 12 В / 150 Вт ET-Q24C-12VP150R23,Модульный преобразователь DC/DC Иртыш 12 В / 150 Вт ET-Q24C-12VP150R23⚡Серия «ИРТЫШ»®⚡DC/DC модульные преобразователи ✔ полная «PIN-TO-PIN» совместимость с продукцией VICOR⚡Производство преобразователей напряжения ЭКБ ТЕСТ,ЭКБ ТЕСТ — надёжный партнёр для вашего бизнеса. Комплексные решения в микроэлектронике. Адекватные цены на производство преобразователей. Разумные сроки. Индивидуальный подход.,Модульные преобразователи ИРТЫШ,modulnye-preobrazovateli-irtysh,proizvodstvo-preobrazovatelej-napryazheniya_section_2
proizvodstvo-preobrazovatelej-napryazheniya_221,Модульный преобразователь DC/DC Иртыш 15 В / 150 Вт ET-Q24C-15VP150R23,Y,modulnyj-preobrazovatel-dc-dc-irtysh-15-v-150-vt-et-q24c-15vp150r23,22200,,html,ET-Q.jpg,,html,ET-Q.jpg,ЭКБ ТЕСТ,DC/DC,ET-Q24,ET-Q24C-15VP150R23,"""24"" (18..36)",15,1/4 brick,"57,9","36,8","12,7","""C""  (-20..100)",150,10,,ET-Q24.pdf,proizvodstvo-preobrazovatelej-napryazheniya_324####,Модульный преобразователь DC/DC Иртыш 15 В / 150 Вт ET-Q24C-15VP150R23,Модульный преобразователь DC/DC Иртыш 15 В / 150 Вт ET-Q24C-15VP150R23⚡Серия «ИРТЫШ»®⚡DC/DC модульные преобразователи ✔ полная «PIN-TO-PIN» совместимость с продукцией VICOR⚡Производство преобразователей напряжения ЭКБ ТЕСТ,ЭКБ ТЕСТ — надёжный партнёр для вашего бизнеса. Комплексные решения в микроэлектронике. Адекватные цены на производство преобразователей. Разумные сроки. Индивидуальный подход.,Модульные преобразователи ИРТЫШ,modulnye-preobrazovateli-irtysh,proizvodstvo-preobrazovatelej-napryazheniya_section_2
proizvodstvo-preobrazovatelej-napryazheniya_222,Модульный преобразователь DC/DC Иртыш 24 В / 150 Вт ET-Q24C-24VP150R23,Y,modulnyj-preobrazovatel-dc-dc-irtysh-24-v-150-vt-et-q24c-24vp150r23,22300,,html,ET-Q.jpg,,html,ET-Q.jpg,ЭКБ ТЕСТ,DC/DC,ET-Q24,ET-Q24C-24VP150R23,"""24"" (18..36)",24,1/4 brick,"57,9","36,8","12,7","""C""  (-20..100)",150,"6,3",,ET-Q24.pdf,proizvodstvo-preobrazovatelej-napryazheniya_324####,Модульный преобразователь DC/DC Иртыш 24 В / 150 Вт ET-Q24C-24VP150R23,Модульный преобразователь DC/DC Иртыш 24 В / 150 Вт ET-Q24C-24VP150R23⚡Серия «ИРТЫШ»®⚡DC/DC модульные преобразователи ✔ полная «PIN-TO-PIN» совместимость с продукцией VICOR⚡Производство преобразователей напряжения ЭКБ ТЕСТ,ЭКБ ТЕСТ — надёжный партнёр для вашего бизнеса. Комплексные решения в микроэлектронике. Адекватные цены на производство преобразователей. Разумные сроки. Индивидуальный подход.,Модульные преобразователи ИРТЫШ,modulnye-preobrazovateli-irtysh,proizvodstvo-preobrazovatelej-napryazheniya_section_2
proizvodstvo-preobrazovatelej-napryazheniya_223,Модульный преобразователь DC/DC Иртыш 28 В / 150 Вт ET-Q24C-28VP150R23,Y,modulnyj-preobrazovatel-dc-dc-irtysh-28-v-150-vt-et-q24c-28vp150r23,22400,,html,ET-Q.jpg,,html,ET-Q.jpg,ЭКБ ТЕСТ,DC/DC,ET-Q24,ET-Q24C-28VP150R23,"""24"" (18..36)",28,1/4 brick,"57,9","36,8","12,7","""C""  (-20..100)",150,"5,4",,ET-Q24.pdf,proizvodstvo-preobrazovatelej-napryazheniya_324####,Модульный преобразователь DC/DC Иртыш 28 В / 150 Вт ET-Q24C-28VP150R23,Модульный преобразователь DC/DC Иртыш 28 В / 150 Вт ET-Q24C-28VP150R23⚡Серия «ИРТЫШ»®⚡DC/DC модульные преобразователи ✔ полная «PIN-TO-PIN» совместимость с продукцией VICOR⚡Производство преобразователей напряжения ЭКБ ТЕСТ,ЭКБ ТЕСТ — надёжный партнёр для вашего бизнеса. Комплексные решения в микроэлектронике. Адекватные цены на производство преобразователей. Разумные сроки. Индивидуальный подход.,Модульные преобразователи ИРТЫШ,modulnye-preobrazovateli-irtysh,proizvodstvo-preobrazovatelej-napryazheniya_section_2
proizvodstvo-preobrazovatelej-napryazheniya_224,Модульный преобразователь DC/DC Иртыш 36 В / 150 Вт ET-Q24C-36VP150R23,Y,modulnyj-preobrazovatel-dc-dc-irtysh-36-v-150-vt-et-q24c-36vp150r23,22500,,html,ET-Q.jpg,,html,ET-Q.jpg,ЭКБ ТЕСТ,DC/DC,ET-Q24,ET-Q24C-36VP150R23,"""24"" (18..36)",36,1/4 brick,"57,9","36,8","12,7","""C""  (-20..100)",150,"4,2",,ET-Q24.pdf,proizvodstvo-preobrazovatelej-napryazheniya_324####,Модульный преобразователь DC/DC Иртыш 36 В / 150 Вт ET-Q24C-36VP150R23,Модульный преобразователь DC/DC Иртыш 36 В / 150 Вт ET-Q24C-36VP150R23⚡Серия «ИРТЫШ»®⚡DC/DC модульные преобразователи ✔ полная «PIN-TO-PIN» совместимость с продукцией VICOR⚡Производство преобразователей напряжения ЭКБ ТЕСТ,ЭКБ ТЕСТ — надёжный партнёр для вашего бизнеса. Комплексные решения в микроэлектронике. Адекватные цены на производство преобразователей. Разумные сроки. Индивидуальный подход.,Модульные преобразователи ИРТЫШ,modulnye-preobrazovateli-irtysh,proizvodstvo-preobrazovatelej-napryazheniya_section_2
proizvodstvo-preobrazovatelej-napryazheniya_225,Модульный преобразователь DC/DC Иртыш 48 В / 150 Вт ET-Q24C-48VP150R23,Y,modulnyj-preobrazovatel-dc-dc-irtysh-48-v-150-vt-et-q24c-48vp150r23,22600,,html,ET-Q.jpg,,html,ET-Q.jpg,ЭКБ ТЕСТ,DC/DC,ET-Q24,ET-Q24C-48VP150R23,"""24"" (18..36)",48,1/4 brick,"57,9","36,8","12,7","""C""  (-20..100)",150,"3,1",,ET-Q24.pdf,proizvodstvo-preobrazovatelej-napryazheniya_324####,Модульный преобразователь DC/DC Иртыш 48 В / 150 Вт ET-Q24C-48VP150R23,Модульный преобразователь DC/DC Иртыш 48 В / 150 Вт ET-Q24C-48VP150R23⚡Серия «ИРТЫШ»®⚡DC/DC модульные преобразователи ✔ полная «PIN-TO-PIN» совместимость с продукцией VICOR⚡Производство преобразователей напряжения ЭКБ ТЕСТ,ЭКБ ТЕСТ — надёжный партнёр для вашего бизнеса. Комплексные решения в микроэлектронике. Адекватные цены на производство преобразователей. Разумные сроки. Индивидуальный подход.,Модульные преобразователи ИРТЫШ,modulnye-preobrazovateli-irtysh,proizvodstvo-preobrazovatelej-napryazheniya_section_2
proizvodstvo-preobrazovatelej-napryazheniya_226,"Модульный преобразователь DC/DC Иртыш 3,3 В / 75 Вт ET-Q24H-3V3P050R23",Y,modulnyj-preobrazovatel-dc-dc-irtysh-3-3-v-75-vt-et-q24h-3v3p050r23,22700,,html,ET-Q.jpg,,html,ET-Q.jpg,ЭКБ ТЕСТ,DC/DC,ET-Q24,ET-Q24H-3V3P050R23,"""24"" (18..36)","3,3",1/4 brick,"57,9","36,8","12,7","""H""  (-40..100)",75,"22,7",,ET-Q24.pdf,proizvodstvo-preobrazovatelej-napryazheniya_324####proizvodstvo-preobrazovatelej-napryazheniya_364,"Модульный преобразователь DC/DC Иртыш 3,3 В / 75 Вт ET-Q24H-3V3P050R23","Модульный преобразователь DC/DC Иртыш 3,3 В / 75 Вт ET-Q24H-3V3P050R23⚡Серия «ИРТЫШ»®⚡DC/DC модульные преобразователи ✔ полная «PIN-TO-PIN» совместимость с продукцией VICOR⚡Производство преобразователей напряжения ЭКБ ТЕСТ",ЭКБ ТЕСТ — надёжный партнёр для вашего бизнеса. Комплексные решения в микроэлектронике. Адекватные цены на производство преобразователей. Разумные сроки. Индивидуальный подход.,Модульные преобразователи ИРТЫШ,modulnye-preobrazovateli-irtysh,proizvodstvo-preobrazovatelej-napryazheniya_section_2
proizvodstvo-preobrazovatelej-napryazheniya_227,Модульный преобразователь DC/DC Иртыш 5 В / 100 Вт ET-Q24H-05VP100R23,Y,modulnyj-preobrazovatel-dc-dc-irtysh-5-v-100-vt-et-q24h-05vp100r23,22800,,html,ET-Q.jpg,,html,ET-Q.jpg,ЭКБ ТЕСТ,DC/DC,ET-Q24,ET-Q24H-05VP100R23,"""24"" (18..36)",5,1/4 brick,"57,9","36,8","12,7","""H""  (-40..100)",100,20,,ET-Q24.pdf,proizvodstvo-preobrazovatelej-napryazheniya_324####proizvodstvo-preobrazovatelej-napryazheniya_365,Модульный преобразователь DC/DC Иртыш 5 В / 100 Вт ET-Q24H-05VP100R23,Модульный преобразователь DC/DC Иртыш 5 В / 100 Вт ET-Q24H-05VP100R23⚡Серия «ИРТЫШ»®⚡DC/DC модульные преобразователи ✔ полная «PIN-TO-PIN» совместимость с продукцией VICOR⚡Производство преобразователей напряжения ЭКБ ТЕСТ,ЭКБ ТЕСТ — надёжный партнёр для вашего бизнеса. Комплексные решения в микроэлектронике. Адекватные цены на производство преобразователей. Разумные сроки. Индивидуальный подход.,Модульные преобразователи ИРТЫШ,modulnye-preobrazovateli-irtysh,proizvodstvo-preobrazovatelej-napryazheniya_section_2
proizvodstvo-preobrazovatelej-napryazheniya_228,Модульный преобразователь DC/DC Иртыш 8 В / 100 Вт ET-Q24H-08VP100R23,Y,modulnyj-preobrazovatel-dc-dc-irtysh-8-v-100-vt-et-q24h-08vp100r23,22900,,html,ET-Q.jpg,,html,ET-Q.jpg,ЭКБ ТЕСТ,DC/DC,ET-Q24,ET-Q24H-08VP100R23,"""24"" (18..36)",8,1/4 brick,"57,9","36,8","12,7","""H""  (-40..100)",100,"12,5",,ET-Q24.pdf,proizvodstvo-preobrazovatelej-napryazheniya_324####proizvodstvo-preobrazovatelej-napryazheniya_366,Модульный преобразователь DC/DC Иртыш 8 В / 100 Вт ET-Q24H-08VP100R23,Модульный преобразователь DC/DC Иртыш 8 В / 100 Вт ET-Q24H-08VP100R23⚡Серия «ИРТЫШ»®⚡DC/DC модульные преобразователи ✔ полная «PIN-TO-PIN» совместимость с продукцией VICOR⚡Производство преобразователей напряжения ЭКБ ТЕСТ,ЭКБ ТЕСТ — надёжный партнёр для вашего бизнеса. Комплексные решения в микроэлектронике. Адекватные цены на производство преобразователей. Разумные сроки. Индивидуальный подход.,Модульные преобразователи ИРТЫШ,modulnye-preobrazovateli-irtysh,proizvodstvo-preobrazovatelej-napryazheniya_section_2
proizvodstvo-preobrazovatelej-napryazheniya_229,Модульный преобразователь DC/DC Иртыш 12 В / 150 Вт ET-Q24H-12VP150R23,Y,modulnyj-preobrazovatel-dc-dc-irtysh-12-v-150-vt-et-q24h-12vp150r23,23000,,html,ET-Q.jpg,,html,ET-Q.jpg,ЭКБ ТЕСТ,DC/DC,ET-Q24,ET-Q24H-12VP150R23,"""24"" (18..36)",12,1/4 brick,"57,9","36,8","12,7","""H""  (-40..100)",150,"12,5",,ET-Q24.pdf,proizvodstvo-preobrazovatelej-napryazheniya_324####,Модульный преобразователь DC/DC Иртыш 12 В / 150 Вт ET-Q24H-12VP150R23,Модульный преобразователь DC/DC Иртыш 12 В / 150 Вт ET-Q24H-12VP150R23⚡Серия «ИРТЫШ»®⚡DC/DC модульные преобразователи ✔ полная «PIN-TO-PIN» совместимость с продукцией VICOR⚡Производство преобразователей напряжения ЭКБ ТЕСТ,ЭКБ ТЕСТ — надёжный партнёр для вашего бизнеса. Комплексные решения в микроэлектронике. Адекватные цены на производство преобразователей. Разумные сроки. Индивидуальный подход.,Модульные преобразователи ИРТЫШ,modulnye-preobrazovateli-irtysh,proizvodstvo-preobrazovatelej-napryazheniya_section_2
proizvodstvo-preobrazovatelej-napryazheniya_230,Модульный преобразователь DC/DC Иртыш 15 В / 150 Вт ET-Q24H-15VP150R23,Y,modulnyj-preobrazovatel-dc-dc-irtysh-15-v-150-vt-et-q24h-15vp150r23,23100,,html,ET-Q.jpg,,html,ET-Q.jpg,ЭКБ ТЕСТ,DC/DC,ET-Q24,ET-Q24H-15VP150R23,"""24"" (18..36)",15,1/4 brick,"57,9","36,8","12,7","""H""  (-40..100)",150,10,,ET-Q24.pdf,proizvodstvo-preobrazovatelej-napryazheniya_324####,Модульный преобразователь DC/DC Иртыш 15 В / 150 Вт ET-Q24H-15VP150R23,Модульный преобразователь DC/DC Иртыш 15 В / 150 Вт ET-Q24H-15VP150R23⚡Серия «ИРТЫШ»®⚡DC/DC модульные преобразователи ✔ полная «PIN-TO-PIN» совместимость с продукцией VICOR⚡Производство преобразователей напряжения ЭКБ ТЕСТ,ЭКБ ТЕСТ — надёжный партнёр для вашего бизнеса. Комплексные решения в микроэлектронике. Адекватные цены на производство преобразователей. Разумные сроки. Индивидуальный подход.,Модульные преобразователи ИРТЫШ,modulnye-preobrazovateli-irtysh,proizvodstvo-preobrazovatelej-napryazheniya_section_2
proizvodstvo-preobrazovatelej-napryazheniya_231,Модульный преобразователь DC/DC Иртыш 24 В / 150 Вт ET-Q24H-24VP150R23,Y,modulnyj-preobrazovatel-dc-dc-irtysh-24-v-150-vt-et-q24h-24vp150r23,23200,,html,ET-Q.jpg,,html,ET-Q.jpg,ЭКБ ТЕСТ,DC/DC,ET-Q24,ET-Q24H-24VP150R23,"""24"" (18..36)",24,1/4 brick,"57,9","36,8","12,7","""H""  (-40..100)",150,"6,3",,ET-Q24.pdf,proizvodstvo-preobrazovatelej-napryazheniya_324####,Модульный преобразователь DC/DC Иртыш 24 В / 150 Вт ET-Q24H-24VP150R23,Модульный преобразователь DC/DC Иртыш 24 В / 150 Вт ET-Q24H-24VP150R23⚡Серия «ИРТЫШ»®⚡DC/DC модульные преобразователи ✔ полная «PIN-TO-PIN» совместимость с продукцией VICOR⚡Производство преобразователей напряжения ЭКБ ТЕСТ,ЭКБ ТЕСТ — надёжный партнёр для вашего бизнеса. Комплексные решения в микроэлектронике. Адекватные цены на производство преобразователей. Разумные сроки. Индивидуальный подход.,Модульные преобразователи ИРТЫШ,modulnye-preobrazovateli-irtysh,proizvodstvo-preobrazovatelej-napryazheniya_section_2
proizvodstvo-preobrazovatelej-napryazheniya_232,Модульный преобразователь DC/DC Иртыш 28 В / 150 Вт ET-Q24H-28VP150R23,Y,modulnyj-preobrazovatel-dc-dc-irtysh-28-v-150-vt-et-q24h-28vp150r23,23300,,html,ET-Q.jpg,,html,ET-Q.jpg,ЭКБ ТЕСТ,DC/DC,ET-Q24,ET-Q24H-28VP150R23,"""24"" (18..36)",28,1/4 brick,"57,9","36,8","12,7","""H""  (-40..100)",150,"5,4",,ET-Q24.pdf,proizvodstvo-preobrazovatelej-napryazheniya_324####,Модульный преобразователь DC/DC Иртыш 28 В / 150 Вт ET-Q24H-28VP150R23,Модульный преобразователь DC/DC Иртыш 28 В / 150 Вт ET-Q24H-28VP150R23⚡Серия «ИРТЫШ»®⚡DC/DC модульные преобразователи ✔ полная «PIN-TO-PIN» совместимость с продукцией VICOR⚡Производство преобразователей напряжения ЭКБ ТЕСТ,ЭКБ ТЕСТ — надёжный партнёр для вашего бизнеса. Комплексные решения в микроэлектронике. Адекватные цены на производство преобразователей. Разумные сроки. Индивидуальный подход.,Модульные преобразователи ИРТЫШ,modulnye-preobrazovateli-irtysh,proizvodstvo-preobrazovatelej-napryazheniya_section_2
proizvodstvo-preobrazovatelej-napryazheniya_233,Модульный преобразователь DC/DC Иртыш 36 В / 150 Вт ET-Q24H-36VP150R23,Y,modulnyj-preobrazovatel-dc-dc-irtysh-36-v-150-vt-et-q24h-36vp150r23,23400,,html,ET-Q.jpg,,html,ET-Q.jpg,ЭКБ ТЕСТ,DC/DC,ET-Q24,ET-Q24H-36VP150R23,"""24"" (18..36)",36,1/4 brick,"57,9","36,8","12,7","""H""  (-40..100)",150,"4,2",,ET-Q24.pdf,proizvodstvo-preobrazovatelej-napryazheniya_324####,Модульный преобразователь DC/DC Иртыш 36 В / 150 Вт ET-Q24H-36VP150R23,Модульный преобразователь DC/DC Иртыш 36 В / 150 Вт ET-Q24H-36VP150R23⚡Серия «ИРТЫШ»®⚡DC/DC модульные преобразователи ✔ полная «PIN-TO-PIN» совместимость с продукцией VICOR⚡Производство преобразователей напряжения ЭКБ ТЕСТ,ЭКБ ТЕСТ — надёжный партнёр для вашего бизнеса. Комплексные решения в микроэлектронике. Адекватные цены на производство преобразователей. Разумные сроки. Индивидуальный подход.,Модульные преобразователи ИРТЫШ,modulnye-preobrazovateli-irtysh,proizvodstvo-preobrazovatelej-napryazheniya_section_2
proizvodstvo-preobrazovatelej-napryazheniya_234,Модульный преобразователь DC/DC Иртыш 48 В / 150 Вт ET-Q24H-48VP150R23,Y,modulnyj-preobrazovatel-dc-dc-irtysh-48-v-150-vt-et-q24h-48vp150r23,23500,,html,ET-Q.jpg,,html,ET-Q.jpg,ЭКБ ТЕСТ,DC/DC,ET-Q24,ET-Q24H-48VP150R23,"""24"" (18..36)",48,1/4 brick,"57,9","36,8","12,7","""H""  (-40..100)",150,"3,1",,ET-Q24.pdf,proizvodstvo-preobrazovatelej-napryazheniya_324####,Модульный преобразователь DC/DC Иртыш 48 В / 150 Вт ET-Q24H-48VP150R23,Модульный преобразователь DC/DC Иртыш 48 В / 150 Вт ET-Q24H-48VP150R23⚡Серия «ИРТЫШ»®⚡DC/DC модульные преобразователи ✔ полная «PIN-TO-PIN» совместимость с продукцией VICOR⚡Производство преобразователей напряжения ЭКБ ТЕСТ,ЭКБ ТЕСТ — надёжный партнёр для вашего бизнеса. Комплексные решения в микроэлектронике. Адекватные цены на производство преобразователей. Разумные сроки. Индивидуальный подход.,Модульные преобразователи ИРТЫШ,modulnye-preobrazovateli-irtysh,proizvodstvo-preobrazovatelej-napryazheniya_section_2
proizvodstvo-preobrazovatelej-napryazheniya_235,"Модульный преобразователь DC/DC Иртыш 3,3 В / 75 Вт ET-Q24M-3V3P050R23",Y,modulnyj-preobrazovatel-dc-dc-irtysh-3-3-v-75-vt-et-q24m-3v3p050r23,23600,,html,ET-Q.jpg,,html,ET-Q.jpg,ЭКБ ТЕСТ,DC/DC,ET-Q24,ET-Q24M-3V3P050R23,"""24"" (18..36)","3,3",1/4 brick,"57,9","36,8","12,7","""M""  (-55..100)",75,"22,7",,ET-Q24.pdf,proizvodstvo-preobrazovatelej-napryazheniya_324####proizvodstvo-preobrazovatelej-napryazheniya_373,"Модульный преобразователь DC/DC Иртыш 3,3 В / 75 Вт ET-Q24M-3V3P050R23","Модульный преобразователь DC/DC Иртыш 3,3 В / 75 Вт ET-Q24M-3V3P050R23⚡Серия «ИРТЫШ»®⚡DC/DC модульные преобразователи ✔ полная «PIN-TO-PIN» совместимость с продукцией VICOR⚡Производство преобразователей напряжения ЭКБ ТЕСТ",ЭКБ ТЕСТ — надёжный партнёр для вашего бизнеса. Комплексные решения в микроэлектронике. Адекватные цены на производство преобразователей. Разумные сроки. Индивидуальный подход.,Модульные преобразователи ИРТЫШ,modulnye-preobrazovateli-irtysh,proizvodstvo-preobrazovatelej-napryazheniya_section_2
proizvodstvo-preobrazovatelej-napryazheniya_236,Модульный преобразователь DC/DC Иртыш 5 В / 100 Вт ET-Q24M-05VP100R23,Y,modulnyj-preobrazovatel-dc-dc-irtysh-5-v-100-vt-et-q24m-05vp100r23,23700,,html,ET-Q.jpg,,html,ET-Q.jpg,ЭКБ ТЕСТ,DC/DC,ET-Q24,ET-Q24M-05VP100R23,"""24"" (18..36)",5,1/4 brick,"57,9","36,8","12,7","""M""  (-55..100)",100,20,,ET-Q24.pdf,proizvodstvo-preobrazovatelej-napryazheniya_324####proizvodstvo-preobrazovatelej-napryazheniya_374,Модульный преобразователь DC/DC Иртыш 5 В / 100 Вт ET-Q24M-05VP100R23,Модульный преобразователь DC/DC Иртыш 5 В / 100 Вт ET-Q24M-05VP100R23⚡Серия «ИРТЫШ»®⚡DC/DC модульные преобразователи ✔ полная «PIN-TO-PIN» совместимость с продукцией VICOR⚡Производство преобразователей напряжения ЭКБ ТЕСТ,ЭКБ ТЕСТ — надёжный партнёр для вашего бизнеса. Комплексные решения в микроэлектронике. Адекватные цены на производство преобразователей. Разумные сроки. Индивидуальный подход.,Модульные преобразователи ИРТЫШ,modulnye-preobrazovateli-irtysh,proizvodstvo-preobrazovatelej-napryazheniya_section_2
proizvodstvo-preobrazovatelej-napryazheniya_237,Модульный преобразователь DC/DC Иртыш 8 В / 100 Вт ET-Q24M-08VP100R23,Y,modulnyj-preobrazovatel-dc-dc-irtysh-8-v-100-vt-et-q24m-08vp100r23,23800,,html,ET-Q.jpg,,html,ET-Q.jpg,ЭКБ ТЕСТ,DC/DC,ET-Q24,ET-Q24M-08VP100R23,"""24"" (18..36)",8,1/4 brick,"57,9","36,8","12,7","""M""  (-55..100)",100,"12,5",,ET-Q24.pdf,proizvodstvo-preobrazovatelej-napryazheniya_324####proizvodstvo-preobrazovatelej-napryazheniya_375,Модульный преобразователь DC/DC Иртыш 8 В / 100 Вт ET-Q24M-08VP100R23,Модульный преобразователь DC/DC Иртыш 8 В / 100 Вт ET-Q24M-08VP100R23⚡Серия «ИРТЫШ»®⚡DC/DC модульные преобразователи ✔ полная «PIN-TO-PIN» совместимость с продукцией VICOR⚡Производство преобразователей напряжения ЭКБ ТЕСТ,ЭКБ ТЕСТ — надёжный партнёр для вашего бизнеса. Комплексные решения в микроэлектронике. Адекватные цены на производство преобразователей. Разумные сроки. Индивидуальный подход.,Модульные преобразователи ИРТЫШ,modulnye-preobrazovateli-irtysh,proizvodstvo-preobrazovatelej-napryazheniya_section_2
proizvodstvo-preobrazovatelej-napryazheniya_238,Модульный преобразователь DC/DC Иртыш 12 В / 150 Вт ET-Q24M-12VP150R23,Y,modulnyj-preobrazovatel-dc-dc-irtysh-12-v-150-vt-et-q24m-12vp150r23,23900,,html,ET-Q.jpg,,html,ET-Q.jpg,ЭКБ ТЕСТ,DC/DC,ET-Q24,ET-Q24M-12VP150R23,"""24"" (18..36)",12,1/4 brick,"57,9","36,8","12,7","""M""  (-55..100)",150,"12,5",,ET-Q24.pdf,proizvodstvo-preobrazovatelej-napryazheniya_324####,Модульный преобразователь DC/DC Иртыш 12 В / 150 Вт ET-Q24M-12VP150R23,Модульный преобразователь DC/DC Иртыш 12 В / 150 Вт ET-Q24M-12VP150R23⚡Серия «ИРТЫШ»®⚡DC/DC модульные преобразователи ✔ полная «PIN-TO-PIN» совместимость с продукцией VICOR⚡Производство преобразователей напряжения ЭКБ ТЕСТ,ЭКБ ТЕСТ — надёжный партнёр для вашего бизнеса. Комплексные решения в микроэлектронике. Адекватные цены на производство преобразователей. Разумные сроки. Индивидуальный подход.,Модульные преобразователи ИРТЫШ,modulnye-preobrazovateli-irtysh,proizvodstvo-preobrazovatelej-napryazheniya_section_2
proizvodstvo-preobrazovatelej-napryazheniya_239,Модульный преобразователь DC/DC Иртыш 15 В / 150 Вт ET-Q24M-15VP150R23,Y,modulnyj-preobrazovatel-dc-dc-irtysh-15-v-150-vt-et-q24m-15vp150r23,24000,,html,ET-Q.jpg,,html,ET-Q.jpg,ЭКБ ТЕСТ,DC/DC,ET-Q24,ET-Q24M-15VP150R23,"""24"" (18..36)",15,1/4 brick,"57,9","36,8","12,7","""M""  (-55..100)",150,10,,ET-Q24.pdf,proizvodstvo-preobrazovatelej-napryazheniya_324####,Модульный преобразователь DC/DC Иртыш 15 В / 150 Вт ET-Q24M-15VP150R23,Модульный преобразователь DC/DC Иртыш 15 В / 150 Вт ET-Q24M-15VP150R23⚡Серия «ИРТЫШ»®⚡DC/DC модульные преобразователи ✔ полная «PIN-TO-PIN» совместимость с продукцией VICOR⚡Производство преобразователей напряжения ЭКБ ТЕСТ,ЭКБ ТЕСТ — надёжный партнёр для вашего бизнеса. Комплексные решения в микроэлектронике. Адекватные цены на производство преобразователей. Разумные сроки. Индивидуальный подход.,Модульные преобразователи ИРТЫШ,modulnye-preobrazovateli-irtysh,proizvodstvo-preobrazovatelej-napryazheniya_section_2
proizvodstvo-preobrazovatelej-napryazheniya_240,Модульный преобразователь DC/DC Иртыш 24 В / 150 Вт ET-Q24M-24VP150R23,Y,modulnyj-preobrazovatel-dc-dc-irtysh-24-v-150-vt-et-q24m-24vp150r23,24100,,html,ET-Q.jpg,,html,ET-Q.jpg,ЭКБ ТЕСТ,DC/DC,ET-Q24,ET-Q24M-24VP150R23,"""24"" (18..36)",24,1/4 brick,"57,9","36,8","12,7","""M""  (-55..100)",150,"6,3",,ET-Q24.pdf,proizvodstvo-preobrazovatelej-napryazheniya_324####,Модульный преобразователь DC/DC Иртыш 24 В / 150 Вт ET-Q24M-24VP150R23,Модульный преобразователь DC/DC Иртыш 24 В / 150 Вт ET-Q24M-24VP150R23⚡Серия «ИРТЫШ»®⚡DC/DC модульные преобразователи ✔ полная «PIN-TO-PIN» совместимость с продукцией VICOR⚡Производство преобразователей напряжения ЭКБ ТЕСТ,ЭКБ ТЕСТ — надёжный партнёр для вашего бизнеса. Комплексные решения в микроэлектронике. Адекватные цены на производство преобразователей. Разумные сроки. Индивидуальный подход.,Модульные преобразователи ИРТЫШ,modulnye-preobrazovateli-irtysh,proizvodstvo-preobrazovatelej-napryazheniya_section_2
proizvodstvo-preobrazovatelej-napryazheniya_241,Модульный преобразователь DC/DC Иртыш 28 В / 150 Вт ET-Q24M-28VP150R23,Y,modulnyj-preobrazovatel-dc-dc-irtysh-28-v-150-vt-et-q24m-28vp150r23,24200,,html,ET-Q.jpg,,html,ET-Q.jpg,ЭКБ ТЕСТ,DC/DC,ET-Q24,ET-Q24M-28VP150R23,"""24"" (18..36)",28,1/4 brick,"57,9","36,8","12,7","""M""  (-55..100)",150,"5,4",,ET-Q24.pdf,proizvodstvo-preobrazovatelej-napryazheniya_324####,Модульный преобразователь DC/DC Иртыш 28 В / 150 Вт ET-Q24M-28VP150R23,Модульный преобразователь DC/DC Иртыш 28 В / 150 Вт ET-Q24M-28VP150R23⚡Серия «ИРТЫШ»®⚡DC/DC модульные преобразователи ✔ полная «PIN-TO-PIN» совместимость с продукцией VICOR⚡Производство преобразователей напряжения ЭКБ ТЕСТ,ЭКБ ТЕСТ — надёжный партнёр для вашего бизнеса. Комплексные решения в микроэлектронике. Адекватные цены на производство преобразователей. Разумные сроки. Индивидуальный подход.,Модульные преобразователи ИРТЫШ,modulnye-preobrazovateli-irtysh,proizvodstvo-preobrazovatelej-napryazheniya_section_2
proizvodstvo-preobrazovatelej-napryazheniya_242,Модульный преобразователь DC/DC Иртыш 36 В / 150 Вт ET-Q24M-36VP150R23,Y,modulnyj-preobrazovatel-dc-dc-irtysh-36-v-150-vt-et-q24m-36vp150r23,24300,,html,ET-Q.jpg,,html,ET-Q.jpg,ЭКБ ТЕСТ,DC/DC,ET-Q24,ET-Q24M-36VP150R23,"""24"" (18..36)",36,1/4 brick,"57,9","36,8","12,7","""M""  (-55..100)",150,"4,2",,ET-Q24.pdf,proizvodstvo-preobrazovatelej-napryazheniya_324####,Модульный преобразователь DC/DC Иртыш 36 В / 150 Вт ET-Q24M-36VP150R23,Модульный преобразователь DC/DC Иртыш 36 В / 150 Вт ET-Q24M-36VP150R23⚡Серия «ИРТЫШ»®⚡DC/DC модульные преобразователи ✔ полная «PIN-TO-PIN» совместимость с продукцией VICOR⚡Производство преобразователей напряжения ЭКБ ТЕСТ,ЭКБ ТЕСТ — надёжный партнёр для вашего бизнеса. Комплексные решения в микроэлектронике. Адекватные цены на производство преобразователей. Разумные сроки. Индивидуальный подход.,Модульные преобразователи ИРТЫШ,modulnye-preobrazovateli-irtysh,proizvodstvo-preobrazovatelej-napryazheniya_section_2
proizvodstvo-preobrazovatelej-napryazheniya_243,Модульный преобразователь DC/DC Иртыш 48 В / 150 Вт ET-Q24M-48VP150R23,Y,modulnyj-preobrazovatel-dc-dc-irtysh-48-v-150-vt-et-q24m-48vp150r23,24400,,html,ET-Q.jpg,,html,ET-Q.jpg,ЭКБ ТЕСТ,DC/DC,ET-Q24,ET-Q24M-48VP150R23,"""24"" (18..36)",48,1/4 brick,"57,9","36,8","12,7","""M""  (-55..100)",150,"3,1",,ET-Q24.pdf,proizvodstvo-preobrazovatelej-napryazheniya_324####,Модульный преобразователь DC/DC Иртыш 48 В / 150 Вт ET-Q24M-48VP150R23,Модульный преобразователь DC/DC Иртыш 48 В / 150 Вт ET-Q24M-48VP150R23⚡Серия «ИРТЫШ»®⚡DC/DC модульные преобразователи ✔ полная «PIN-TO-PIN» совместимость с продукцией VICOR⚡Производство преобразователей напряжения ЭКБ ТЕСТ,ЭКБ ТЕСТ — надёжный партнёр для вашего бизнеса. Комплексные решения в микроэлектронике. Адекватные цены на производство преобразователей. Разумные сроки. Индивидуальный подход.,Модульные преобразователи ИРТЫШ,modulnye-preobrazovateli-irtysh,proizvodstvo-preobrazovatelej-napryazheniya_section_2
proizvodstvo-preobrazovatelej-napryazheniya_244,"Модульный преобразователь DC/DC Иртыш 3,3 В / 150 Вт ET-F28C-3V3P150R23",Y,modulnyj-preobrazovatel-dc-dc-irtysh-3-3-v-150-vt-et-f28c-3v3p150r23,24500,,html,ET-F.jpg,,html,ET-F.jpg,ЭКБ ТЕСТ,DC/DC,ET-F28,ET-F28C-3V3P150R23,"""28"" (9..36)","3,3",full brick,117,"55,9","12,7","""C""  (-20..100)",150,"45,5",,ET-F28.pdf,proizvodstvo-preobrazovatelej-napryazheniya_325####,"Модульный преобразователь DC/DC Иртыш 3,3 В / 150 Вт ET-F28C-3V3P150R23","Модульный преобразователь DC/DC Иртыш 3,3 В / 150 Вт ET-F28C-3V3P150R23⚡Серия «ИРТЫШ»®⚡DC/DC модульные преобразователи ✔ полная «PIN-TO-PIN» совместимость с продукцией VICOR⚡Производство преобразователей напряжения ЭКБ ТЕСТ",ЭКБ ТЕСТ — надёжный партнёр для вашего бизнеса. Комплексные решения в микроэлектронике. Адекватные цены на производство преобразователей. Разумные сроки. Индивидуальный подход.,Модульные преобразователи ИРТЫШ,modulnye-preobrazovateli-irtysh,proizvodstvo-preobrazovatelej-napryazheniya_section_2
proizvodstvo-preobrazovatelej-napryazheniya_245,Модульный преобразователь DC/DC Иртыш 5 В / 175 Вт ET-F28C-05VP175R23,Y,modulnyj-preobrazovatel-dc-dc-irtysh-5-v-175-vt-et-f28c-05vp175r23,24600,,html,ET-F.jpg,,html,ET-F.jpg,ЭКБ ТЕСТ,DC/DC,ET-F28,ET-F28C-05VP175R23,"""28"" (9..36)",5,full brick,117,"55,9","12,7","""C""  (-20..100)",175,35,,ET-F28.pdf,proizvodstvo-preobrazovatelej-napryazheniya_325####,Модульный преобразователь DC/DC Иртыш 5 В / 175 Вт ET-F28C-05VP175R23,Модульный преобразователь DC/DC Иртыш 5 В / 175 Вт ET-F28C-05VP175R23⚡Серия «ИРТЫШ»®⚡DC/DC модульные преобразователи ✔ полная «PIN-TO-PIN» совместимость с продукцией VICOR⚡Производство преобразователей напряжения ЭКБ ТЕСТ,ЭКБ ТЕСТ — надёжный партнёр для вашего бизнеса. Комплексные решения в микроэлектронике. Адекватные цены на производство преобразователей. Разумные сроки. Индивидуальный подход.,Модульные преобразователи ИРТЫШ,modulnye-preobrazovateli-irtysh,proizvodstvo-preobrazovatelej-napryazheniya_section_2
proizvodstvo-preobrazovatelej-napryazheniya_246,Модульный преобразователь DC/DC Иртыш 12 В / 200 Вт ET-F28C-12VP200R23,Y,modulnyj-preobrazovatel-dc-dc-irtysh-12-v-200-vt-et-f28c-12vp200r23,24700,,html,ET-F.jpg,,html,ET-F.jpg,ЭКБ ТЕСТ,DC/DC,ET-F28,ET-F28C-12VP200R23,"""28"" (9..36)",12,full brick,117,"55,9","12,7","""C""  (-20..100)",200,"16,7",,ET-F28.pdf,proizvodstvo-preobrazovatelej-napryazheniya_325####,Модульный преобразователь DC/DC Иртыш 12 В / 200 Вт ET-F28C-12VP200R23,Модульный преобразователь DC/DC Иртыш 12 В / 200 Вт ET-F28C-12VP200R23⚡Серия «ИРТЫШ»®⚡DC/DC модульные преобразователи ✔ полная «PIN-TO-PIN» совместимость с продукцией VICOR⚡Производство преобразователей напряжения ЭКБ ТЕСТ,ЭКБ ТЕСТ — надёжный партнёр для вашего бизнеса. Комплексные решения в микроэлектронике. Адекватные цены на производство преобразователей. Разумные сроки. Индивидуальный подход.,Модульные преобразователи ИРТЫШ,modulnye-preobrazovateli-irtysh,proizvodstvo-preobrazovatelej-napryazheniya_section_2
proizvodstvo-preobrazovatelej-napryazheniya_247,Модульный преобразователь DC/DC Иртыш 15 В / 200 Вт ET-F28C-15VP200R23,Y,modulnyj-preobrazovatel-dc-dc-irtysh-15-v-200-vt-et-f28c-15vp200r23,24800,,html,ET-F.jpg,,html,ET-F.jpg,ЭКБ ТЕСТ,DC/DC,ET-F28,ET-F28C-15VP200R23,"""28"" (9..36)",15,full brick,117,"55,9","12,7","""C""  (-20..100)",200,"13,3",,ET-F28.pdf,proizvodstvo-preobrazovatelej-napryazheniya_325####,Модульный преобразователь DC/DC Иртыш 15 В / 200 Вт ET-F28C-15VP200R23,Модульный преобразователь DC/DC Иртыш 15 В / 200 Вт ET-F28C-15VP200R23⚡Серия «ИРТЫШ»®⚡DC/DC модульные преобразователи ✔ полная «PIN-TO-PIN» совместимость с продукцией VICOR⚡Производство преобразователей напряжения ЭКБ ТЕСТ,ЭКБ ТЕСТ — надёжный партнёр для вашего бизнеса. Комплексные решения в микроэлектронике. Адекватные цены на производство преобразователей. Разумные сроки. Индивидуальный подход.,Модульные преобразователи ИРТЫШ,modulnye-preobrazovateli-irtysh,proizvodstvo-preobrazovatelej-napryazheniya_section_2
proizvodstvo-preobrazovatelej-napryazheniya_248,Модульный преобразователь DC/DC Иртыш 24 В / 200 Вт ET-F28C-24VP200R23,Y,modulnyj-preobrazovatel-dc-dc-irtysh-24-v-200-vt-et-f28c-24vp200r23,24900,,html,ET-F.jpg,,html,ET-F.jpg,ЭКБ ТЕСТ,DC/DC,ET-F28,ET-F28C-24VP200R23,"""28"" (9..36)",24,full brick,117,"55,9","12,7","""C""  (-20..100)",200,"8,3",,ET-F28.pdf,proizvodstvo-preobrazovatelej-napryazheniya_325####,Модульный преобразователь DC/DC Иртыш 24 В / 200 Вт ET-F28C-24VP200R23,Модульный преобразователь DC/DC Иртыш 24 В / 200 Вт ET-F28C-24VP200R23⚡Серия «ИРТЫШ»®⚡DC/DC модульные преобразователи ✔ полная «PIN-TO-PIN» совместимость с продукцией VICOR⚡Производство преобразователей напряжения ЭКБ ТЕСТ,ЭКБ ТЕСТ — надёжный партнёр для вашего бизнеса. Комплексные решения в микроэлектронике. Адекватные цены на производство преобразователей. Разумные сроки. Индивидуальный подход.,Модульные преобразователи ИРТЫШ,modulnye-preobrazovateli-irtysh,proizvodstvo-preobrazovatelej-napryazheniya_section_2
proizvodstvo-preobrazovatelej-napryazheniya_249,Модульный преобразователь DC/DC Иртыш 28 В / 200 Вт ET-F28C-28VP200R23,Y,modulnyj-preobrazovatel-dc-dc-irtysh-28-v-200-vt-et-f28c-28vp200r23,25000,,html,ET-F.jpg,,html,ET-F.jpg,ЭКБ ТЕСТ,DC/DC,ET-F28,ET-F28C-28VP200R23,"""28"" (9..36)",28,full brick,117,"55,9","12,7","""C""  (-20..100)",200,"7,1",,ET-F28.pdf,proizvodstvo-preobrazovatelej-napryazheniya_325####,Модульный преобразователь DC/DC Иртыш 28 В / 200 Вт ET-F28C-28VP200R23,Модульный преобразователь DC/DC Иртыш 28 В / 200 Вт ET-F28C-28VP200R23⚡Серия «ИРТЫШ»®⚡DC/DC модульные преобразователи ✔ полная «PIN-TO-PIN» совместимость с продукцией VICOR⚡Производство преобразователей напряжения ЭКБ ТЕСТ,ЭКБ ТЕСТ — надёжный партнёр для вашего бизнеса. Комплексные решения в микроэлектронике. Адекватные цены на производство преобразователей. Разумные сроки. Индивидуальный подход.,Модульные преобразователи ИРТЫШ,modulnye-preobrazovateli-irtysh,proizvodstvo-preobrazovatelej-napryazheniya_section_2
proizvodstvo-preobrazovatelej-napryazheniya_250,Модульный преобразователь DC/DC Иртыш 36 В / 200 Вт ET-F28C-36VP200R23,Y,modulnyj-preobrazovatel-dc-dc-irtysh-36-v-200-vt-et-f28c-36vp200r23,25100,,html,ET-F.jpg,,html,ET-F.jpg,ЭКБ ТЕСТ,DC/DC,ET-F28,ET-F28C-36VP200R23,"""28"" (9..36)",36,full brick,117,"55,9","12,7","""C""  (-20..100)",200,"5,6",,ET-F28.pdf,proizvodstvo-preobrazovatelej-napryazheniya_325####,Модульный преобразователь DC/DC Иртыш 36 В / 200 Вт ET-F28C-36VP200R23,Модульный преобразователь DC/DC Иртыш 36 В / 200 Вт ET-F28C-36VP200R23⚡Серия «ИРТЫШ»®⚡DC/DC модульные преобразователи ✔ полная «PIN-TO-PIN» совместимость с продукцией VICOR⚡Производство преобразователей напряжения ЭКБ ТЕСТ,ЭКБ ТЕСТ — надёжный партнёр для вашего бизнеса. Комплексные решения в микроэлектронике. Адекватные цены на производство преобразователей. Разумные сроки. Индивидуальный подход.,Модульные преобразователи ИРТЫШ,modulnye-preobrazovateli-irtysh,proizvodstvo-preobrazovatelej-napryazheniya_section_2
proizvodstvo-preobrazovatelej-napryazheniya_251,Модульный преобразователь DC/DC Иртыш 48 В / 200 Вт ET-F28C-48VP200R23,Y,modulnyj-preobrazovatel-dc-dc-irtysh-48-v-200-vt-et-f28c-48vp200r23,25200,,html,ET-F.jpg,,html,ET-F.jpg,ЭКБ ТЕСТ,DC/DC,ET-F28,ET-F28C-48VP200R23,"""28"" (9..36)",48,full brick,117,"55,9","12,7","""C""  (-20..100)",200,"4,2",,ET-F28.pdf,proizvodstvo-preobrazovatelej-napryazheniya_325####,Модульный преобразователь DC/DC Иртыш 48 В / 200 Вт ET-F28C-48VP200R23,Модульный преобразователь DC/DC Иртыш 48 В / 200 Вт ET-F28C-48VP200R23⚡Серия «ИРТЫШ»®⚡DC/DC модульные преобразователи ✔ полная «PIN-TO-PIN» совместимость с продукцией VICOR⚡Производство преобразователей напряжения ЭКБ ТЕСТ,ЭКБ ТЕСТ — надёжный партнёр для вашего бизнеса. Комплексные решения в микроэлектронике. Адекватные цены на производство преобразователей. Разумные сроки. Индивидуальный подход.,Модульные преобразователи ИРТЫШ,modulnye-preobrazovateli-irtysh,proizvodstvo-preobrazovatelej-napryazheniya_section_2
proizvodstvo-preobrazovatelej-napryazheniya_252,"Модульный преобразователь DC/DC Иртыш 3,3 В / 150 Вт ET-F28H-3V3P150R23",Y,modulnyj-preobrazovatel-dc-dc-irtysh-3-3-v-150-vt-et-f28h-3v3p150r23,25300,,html,ET-F.jpg,,html,ET-F.jpg,ЭКБ ТЕСТ,DC/DC,ET-F28,ET-F28H-3V3P150R23,"""28"" (9..36)","3,3",full brick,117,"55,9","12,7","""H""  (-40..100)",150,"45,5",,ET-F28.pdf,proizvodstvo-preobrazovatelej-napryazheniya_325####proizvodstvo-preobrazovatelej-napryazheniya_436,"Модульный преобразователь DC/DC Иртыш 3,3 В / 150 Вт ET-F28H-3V3P150R23","Модульный преобразователь DC/DC Иртыш 3,3 В / 150 Вт ET-F28H-3V3P150R23⚡Серия «ИРТЫШ»®⚡DC/DC модульные преобразователи ✔ полная «PIN-TO-PIN» совместимость с продукцией VICOR⚡Производство преобразователей напряжения ЭКБ ТЕСТ",ЭКБ ТЕСТ — надёжный партнёр для вашего бизнеса. Комплексные решения в микроэлектронике. Адекватные цены на производство преобразователей. Разумные сроки. Индивидуальный подход.,Модульные преобразователи ИРТЫШ,modulnye-preobrazovateli-irtysh,proizvodstvo-preobrazovatelej-napryazheniya_section_2
proizvodstvo-preobrazovatelej-napryazheniya_253,Модульный преобразователь DC/DC Иртыш 5 В / 175 Вт ET-F28H-05VP175R23,Y,modulnyj-preobrazovatel-dc-dc-irtysh-5-v-175-vt-et-f28h-05vp175r23,25400,,html,ET-F.jpg,,html,ET-F.jpg,ЭКБ ТЕСТ,DC/DC,ET-F28,ET-F28H-05VP175R23,"""28"" (9..36)",5,full brick,117,"55,9","12,7","""H""  (-40..100)",175,35,,ET-F28.pdf,proizvodstvo-preobrazovatelej-napryazheniya_325####proizvodstvo-preobrazovatelej-napryazheniya_437,Модульный преобразователь DC/DC Иртыш 5 В / 175 Вт ET-F28H-05VP175R23,Модульный преобразователь DC/DC Иртыш 5 В / 175 Вт ET-F28H-05VP175R23⚡Серия «ИРТЫШ»®⚡DC/DC модульные преобразователи ✔ полная «PIN-TO-PIN» совместимость с продукцией VICOR⚡Производство преобразователей напряжения ЭКБ ТЕСТ,ЭКБ ТЕСТ — надёжный партнёр для вашего бизнеса. Комплексные решения в микроэлектронике. Адекватные цены на производство преобразователей. Разумные сроки. Индивидуальный подход.,Модульные преобразователи ИРТЫШ,modulnye-preobrazovateli-irtysh,proizvodstvo-preobrazovatelej-napryazheniya_section_2
proizvodstvo-preobrazovatelej-napryazheniya_254,Модульный преобразователь DC/DC Иртыш 12 В / 200 Вт ET-F28H-12VP200R23,Y,modulnyj-preobrazovatel-dc-dc-irtysh-12-v-200-vt-et-f28h-12vp200r23,25500,,html,ET-F.jpg,,html,ET-F.jpg,ЭКБ ТЕСТ,DC/DC,ET-F28,ET-F28H-12VP200R23,"""28"" (9..36)",12,full brick,117,"55,9","12,7","""H""  (-40..100)",200,"16,7",,ET-F28.pdf,proizvodstvo-preobrazovatelej-napryazheniya_325####proizvodstvo-preobrazovatelej-napryazheniya_438,Модульный преобразователь DC/DC Иртыш 12 В / 200 Вт ET-F28H-12VP200R23,Модульный преобразователь DC/DC Иртыш 12 В / 200 Вт ET-F28H-12VP200R23⚡Серия «ИРТЫШ»®⚡DC/DC модульные преобразователи ✔ полная «PIN-TO-PIN» совместимость с продукцией VICOR⚡Производство преобразователей напряжения ЭКБ ТЕСТ,ЭКБ ТЕСТ — надёжный партнёр для вашего бизнеса. Комплексные решения в микроэлектронике. Адекватные цены на производство преобразователей. Разумные сроки. Индивидуальный подход.,Модульные преобразователи ИРТЫШ,modulnye-preobrazovateli-irtysh,proizvodstvo-preobrazovatelej-napryazheniya_section_2
proizvodstvo-preobrazovatelej-napryazheniya_255,Модульный преобразователь DC/DC Иртыш 15 В / 200 Вт ET-F28H-15VP200R23,Y,modulnyj-preobrazovatel-dc-dc-irtysh-15-v-200-vt-et-f28h-15vp200r23,25600,,html,ET-F.jpg,,html,ET-F.jpg,ЭКБ ТЕСТ,DC/DC,ET-F28,ET-F28H-15VP200R23,"""28"" (9..36)",15,full brick,117,"55,9","12,7","""H""  (-40..100)",200,"13,3",,ET-F28.pdf,proizvodstvo-preobrazovatelej-napryazheniya_325####proizvodstvo-preobrazovatelej-napryazheniya_439,Модульный преобразователь DC/DC Иртыш 15 В / 200 Вт ET-F28H-15VP200R23,Модульный преобразователь DC/DC Иртыш 15 В / 200 Вт ET-F28H-15VP200R23⚡Серия «ИРТЫШ»®⚡DC/DC модульные преобразователи ✔ полная «PIN-TO-PIN» совместимость с продукцией VICOR⚡Производство преобразователей напряжения ЭКБ ТЕСТ,ЭКБ ТЕСТ — надёжный партнёр для вашего бизнеса. Комплексные решения в микроэлектронике. Адекватные цены на производство преобразователей. Разумные сроки. Индивидуальный подход.,Модульные преобразователи ИРТЫШ,modulnye-preobrazovateli-irtysh,proizvodstvo-preobrazovatelej-napryazheniya_section_2
proizvodstvo-preobrazovatelej-napryazheniya_256,Модульный преобразователь DC/DC Иртыш 24 В / 200 Вт ET-F28H-24VP200R23,Y,modulnyj-preobrazovatel-dc-dc-irtysh-24-v-200-vt-et-f28h-24vp200r23,25700,,html,ET-F.jpg,,html,ET-F.jpg,ЭКБ ТЕСТ,DC/DC,ET-F28,ET-F28H-24VP200R23,"""28"" (9..36)",24,full brick,117,"55,9","12,7","""H""  (-40..100)",200,"8,3",,ET-F28.pdf,proizvodstvo-preobrazovatelej-napryazheniya_325####proizvodstvo-preobrazovatelej-napryazheniya_440,Модульный преобразователь DC/DC Иртыш 24 В / 200 Вт ET-F28H-24VP200R23,Модульный преобразователь DC/DC Иртыш 24 В / 200 Вт ET-F28H-24VP200R23⚡Серия «ИРТЫШ»®⚡DC/DC модульные преобразователи ✔ полная «PIN-TO-PIN» совместимость с продукцией VICOR⚡Производство преобразователей напряжения ЭКБ ТЕСТ,ЭКБ ТЕСТ — надёжный партнёр для вашего бизнеса. Комплексные решения в микроэлектронике. Адекватные цены на производство преобразователей. Разумные сроки. Индивидуальный подход.,Модульные преобразователи ИРТЫШ,modulnye-preobrazovateli-irtysh,proizvodstvo-preobrazovatelej-napryazheniya_section_2
proizvodstvo-preobrazovatelej-napryazheniya_257,Модульный преобразователь DC/DC Иртыш 28 В / 200 Вт ET-F28H-28VP200R23,Y,modulnyj-preobrazovatel-dc-dc-irtysh-28-v-200-vt-et-f28h-28vp200r23,25800,,html,ET-F.jpg,,html,ET-F.jpg,ЭКБ ТЕСТ,DC/DC,ET-F28,ET-F28H-28VP200R23,"""28"" (9..36)",28,full brick,117,"55,9","12,7","""H""  (-40..100)",200,"7,1",,ET-F28.pdf,proizvodstvo-preobrazovatelej-napryazheniya_325####proizvodstvo-preobrazovatelej-napryazheniya_441,Модульный преобразователь DC/DC Иртыш 28 В / 200 Вт ET-F28H-28VP200R23,Модульный преобразователь DC/DC Иртыш 28 В / 200 Вт ET-F28H-28VP200R23⚡Серия «ИРТЫШ»®⚡DC/DC модульные преобразователи ✔ полная «PIN-TO-PIN» совместимость с продукцией VICOR⚡Производство преобразователей напряжения ЭКБ ТЕСТ,ЭКБ ТЕСТ — надёжный партнёр для вашего бизнеса. Комплексные решения в микроэлектронике. Адекватные цены на производство преобразователей. Разумные сроки. Индивидуальный подход.,Модульные преобразователи ИРТЫШ,modulnye-preobrazovateli-irtysh,proizvodstvo-preobrazovatelej-napryazheniya_section_2
proizvodstvo-preobrazovatelej-napryazheniya_258,Модульный преобразователь DC/DC Иртыш 36 В / 200 Вт ET-F28H-36VP200R23,Y,modulnyj-preobrazovatel-dc-dc-irtysh-36-v-200-vt-et-f28h-36vp200r23,25900,,html,ET-F.jpg,,html,ET-F.jpg,ЭКБ ТЕСТ,DC/DC,ET-F28,ET-F28H-36VP200R23,"""28"" (9..36)",36,full brick,117,"55,9","12,7","""H""  (-40..100)",200,"5,6",,ET-F28.pdf,proizvodstvo-preobrazovatelej-napryazheniya_325####proizvodstvo-preobrazovatelej-napryazheniya_442,Модульный преобразователь DC/DC Иртыш 36 В / 200 Вт ET-F28H-36VP200R23,Модульный преобразователь DC/DC Иртыш 36 В / 200 Вт ET-F28H-36VP200R23⚡Серия «ИРТЫШ»®⚡DC/DC модульные преобразователи ✔ полная «PIN-TO-PIN» совместимость с продукцией VICOR⚡Производство преобразователей напряжения ЭКБ ТЕСТ,ЭКБ ТЕСТ — надёжный партнёр для вашего бизнеса. Комплексные решения в микроэлектронике. Адекватные цены на производство преобразователей. Разумные сроки. Индивидуальный подход.,Модульные преобразователи ИРТЫШ,modulnye-preobrazovateli-irtysh,proizvodstvo-preobrazovatelej-napryazheniya_section_2
proizvodstvo-preobrazovatelej-napryazheniya_259,Модульный преобразователь DC/DC Иртыш 48 В / 200 Вт ET-F28H-48VP200R23,Y,modulnyj-preobrazovatel-dc-dc-irtysh-48-v-200-vt-et-f28h-48vp200r23,26000,,html,ET-F.jpg,,html,ET-F.jpg,ЭКБ ТЕСТ,DC/DC,ET-F28,ET-F28H-48VP200R23,"""28"" (9..36)",48,full brick,117,"55,9","12,7","""H""  (-40..100)",200,"4,2",,ET-F28.pdf,proizvodstvo-preobrazovatelej-napryazheniya_325####proizvodstvo-preobrazovatelej-napryazheniya_443,Модульный преобразователь DC/DC Иртыш 48 В / 200 Вт ET-F28H-48VP200R23,Модульный преобразователь DC/DC Иртыш 48 В / 200 Вт ET-F28H-48VP200R23⚡Серия «ИРТЫШ»®⚡DC/DC модульные преобразователи ✔ полная «PIN-TO-PIN» совместимость с продукцией VICOR⚡Производство преобразователей напряжения ЭКБ ТЕСТ,ЭКБ ТЕСТ — надёжный партнёр для вашего бизнеса. Комплексные решения в микроэлектронике. Адекватные цены на производство преобразователей. Разумные сроки. Индивидуальный подход.,Модульные преобразователи ИРТЫШ,modulnye-preobrazovateli-irtysh,proizvodstvo-preobrazovatelej-napryazheniya_section_2
proizvodstvo-preobrazovatelej-napryazheniya_260,"Модульный преобразователь DC/DC Иртыш 3,3 В / 150 Вт ET-F28M-3V3P150R23",Y,modulnyj-preobrazovatel-dc-dc-irtysh-3-3-v-150-vt-et-f28m-3v3p150r23,26100,,html,ET-F.jpg,,html,ET-F.jpg,ЭКБ ТЕСТ,DC/DC,ET-F28,ET-F28M-3V3P150R23,"""28"" (9..36)","3,3",full brick,117,"55,9","12,7","""M""  (-55..100)",150,"45,5",,ET-F28.pdf,proizvodstvo-preobrazovatelej-napryazheniya_325####proizvodstvo-preobrazovatelej-napryazheniya_444,"Модульный преобразователь DC/DC Иртыш 3,3 В / 150 Вт ET-F28M-3V3P150R23","Модульный преобразователь DC/DC Иртыш 3,3 В / 150 Вт ET-F28M-3V3P150R23⚡Серия «ИРТЫШ»®⚡DC/DC модульные преобразователи ✔ полная «PIN-TO-PIN» совместимость с продукцией VICOR⚡Производство преобразователей напряжения ЭКБ ТЕСТ",ЭКБ ТЕСТ — надёжный партнёр для вашего бизнеса. Комплексные решения в микроэлектронике. Адекватные цены на производство преобразователей. Разумные сроки. Индивидуальный подход.,Модульные преобразователи ИРТЫШ,modulnye-preobrazovateli-irtysh,proizvodstvo-preobrazovatelej-napryazheniya_section_2
proizvodstvo-preobrazovatelej-napryazheniya_261,Модульный преобразователь DC/DC Иртыш 5 В / 175 Вт ET-F28M-05VP175R23,Y,modulnyj-preobrazovatel-dc-dc-irtysh-5-v-175-vt-et-f28m-05vp175r23,26200,,html,ET-F.jpg,,html,ET-F.jpg,ЭКБ ТЕСТ,DC/DC,ET-F28,ET-F28M-05VP175R23,"""28"" (9..36)",5,full brick,117,"55,9","12,7","""M""  (-55..100)",175,35,,ET-F28.pdf,proizvodstvo-preobrazovatelej-napryazheniya_325####proizvodstvo-preobrazovatelej-napryazheniya_445,Модульный преобразователь DC/DC Иртыш 5 В / 175 Вт ET-F28M-05VP175R23,Модульный преобразователь DC/DC Иртыш 5 В / 175 Вт ET-F28M-05VP175R23⚡Серия «ИРТЫШ»®⚡DC/DC модульные преобразователи ✔ полная «PIN-TO-PIN» совместимость с продукцией VICOR⚡Производство преобразователей напряжения ЭКБ ТЕСТ,ЭКБ ТЕСТ — надёжный партнёр для вашего бизнеса. Комплексные решения в микроэлектронике. Адекватные цены на производство преобразователей. Разумные сроки. Индивидуальный подход.,Модульные преобразователи ИРТЫШ,modulnye-preobrazovateli-irtysh,proizvodstvo-preobrazovatelej-napryazheniya_section_2
proizvodstvo-preobrazovatelej-napryazheniya_262,Модульный преобразователь DC/DC Иртыш 12 В / 200 Вт ET-F28M-12VP200R23,Y,modulnyj-preobrazovatel-dc-dc-irtysh-12-v-200-vt-et-f28m-12vp200r23,26300,,html,ET-F.jpg,,html,ET-F.jpg,ЭКБ ТЕСТ,DC/DC,ET-F28,ET-F28M-12VP200R23,"""28"" (9..36)",12,full brick,117,"55,9","12,7","""M""  (-55..100)",200,"16,7",,ET-F28.pdf,proizvodstvo-preobrazovatelej-napryazheniya_325####proizvodstvo-preobrazovatelej-napryazheniya_446,Модульный преобразователь DC/DC Иртыш 12 В / 200 Вт ET-F28M-12VP200R23,Модульный преобразователь DC/DC Иртыш 12 В / 200 Вт ET-F28M-12VP200R23⚡Серия «ИРТЫШ»®⚡DC/DC модульные преобразователи ✔ полная «PIN-TO-PIN» совместимость с продукцией VICOR⚡Производство преобразователей напряжения ЭКБ ТЕСТ,ЭКБ ТЕСТ — надёжный партнёр для вашего бизнеса. Комплексные решения в микроэлектронике. Адекватные цены на производство преобразователей. Разумные сроки. Индивидуальный подход.,Модульные преобразователи ИРТЫШ,modulnye-preobrazovateli-irtysh,proizvodstvo-preobrazovatelej-napryazheniya_section_2
proizvodstvo-preobrazovatelej-napryazheniya_263,Модульный преобразователь DC/DC Иртыш 15 В / 200 Вт ET-F28M-15VP200R23,Y,modulnyj-preobrazovatel-dc-dc-irtysh-15-v-200-vt-et-f28m-15vp200r23,26400,,html,ET-F.jpg,,html,ET-F.jpg,ЭКБ ТЕСТ,DC/DC,ET-F28,ET-F28M-15VP200R23,"""28"" (9..36)",15,full brick,117,"55,9","12,7","""M""  (-55..100)",200,"13,3",,ET-F28.pdf,proizvodstvo-preobrazovatelej-napryazheniya_325####proizvodstvo-preobrazovatelej-napryazheniya_447,Модульный преобразователь DC/DC Иртыш 15 В / 200 Вт ET-F28M-15VP200R23,Модульный преобразователь DC/DC Иртыш 15 В / 200 Вт ET-F28M-15VP200R23⚡Серия «ИРТЫШ»®⚡DC/DC модульные преобразователи ✔ полная «PIN-TO-PIN» совместимость с продукцией VICOR⚡Производство преобразователей напряжения ЭКБ ТЕСТ,ЭКБ ТЕСТ — надёжный партнёр для вашего бизнеса. Комплексные решения в микроэлектронике. Адекватные цены на производство преобразователей. Разумные сроки. Индивидуальный подход.,Модульные преобразователи ИРТЫШ,modulnye-preobrazovateli-irtysh,proizvodstvo-preobrazovatelej-napryazheniya_section_2
proizvodstvo-preobrazovatelej-napryazheniya_264,Модульный преобразователь DC/DC Иртыш 24 В / 200 Вт ET-F28M-24VP200R23,Y,modulnyj-preobrazovatel-dc-dc-irtysh-24-v-200-vt-et-f28m-24vp200r23,26500,,html,ET-F.jpg,,html,ET-F.jpg,ЭКБ ТЕСТ,DC/DC,ET-F28,ET-F28M-24VP200R23,"""28"" (9..36)",24,full brick,117,"55,9","12,7","""M""  (-55..100)",200,"8,3",,ET-F28.pdf,proizvodstvo-preobrazovatelej-napryazheniya_325####proizvodstvo-preobrazovatelej-napryazheniya_448,Модульный преобразователь DC/DC Иртыш 24 В / 200 Вт ET-F28M-24VP200R23,Модульный преобразователь DC/DC Иртыш 24 В / 200 Вт ET-F28M-24VP200R23⚡Серия «ИРТЫШ»®⚡DC/DC модульные преобразователи ✔ полная «PIN-TO-PIN» совместимость с продукцией VICOR⚡Производство преобразователей напряжения ЭКБ ТЕСТ,ЭКБ ТЕСТ — надёжный партнёр для вашего бизнеса. Комплексные решения в микроэлектронике. Адекватные цены на производство преобразователей. Разумные сроки. Индивидуальный подход.,Модульные преобразователи ИРТЫШ,modulnye-preobrazovateli-irtysh,proizvodstvo-preobrazovatelej-napryazheniya_section_2
proizvodstvo-preobrazovatelej-napryazheniya_265,Модульный преобразователь DC/DC Иртыш 28 В / 200 Вт ET-F28M-28VP200R23,Y,modulnyj-preobrazovatel-dc-dc-irtysh-28-v-200-vt-et-f28m-28vp200r23,26600,,html,ET-F.jpg,,html,ET-F.jpg,ЭКБ ТЕСТ,DC/DC,ET-F28,ET-F28M-28VP200R23,"""28"" (9..36)",28,full brick,117,"55,9","12,7","""M""  (-55..100)",200,"7,1",,ET-F28.pdf,proizvodstvo-preobrazovatelej-napryazheniya_325####proizvodstvo-preobrazovatelej-napryazheniya_449,Модульный преобразователь DC/DC Иртыш 28 В / 200 Вт ET-F28M-28VP200R23,Модульный преобразователь DC/DC Иртыш 28 В / 200 Вт ET-F28M-28VP200R23⚡Серия «ИРТЫШ»®⚡DC/DC модульные преобразователи ✔ полная «PIN-TO-PIN» совместимость с продукцией VICOR⚡Производство преобразователей напряжения ЭКБ ТЕСТ,ЭКБ ТЕСТ — надёжный партнёр для вашего бизнеса. Комплексные решения в микроэлектронике. Адекватные цены на производство преобразователей. Разумные сроки. Индивидуальный подход.,Модульные преобразователи ИРТЫШ,modulnye-preobrazovateli-irtysh,proizvodstvo-preobrazovatelej-napryazheniya_section_2
proizvodstvo-preobrazovatelej-napryazheniya_266,Модульный преобразователь DC/DC Иртыш 36 В / 200 Вт ET-F28M-36VP200R23,Y,modulnyj-preobrazovatel-dc-dc-irtysh-36-v-200-vt-et-f28m-36vp200r23,26700,,html,ET-F.jpg,,html,ET-F.jpg,ЭКБ ТЕСТ,DC/DC,ET-F28,ET-F28M-36VP200R23,"""28"" (9..36)",36,full brick,117,"55,9","12,7","""M""  (-55..100)",200,"5,6",,ET-F28.pdf,proizvodstvo-preobrazovatelej-napryazheniya_325####proizvodstvo-preobrazovatelej-napryazheniya_450,Модульный преобразователь DC/DC Иртыш 36 В / 200 Вт ET-F28M-36VP200R23,Модульный преобразователь DC/DC Иртыш 36 В / 200 Вт ET-F28M-36VP200R23⚡Серия «ИРТЫШ»®⚡DC/DC модульные преобразователи ✔ полная «PIN-TO-PIN» совместимость с продукцией VICOR⚡Производство преобразователей напряжения ЭКБ ТЕСТ,ЭКБ ТЕСТ — надёжный партнёр для вашего бизнеса. Комплексные решения в микроэлектронике. Адекватные цены на производство преобразователей. Разумные сроки. Индивидуальный подход.,Модульные преобразователи ИРТЫШ,modulnye-preobrazovateli-irtysh,proizvodstvo-preobrazovatelej-napryazheniya_section_2
proizvodstvo-preobrazovatelej-napryazheniya_267,Модульный преобразователь DC/DC Иртыш 48 В / 200 Вт ET-F28M-48VP200R23,Y,modulnyj-preobrazovatel-dc-dc-irtysh-48-v-200-vt-et-f28m-48vp200r23,26800,,html,ET-F.jpg,,html,ET-F.jpg,ЭКБ ТЕСТ,DC/DC,ET-F28,ET-F28M-48VP200R23,"""28"" (9..36)",48,full brick,117,"55,9","12,7","""M""  (-55..100)",200,"4,2",,ET-F28.pdf,proizvodstvo-preobrazovatelej-napryazheniya_325####proizvodstvo-preobrazovatelej-napryazheniya_451,Модульный преобразователь DC/DC Иртыш 48 В / 200 Вт ET-F28M-48VP200R23,Модульный преобразователь DC/DC Иртыш 48 В / 200 Вт ET-F28M-48VP200R23⚡Серия «ИРТЫШ»®⚡DC/DC модульные преобразователи ✔ полная «PIN-TO-PIN» совместимость с продукцией VICOR⚡Производство преобразователей напряжения ЭКБ ТЕСТ,ЭКБ ТЕСТ — надёжный партнёр для вашего бизнеса. Комплексные решения в микроэлектронике. Адекватные цены на производство преобразователей. Разумные сроки. Индивидуальный подход.,Модульные преобразователи ИРТЫШ,modulnye-preobrazovateli-irtysh,proizvodstvo-preobrazovatelej-napryazheniya_section_2
proizvodstvo-preobrazovatelej-napryazheniya_268,"Модульный преобразователь DC/DC Иртыш 3,3 В / 75 Вт ET-H28C-3V3P075R23",Y,modulnyj-preobrazovatel-dc-dc-irtysh-3-3-v-75-vt-et-h28c-3v3p075r23,26900,,html,ET-H.jpg,,html,ET-H.jpg,ЭКБ ТЕСТ,DC/DC,ET-H28,ET-H28C-3V3P075R23,"""28"" (9..36)","3,3",1/2 brick,"57,9","55,9","12,7","""C""  (-20..100)",75,"45,4",,ET-H28.pdf,proizvodstvo-preobrazovatelej-napryazheniya_326####,"Модульный преобразователь DC/DC Иртыш 3,3 В / 75 Вт ET-H28C-3V3P075R23","Модульный преобразователь DC/DC Иртыш 3,3 В / 75 Вт ET-H28C-3V3P075R23⚡Серия «ИРТЫШ»®⚡DC/DC модульные преобразователи ✔ полная «PIN-TO-PIN» совместимость с продукцией VICOR⚡Производство преобразователей напряжения ЭКБ ТЕСТ",ЭКБ ТЕСТ — надёжный партнёр для вашего бизнеса. Комплексные решения в микроэлектронике. Адекватные цены на производство преобразователей. Разумные сроки. Индивидуальный подход.,Модульные преобразователи ИРТЫШ,modulnye-preobrazovateli-irtysh,proizvodstvo-preobrazovatelej-napryazheniya_section_2
proizvodstvo-preobrazovatelej-napryazheniya_269,Модульный преобразователь DC/DC Иртыш 5 В / 75 Вт ET-H28C-05VP075R23,Y,modulnyj-preobrazovatel-dc-dc-irtysh-5-v-75-vt-et-h28c-05vp075r23,27000,,html,ET-H.jpg,,html,ET-H.jpg,ЭКБ ТЕСТ,DC/DC,ET-H28,ET-H28C-05VP075R23,"""28"" (9..36)",5,1/2 brick,"57,9","55,9","12,7","""C""  (-20..100)",75,40,,ET-H28.pdf,proizvodstvo-preobrazovatelej-napryazheniya_326####,Модульный преобразователь DC/DC Иртыш 5 В / 75 Вт ET-H28C-05VP075R23,Модульный преобразователь DC/DC Иртыш 5 В / 75 Вт ET-H28C-05VP075R23⚡Серия «ИРТЫШ»®⚡DC/DC модульные преобразователи ✔ полная «PIN-TO-PIN» совместимость с продукцией VICOR⚡Производство преобразователей напряжения ЭКБ ТЕСТ,ЭКБ ТЕСТ — надёжный партнёр для вашего бизнеса. Комплексные решения в микроэлектронике. Адекватные цены на производство преобразователей. Разумные сроки. Индивидуальный подход.,Модульные преобразователи ИРТЫШ,modulnye-preobrazovateli-irtysh,proizvodstvo-preobrazovatelej-napryazheniya_section_2
proizvodstvo-preobrazovatelej-napryazheniya_270,Модульный преобразователь DC/DC Иртыш 12 В / 100 Вт ET-H28C-12VP100R23,Y,modulnyj-preobrazovatel-dc-dc-irtysh-12-v-100-vt-et-h28c-12vp100r23,27100,,html,ET-H.jpg,,html,ET-H.jpg,ЭКБ ТЕСТ,DC/DC,ET-H28,ET-H28C-12VP100R23,"""28"" (9..36)",12,1/2 brick,"57,9","55,9","12,7","""C""  (-20..100)",100,"20,8",,ET-H28.pdf,proizvodstvo-preobrazovatelej-napryazheniya_326####,Модульный преобразователь DC/DC Иртыш 12 В / 100 Вт ET-H28C-12VP100R23,Модульный преобразователь DC/DC Иртыш 12 В / 100 Вт ET-H28C-12VP100R23⚡Серия «ИРТЫШ»®⚡DC/DC модульные преобразователи ✔ полная «PIN-TO-PIN» совместимость с продукцией VICOR⚡Производство преобразователей напряжения ЭКБ ТЕСТ,ЭКБ ТЕСТ — надёжный партнёр для вашего бизнеса. Комплексные решения в микроэлектронике. Адекватные цены на производство преобразователей. Разумные сроки. Индивидуальный подход.,Модульные преобразователи ИРТЫШ,modulnye-preobrazovateli-irtysh,proizvodstvo-preobrazovatelej-napryazheniya_section_2
proizvodstvo-preobrazovatelej-napryazheniya_271,Модульный преобразователь DC/DC Иртыш 15 В / 150 Вт ET-H28C-15VP150R23,Y,modulnyj-preobrazovatel-dc-dc-irtysh-15-v-150-vt-et-h28c-15vp150r23,27200,,html,ET-H.jpg,,html,ET-H.jpg,ЭКБ ТЕСТ,DC/DC,ET-H28,ET-H28C-15VP150R23,"""28"" (9..36)",15,1/2 brick,"57,9","55,9","12,7","""C""  (-20..100)",150,"16,7",,ET-H28.pdf,proizvodstvo-preobrazovatelej-napryazheniya_326####,Модульный преобразователь DC/DC Иртыш 15 В / 150 Вт ET-H28C-15VP150R23,Модульный преобразователь DC/DC Иртыш 15 В / 150 Вт ET-H28C-15VP150R23⚡Серия «ИРТЫШ»®⚡DC/DC модульные преобразователи ✔ полная «PIN-TO-PIN» совместимость с продукцией VICOR⚡Производство преобразователей напряжения ЭКБ ТЕСТ,ЭКБ ТЕСТ — надёжный партнёр для вашего бизнеса. Комплексные решения в микроэлектронике. Адекватные цены на производство преобразователей. Разумные сроки. Индивидуальный подход.,Модульные преобразователи ИРТЫШ,modulnye-preobrazovateli-irtysh,proizvodstvo-preobrazovatelej-napryazheniya_section_2
proizvodstvo-preobrazovatelej-napryazheniya_272,Модульный преобразователь DC/DC Иртыш 24 В / 150 Вт ET-H28C-24VP150R23,Y,modulnyj-preobrazovatel-dc-dc-irtysh-24-v-150-vt-et-h28c-24vp150r23,27300,,html,ET-H.jpg,,html,ET-H.jpg,ЭКБ ТЕСТ,DC/DC,ET-H28,ET-H28C-24VP150R23,"""28"" (9..36)",24,1/2 brick,"57,9","55,9","12,7","""C""  (-20..100)",150,"10,4",,ET-H28.pdf,proizvodstvo-preobrazovatelej-napryazheniya_326####,Модульный преобразователь DC/DC Иртыш 24 В / 150 Вт ET-H28C-24VP150R23,Модульный преобразователь DC/DC Иртыш 24 В / 150 Вт ET-H28C-24VP150R23⚡Серия «ИРТЫШ»®⚡DC/DC модульные преобразователи ✔ полная «PIN-TO-PIN» совместимость с продукцией VICOR⚡Производство преобразователей напряжения ЭКБ ТЕСТ,ЭКБ ТЕСТ — надёжный партнёр для вашего бизнеса. Комплексные решения в микроэлектронике. Адекватные цены на производство преобразователей. Разумные сроки. Индивидуальный подход.,Модульные преобразователи ИРТЫШ,modulnye-preobrazovateli-irtysh,proizvodstvo-preobrazovatelej-napryazheniya_section_2
proizvodstvo-preobrazovatelej-napryazheniya_273,Модульный преобразователь DC/DC Иртыш 28 В / 150 Вт ET-H28C-28VP150R23,Y,modulnyj-preobrazovatel-dc-dc-irtysh-28-v-150-vt-et-h28c-28vp150r23,27400,,html,ET-H.jpg,,html,ET-H.jpg,ЭКБ ТЕСТ,DC/DC,ET-H28,ET-H28C-28VP150R23,"""28"" (9..36)",28,1/2 brick,"57,9","55,9","12,7","""C""  (-20..100)",150,"8,9",,ET-H28.pdf,proizvodstvo-preobrazovatelej-napryazheniya_326####,Модульный преобразователь DC/DC Иртыш 28 В / 150 Вт ET-H28C-28VP150R23,Модульный преобразователь DC/DC Иртыш 28 В / 150 Вт ET-H28C-28VP150R23⚡Серия «ИРТЫШ»®⚡DC/DC модульные преобразователи ✔ полная «PIN-TO-PIN» совместимость с продукцией VICOR⚡Производство преобразователей напряжения ЭКБ ТЕСТ,ЭКБ ТЕСТ — надёжный партнёр для вашего бизнеса. Комплексные решения в микроэлектронике. Адекватные цены на производство преобразователей. Разумные сроки. Индивидуальный подход.,Модульные преобразователи ИРТЫШ,modulnye-preobrazovateli-irtysh,proizvodstvo-preobrazovatelej-napryazheniya_section_2
proizvodstvo-preobrazovatelej-napryazheniya_274,Модульный преобразователь DC/DC Иртыш 36 В / 150 Вт ET-H28C-36VP150R23,Y,modulnyj-preobrazovatel-dc-dc-irtysh-36-v-150-vt-et-h28c-36vp150r23,27500,,html,ET-H.jpg,,html,ET-H.jpg,ЭКБ ТЕСТ,DC/DC,ET-H28,ET-H28C-36VP150R23,"""28"" (9..36)",36,1/2 brick,"57,9","55,9","12,7","""C""  (-20..100)",150,"6,9",,ET-H28.pdf,proizvodstvo-preobrazovatelej-napryazheniya_326####,Модульный преобразователь DC/DC Иртыш 36 В / 150 Вт ET-H28C-36VP150R23,Модульный преобразователь DC/DC Иртыш 36 В / 150 Вт ET-H28C-36VP150R23⚡Серия «ИРТЫШ»®⚡DC/DC модульные преобразователи ✔ полная «PIN-TO-PIN» совместимость с продукцией VICOR⚡Производство преобразователей напряжения ЭКБ ТЕСТ,ЭКБ ТЕСТ — надёжный партнёр для вашего бизнеса. Комплексные решения в микроэлектронике. Адекватные цены на производство преобразователей. Разумные сроки. Индивидуальный подход.,Модульные преобразователи ИРТЫШ,modulnye-preobrazovateli-irtysh,proizvodstvo-preobrazovatelej-napryazheniya_section_2
proizvodstvo-preobrazovatelej-napryazheniya_275,Модульный преобразователь DC/DC Иртыш 48 В / 150 Вт ET-H28C-48VP150R23,Y,modulnyj-preobrazovatel-dc-dc-irtysh-48-v-150-vt-et-h28c-48vp150r23,27600,,html,ET-H.jpg,,html,ET-H.jpg,ЭКБ ТЕСТ,DC/DC,ET-H28,ET-H28C-48VP150R23,"""28"" (9..36)",48,1/2 brick,"57,9","55,9","12,7","""C""  (-20..100)",150,"5,2",,ET-H28.pdf,proizvodstvo-preobrazovatelej-napryazheniya_326####,Модульный преобразователь DC/DC Иртыш 48 В / 150 Вт ET-H28C-48VP150R23,Модульный преобразователь DC/DC Иртыш 48 В / 150 Вт ET-H28C-48VP150R23⚡Серия «ИРТЫШ»®⚡DC/DC модульные преобразователи ✔ полная «PIN-TO-PIN» совместимость с продукцией VICOR⚡Производство преобразователей напряжения ЭКБ ТЕСТ,ЭКБ ТЕСТ — надёжный партнёр для вашего бизнеса. Комплексные решения в микроэлектронике. Адекватные цены на производство преобразователей. Разумные сроки. Индивидуальный подход.,Модульные преобразователи ИРТЫШ,modulnye-preobrazovateli-irtysh,proizvodstvo-preobrazovatelej-napryazheniya_section_2
proizvodstvo-preobrazovatelej-napryazheniya_276,"Модульный преобразователь DC/DC Иртыш 3,3 В / 75 Вт ET-H28H-3V3P075R23",Y,modulnyj-preobrazovatel-dc-dc-irtysh-3-3-v-75-vt-et-h28h-3v3p075r23,27700,,html,ET-H.jpg,,html,ET-H.jpg,ЭКБ ТЕСТ,DC/DC,ET-H28,ET-H28H-3V3P075R23,"""28"" (9..36)","3,3",1/2 brick,"57,9","55,9","12,7","""H""  (-40..100)",75,"45,4",,ET-H28.pdf,proizvodstvo-preobrazovatelej-napryazheniya_326####,"Модульный преобразователь DC/DC Иртыш 3,3 В / 75 Вт ET-H28H-3V3P075R23","Модульный преобразователь DC/DC Иртыш 3,3 В / 75 Вт ET-H28H-3V3P075R23⚡Серия «ИРТЫШ»®⚡DC/DC модульные преобразователи ✔ полная «PIN-TO-PIN» совместимость с продукцией VICOR⚡Производство преобразователей напряжения ЭКБ ТЕСТ",ЭКБ ТЕСТ — надёжный партнёр для вашего бизнеса. Комплексные решения в микроэлектронике. Адекватные цены на производство преобразователей. Разумные сроки. Индивидуальный подход.,Модульные преобразователи ИРТЫШ,modulnye-preobrazovateli-irtysh,proizvodstvo-preobrazovatelej-napryazheniya_section_2
proizvodstvo-preobrazovatelej-napryazheniya_277,Модульный преобразователь DC/DC Иртыш 5 В / 75 Вт ET-H28H-05VP075R23,Y,modulnyj-preobrazovatel-dc-dc-irtysh-5-v-75-vt-et-h28h-05vp075r23,27800,,html,ET-H.jpg,,html,ET-H.jpg,ЭКБ ТЕСТ,DC/DC,ET-H28,ET-H28H-05VP075R23,"""28"" (9..36)",5,1/2 brick,"57,9","55,9","12,7","""H""  (-40..100)",75,40,,ET-H28.pdf,proizvodstvo-preobrazovatelej-napryazheniya_326####,Модульный преобразователь DC/DC Иртыш 5 В / 75 Вт ET-H28H-05VP075R23,Модульный преобразователь DC/DC Иртыш 5 В / 75 Вт ET-H28H-05VP075R23⚡Серия «ИРТЫШ»®⚡DC/DC модульные преобразователи ✔ полная «PIN-TO-PIN» совместимость с продукцией VICOR⚡Производство преобразователей напряжения ЭКБ ТЕСТ,ЭКБ ТЕСТ — надёжный партнёр для вашего бизнеса. Комплексные решения в микроэлектронике. Адекватные цены на производство преобразователей. Разумные сроки. Индивидуальный подход.,Модульные преобразователи ИРТЫШ,modulnye-preobrazovateli-irtysh,proizvodstvo-preobrazovatelej-napryazheniya_section_2
proizvodstvo-preobrazovatelej-napryazheniya_278,Модульный преобразователь DC/DC Иртыш 12 В / 100 Вт ET-H28H-12VP100R23,Y,modulnyj-preobrazovatel-dc-dc-irtysh-12-v-100-vt-et-h28h-12vp100r23,27900,,html,ET-H.jpg,,html,ET-H.jpg,ЭКБ ТЕСТ,DC/DC,ET-H28,ET-H28H-12VP100R23,"""28"" (9..36)",12,1/2 brick,"57,9","55,9","12,7","""H""  (-40..100)",100,"20,8",,ET-H28.pdf,proizvodstvo-preobrazovatelej-napryazheniya_326####,Модульный преобразователь DC/DC Иртыш 12 В / 100 Вт ET-H28H-12VP100R23,Модульный преобразователь DC/DC Иртыш 12 В / 100 Вт ET-H28H-12VP100R23⚡Серия «ИРТЫШ»®⚡DC/DC модульные преобразователи ✔ полная «PIN-TO-PIN» совместимость с продукцией VICOR⚡Производство преобразователей напряжения ЭКБ ТЕСТ,ЭКБ ТЕСТ — надёжный партнёр для вашего бизнеса. Комплексные решения в микроэлектронике. Адекватные цены на производство преобразователей. Разумные сроки. Индивидуальный подход.,Модульные преобразователи ИРТЫШ,modulnye-preobrazovateli-irtysh,proizvodstvo-preobrazovatelej-napryazheniya_section_2
proizvodstvo-preobrazovatelej-napryazheniya_279,Модульный преобразователь DC/DC Иртыш 15 В / 150 Вт ET-H28H-15VP150R23,Y,modulnyj-preobrazovatel-dc-dc-irtysh-15-v-150-vt-et-h28h-15vp150r23,28000,,html,ET-H.jpg,,html,ET-H.jpg,ЭКБ ТЕСТ,DC/DC,ET-H28,ET-H28H-15VP150R23,"""28"" (9..36)",15,1/2 brick,"57,9","55,9","12,7","""H""  (-40..100)",150,"16,7",,ET-H28.pdf,proizvodstvo-preobrazovatelej-napryazheniya_326####proizvodstvo-preobrazovatelej-napryazheniya_455,Модульный преобразователь DC/DC Иртыш 15 В / 150 Вт ET-H28H-15VP150R23,Модульный преобразователь DC/DC Иртыш 15 В / 150 Вт ET-H28H-15VP150R23⚡Серия «ИРТЫШ»®⚡DC/DC модульные преобразователи ✔ полная «PIN-TO-PIN» совместимость с продукцией VICOR⚡Производство преобразователей напряжения ЭКБ ТЕСТ,ЭКБ ТЕСТ — надёжный партнёр для вашего бизнеса. Комплексные решения в микроэлектронике. Адекватные цены на производство преобразователей. Разумные сроки. Индивидуальный подход.,Модульные преобразователи ИРТЫШ,modulnye-preobrazovateli-irtysh,proizvodstvo-preobrazovatelej-napryazheniya_section_2
proizvodstvo-preobrazovatelej-napryazheniya_280,Модульный преобразователь DC/DC Иртыш 24 В / 150 Вт ET-H28H-24VP150R23,Y,modulnyj-preobrazovatel-dc-dc-irtysh-24-v-150-vt-et-h28h-24vp150r23,28100,,html,ET-H.jpg,,html,ET-H.jpg,ЭКБ ТЕСТ,DC/DC,ET-H28,ET-H28H-24VP150R23,"""28"" (9..36)",24,1/2 brick,"57,9","55,9","12,7","""H""  (-40..100)",150,"10,4",,ET-H28.pdf,proizvodstvo-preobrazovatelej-napryazheniya_326####proizvodstvo-preobrazovatelej-napryazheniya_456,Модульный преобразователь DC/DC Иртыш 24 В / 150 Вт ET-H28H-24VP150R23,Модульный преобразователь DC/DC Иртыш 24 В / 150 Вт ET-H28H-24VP150R23⚡Серия «ИРТЫШ»®⚡DC/DC модульные преобразователи ✔ полная «PIN-TO-PIN» совместимость с продукцией VICOR⚡Производство преобразователей напряжения ЭКБ ТЕСТ,ЭКБ ТЕСТ — надёжный партнёр для вашего бизнеса. Комплексные решения в микроэлектронике. Адекватные цены на производство преобразователей. Разумные сроки. Индивидуальный подход.,Модульные преобразователи ИРТЫШ,modulnye-preobrazovateli-irtysh,proizvodstvo-preobrazovatelej-napryazheniya_section_2
proizvodstvo-preobrazovatelej-napryazheniya_281,Модульный преобразователь DC/DC Иртыш 28 В / 150 Вт ET-H28H-28VP150R23,Y,modulnyj-preobrazovatel-dc-dc-irtysh-28-v-150-vt-et-h28h-28vp150r23,28200,,html,ET-H.jpg,,html,ET-H.jpg,ЭКБ ТЕСТ,DC/DC,ET-H28,ET-H28H-28VP150R23,"""28"" (9..36)",28,1/2 brick,"57,9","55,9","12,7","""H""  (-40..100)",150,"8,9",,ET-H28.pdf,proizvodstvo-preobrazovatelej-napryazheniya_326####proizvodstvo-preobrazovatelej-napryazheniya_457,Модульный преобразователь DC/DC Иртыш 28 В / 150 Вт ET-H28H-28VP150R23,Модульный преобразователь DC/DC Иртыш 28 В / 150 Вт ET-H28H-28VP150R23⚡Серия «ИРТЫШ»®⚡DC/DC модульные преобразователи ✔ полная «PIN-TO-PIN» совместимость с продукцией VICOR⚡Производство преобразователей напряжения ЭКБ ТЕСТ,ЭКБ ТЕСТ — надёжный партнёр для вашего бизнеса. Комплексные решения в микроэлектронике. Адекватные цены на производство преобразователей. Разумные сроки. Индивидуальный подход.,Модульные преобразователи ИРТЫШ,modulnye-preobrazovateli-irtysh,proizvodstvo-preobrazovatelej-napryazheniya_section_2
proizvodstvo-preobrazovatelej-napryazheniya_282,Модульный преобразователь DC/DC Иртыш 36 В / 150 Вт ET-H28H-36VP150R23,Y,modulnyj-preobrazovatel-dc-dc-irtysh-36-v-150-vt-et-h28h-36vp150r23,28300,,html,ET-H.jpg,,html,ET-H.jpg,ЭКБ ТЕСТ,DC/DC,ET-H28,ET-H28H-36VP150R23,"""28"" (9..36)",36,1/2 brick,"57,9","55,9","12,7","""H""  (-40..100)",150,"6,9",,ET-H28.pdf,proizvodstvo-preobrazovatelej-napryazheniya_326####proizvodstvo-preobrazovatelej-napryazheniya_458,Модульный преобразователь DC/DC Иртыш 36 В / 150 Вт ET-H28H-36VP150R23,Модульный преобразователь DC/DC Иртыш 36 В / 150 Вт ET-H28H-36VP150R23⚡Серия «ИРТЫШ»®⚡DC/DC модульные преобразователи ✔ полная «PIN-TO-PIN» совместимость с продукцией VICOR⚡Производство преобразователей напряжения ЭКБ ТЕСТ,ЭКБ ТЕСТ — надёжный партнёр для вашего бизнеса. Комплексные решения в микроэлектронике. Адекватные цены на производство преобразователей. Разумные сроки. Индивидуальный подход.,Модульные преобразователи ИРТЫШ,modulnye-preobrazovateli-irtysh,proizvodstvo-preobrazovatelej-napryazheniya_section_2
proizvodstvo-preobrazovatelej-napryazheniya_283,Модульный преобразователь DC/DC Иртыш 48 В / 150 Вт ET-H28H-48VP150R23,Y,modulnyj-preobrazovatel-dc-dc-irtysh-48-v-150-vt-et-h28h-48vp150r23,28400,,html,ET-H.jpg,,html,ET-H.jpg,ЭКБ ТЕСТ,DC/DC,ET-H28,ET-H28H-48VP150R23,"""28"" (9..36)",48,1/2 brick,"57,9","55,9","12,7","""H""  (-40..100)",150,"5,2",,ET-H28.pdf,proizvodstvo-preobrazovatelej-napryazheniya_326####proizvodstvo-preobrazovatelej-napryazheniya_459,Модульный преобразователь DC/DC Иртыш 48 В / 150 Вт ET-H28H-48VP150R23,Модульный преобразователь DC/DC Иртыш 48 В / 150 Вт ET-H28H-48VP150R23⚡Серия «ИРТЫШ»®⚡DC/DC модульные преобразователи ✔ полная «PIN-TO-PIN» совместимость с продукцией VICOR⚡Производство преобразователей напряжения ЭКБ ТЕСТ,ЭКБ ТЕСТ — надёжный партнёр для вашего бизнеса. Комплексные решения в микроэлектронике. Адекватные цены на производство преобразователей. Разумные сроки. Индивидуальный подход.,Модульные преобразователи ИРТЫШ,modulnye-preobrazovateli-irtysh,proizvodstvo-preobrazovatelej-napryazheniya_section_2
proizvodstvo-preobrazovatelej-napryazheniya_284,"Модульный преобразователь DC/DC Иртыш 3,3 В / 75 Вт ET-H28M-3V3P075R23",Y,modulnyj-preobrazovatel-dc-dc-irtysh-3-3-v-75-vt-et-h28m-3v3p075r23,28500,,html,ET-H.jpg,,html,ET-H.jpg,ЭКБ ТЕСТ,DC/DC,ET-H28,ET-H28M-3V3P075R23,"""28"" (9..36)","3,3",1/2 brick,"57,9","55,9","12,7","""M""  (-55..100)",75,"45,4",,ET-H28.pdf,proizvodstvo-preobrazovatelej-napryazheniya_326####,"Модульный преобразователь DC/DC Иртыш 3,3 В / 75 Вт ET-H28M-3V3P075R23","Модульный преобразователь DC/DC Иртыш 3,3 В / 75 Вт ET-H28M-3V3P075R23⚡Серия «ИРТЫШ»®⚡DC/DC модульные преобразователи ✔ полная «PIN-TO-PIN» совместимость с продукцией VICOR⚡Производство преобразователей напряжения ЭКБ ТЕСТ",ЭКБ ТЕСТ — надёжный партнёр для вашего бизнеса. Комплексные решения в микроэлектронике. Адекватные цены на производство преобразователей. Разумные сроки. Индивидуальный подход.,Модульные преобразователи ИРТЫШ,modulnye-preobrazovateli-irtysh,proizvodstvo-preobrazovatelej-napryazheniya_section_2
proizvodstvo-preobrazovatelej-napryazheniya_285,Модульный преобразователь DC/DC Иртыш 5 В / 75 Вт ET-H28M-05VP075R23,Y,modulnyj-preobrazovatel-dc-dc-irtysh-5-v-75-vt-et-h28m-05vp075r23,28600,,html,ET-H.jpg,,html,ET-H.jpg,ЭКБ ТЕСТ,DC/DC,ET-H28,ET-H28M-05VP075R23,"""28"" (9..36)",5,1/2 brick,"57,9","55,9","12,7","""M""  (-55..100)",75,40,,ET-H28.pdf,proizvodstvo-preobrazovatelej-napryazheniya_326####,Модульный преобразователь DC/DC Иртыш 5 В / 75 Вт ET-H28M-05VP075R23,Модульный преобразователь DC/DC Иртыш 5 В / 75 Вт ET-H28M-05VP075R23⚡Серия «ИРТЫШ»®⚡DC/DC модульные преобразователи ✔ полная «PIN-TO-PIN» совместимость с продукцией VICOR⚡Производство преобразователей напряжения ЭКБ ТЕСТ,ЭКБ ТЕСТ — надёжный партнёр для вашего бизнеса. Комплексные решения в микроэлектронике. Адекватные цены на производство преобразователей. Разумные сроки. Индивидуальный подход.,Модульные преобразователи ИРТЫШ,modulnye-preobrazovateli-irtysh,proizvodstvo-preobrazovatelej-napryazheniya_section_2
proizvodstvo-preobrazovatelej-napryazheniya_286,Модульный преобразователь DC/DC Иртыш 12 В / 100 Вт ET-H28M-12VP100R23,Y,modulnyj-preobrazovatel-dc-dc-irtysh-12-v-100-vt-et-h28m-12vp100r23,28700,,html,ET-H.jpg,,html,ET-H.jpg,ЭКБ ТЕСТ,DC/DC,ET-H28,ET-H28M-12VP100R23,"""28"" (9..36)",12,1/2 brick,"57,9","55,9","12,7","""M""  (-55..100)",100,"20,8",,ET-H28.pdf,proizvodstvo-preobrazovatelej-napryazheniya_326####,Модульный преобразователь DC/DC Иртыш 12 В / 100 Вт ET-H28M-12VP100R23,Модульный преобразователь DC/DC Иртыш 12 В / 100 Вт ET-H28M-12VP100R23⚡Серия «ИРТЫШ»®⚡DC/DC модульные преобразователи ✔ полная «PIN-TO-PIN» совместимость с продукцией VICOR⚡Производство преобразователей напряжения ЭКБ ТЕСТ,ЭКБ ТЕСТ — надёжный партнёр для вашего бизнеса. Комплексные решения в микроэлектронике. Адекватные цены на производство преобразователей. Разумные сроки. Индивидуальный подход.,Модульные преобразователи ИРТЫШ,modulnye-preobrazovateli-irtysh,proizvodstvo-preobrazovatelej-napryazheniya_section_2
proizvodstvo-preobrazovatelej-napryazheniya_287,Модульный преобразователь DC/DC Иртыш 15 В / 150 Вт ET-H28M-15VP150R23,Y,modulnyj-preobrazovatel-dc-dc-irtysh-15-v-150-vt-et-h28m-15vp150r23,28800,,html,ET-H.jpg,,html,ET-H.jpg,ЭКБ ТЕСТ,DC/DC,ET-H28,ET-H28M-15VP150R23,"""28"" (9..36)",15,1/2 brick,"57,9","55,9","12,7","""M""  (-55..100)",150,"16,7",,ET-H28.pdf,proizvodstvo-preobrazovatelej-napryazheniya_326####proizvodstvo-preobrazovatelej-napryazheniya_459,Модульный преобразователь DC/DC Иртыш 15 В / 150 Вт ET-H28M-15VP150R23,Модульный преобразователь DC/DC Иртыш 15 В / 150 Вт ET-H28M-15VP150R23⚡Серия «ИРТЫШ»®⚡DC/DC модульные преобразователи ✔ полная «PIN-TO-PIN» совместимость с продукцией VICOR⚡Производство преобразователей напряжения ЭКБ ТЕСТ,ЭКБ ТЕСТ — надёжный партнёр для вашего бизнеса. Комплексные решения в микроэлектронике. Адекватные цены на производство преобразователей. Разумные сроки. Индивидуальный подход.,Модульные преобразователи ИРТЫШ,modulnye-preobrazovateli-irtysh,proizvodstvo-preobrazovatelej-napryazheniya_section_2
proizvodstvo-preobrazovatelej-napryazheniya_288,Модульный преобразователь DC/DC Иртыш 24 В / 150 Вт ET-H28M-24VP150R23,Y,modulnyj-preobrazovatel-dc-dc-irtysh-24-v-150-vt-et-h28m-24vp150r23,28900,,html,ET-H.jpg,,html,ET-H.jpg,ЭКБ ТЕСТ,DC/DC,ET-H28,ET-H28M-24VP150R23,"""28"" (9..36)",24,1/2 brick,"57,9","55,9","12,7","""M""  (-55..100)",150,"10,4",,ET-H28.pdf,proizvodstvo-preobrazovatelej-napryazheniya_326####proizvodstvo-preobrazovatelej-napryazheniya_464,Модульный преобразователь DC/DC Иртыш 24 В / 150 Вт ET-H28M-24VP150R23,Модульный преобразователь DC/DC Иртыш 24 В / 150 Вт ET-H28M-24VP150R23⚡Серия «ИРТЫШ»®⚡DC/DC модульные преобразователи ✔ полная «PIN-TO-PIN» совместимость с продукцией VICOR⚡Производство преобразователей напряжения ЭКБ ТЕСТ,ЭКБ ТЕСТ — надёжный партнёр для вашего бизнеса. Комплексные решения в микроэлектронике. Адекватные цены на производство преобразователей. Разумные сроки. Индивидуальный подход.,Модульные преобразователи ИРТЫШ,modulnye-preobrazovateli-irtysh,proizvodstvo-preobrazovatelej-napryazheniya_section_2
proizvodstvo-preobrazovatelej-napryazheniya_289,Модульный преобразователь DC/DC Иртыш 28 В / 150 Вт ET-H28M-28VP150R23,Y,modulnyj-preobrazovatel-dc-dc-irtysh-28-v-150-vt-et-h28m-28vp150r23,29000,,html,ET-H.jpg,,html,ET-H.jpg,ЭКБ ТЕСТ,DC/DC,ET-H28,ET-H28M-28VP150R23,"""28"" (9..36)",28,1/2 brick,"57,9","55,9","12,7","""M""  (-55..100)",150,"8,9",,ET-H28.pdf,proizvodstvo-preobrazovatelej-napryazheniya_326####proizvodstvo-preobrazovatelej-napryazheniya_465,Модульный преобразователь DC/DC Иртыш 28 В / 150 Вт ET-H28M-28VP150R23,Модульный преобразователь DC/DC Иртыш 28 В / 150 Вт ET-H28M-28VP150R23⚡Серия «ИРТЫШ»®⚡DC/DC модульные преобразователи ✔ полная «PIN-TO-PIN» совместимость с продукцией VICOR⚡Производство преобразователей напряжения ЭКБ ТЕСТ,ЭКБ ТЕСТ — надёжный партнёр для вашего бизнеса. Комплексные решения в микроэлектронике. Адекватные цены на производство преобразователей. Разумные сроки. Индивидуальный подход.,Модульные преобразователи ИРТЫШ,modulnye-preobrazovateli-irtysh,proizvodstvo-preobrazovatelej-napryazheniya_section_2
proizvodstvo-preobrazovatelej-napryazheniya_290,Модульный преобразователь DC/DC Иртыш 36 В / 150 Вт ET-H28M-36VP150R23,Y,modulnyj-preobrazovatel-dc-dc-irtysh-36-v-150-vt-et-h28m-36vp150r23,29100,,html,ET-H.jpg,,html,ET-H.jpg,ЭКБ ТЕСТ,DC/DC,ET-H28,ET-H28M-36VP150R23,"""28"" (9..36)",36,1/2 brick,"57,9","55,9","12,7","""M""  (-55..100)",150,"6,9",,ET-H28.pdf,proizvodstvo-preobrazovatelej-napryazheniya_326####proizvodstvo-preobrazovatelej-napryazheniya_466,Модульный преобразователь DC/DC Иртыш 36 В / 150 Вт ET-H28M-36VP150R23,Модульный преобразователь DC/DC Иртыш 36 В / 150 Вт ET-H28M-36VP150R23⚡Серия «ИРТЫШ»®⚡DC/DC модульные преобразователи ✔ полная «PIN-TO-PIN» совместимость с продукцией VICOR⚡Производство преобразователей напряжения ЭКБ ТЕСТ,ЭКБ ТЕСТ — надёжный партнёр для вашего бизнеса. Комплексные решения в микроэлектронике. Адекватные цены на производство преобразователей. Разумные сроки. Индивидуальный подход.,Модульные преобразователи ИРТЫШ,modulnye-preobrazovateli-irtysh,proizvodstvo-preobrazovatelej-napryazheniya_section_2
proizvodstvo-preobrazovatelej-napryazheniya_291,Модульный преобразователь DC/DC Иртыш 48 В / 150 Вт ET-H28M-48VP150R23,Y,modulnyj-preobrazovatel-dc-dc-irtysh-48-v-150-vt-et-h28m-48vp150r23,29200,,html,ET-H.jpg,,html,ET-H.jpg,ЭКБ ТЕСТ,DC/DC,ET-H28,ET-H28M-48VP150R23,"""28"" (9..36)",48,1/2 brick,"57,9","55,9","12,7","""M""  (-55..100)",150,"5,2",,ET-H28.pdf,proizvodstvo-preobrazovatelej-napryazheniya_326####proizvodstvo-preobrazovatelej-napryazheniya_467,Модульный преобразователь DC/DC Иртыш 48 В / 150 Вт ET-H28M-48VP150R23,Модульный преобразователь DC/DC Иртыш 48 В / 150 Вт ET-H28M-48VP150R23⚡Серия «ИРТЫШ»®⚡DC/DC модульные преобразователи ✔ полная «PIN-TO-PIN» совместимость с продукцией VICOR⚡Производство преобразователей напряжения ЭКБ ТЕСТ,ЭКБ ТЕСТ — надёжный партнёр для вашего бизнеса. Комплексные решения в микроэлектронике. Адекватные цены на производство преобразователей. Разумные сроки. Индивидуальный подход.,Модульные преобразователи ИРТЫШ,modulnye-preobrazovateli-irtysh,proizvodstvo-preobrazovatelej-napryazheniya_section_2
proizvodstvo-preobrazovatelej-napryazheniya_292,"Модульный преобразователь DC/DC Иртыш 3,3 В / 50 Вт ET-Q28C-3V3P050R23",Y,modulnyj-preobrazovatel-dc-dc-irtysh-3-3-v-50-vt-et-q28c-3v3p050r23,29300,,html,ET-Q.jpg,,html,ET-Q.jpg,ЭКБ ТЕСТ,DC/DC,ET-Q28,ET-Q28C-3V3P050R23,"""28"" (9..36)","3,3",1/4 brick,"57,9","36,8","12,7","""C""  (-20..100)",50,"15,2",,ET-Q28.pdf,proizvodstvo-preobrazovatelej-napryazheniya_327####,"Модульный преобразователь DC/DC Иртыш 3,3 В / 50 Вт ET-Q28C-3V3P050R23","Модульный преобразователь DC/DC Иртыш 3,3 В / 50 Вт ET-Q28C-3V3P050R23⚡Серия «ИРТЫШ»®⚡DC/DC модульные преобразователи ✔ полная «PIN-TO-PIN» совместимость с продукцией VICOR⚡Производство преобразователей напряжения ЭКБ ТЕСТ",ЭКБ ТЕСТ — надёжный партнёр для вашего бизнеса. Комплексные решения в микроэлектронике. Адекватные цены на производство преобразователей. Разумные сроки. Индивидуальный подход.,Модульные преобразователи ИРТЫШ,modulnye-preobrazovateli-irtysh,proizvodstvo-preobrazovatelej-napryazheniya_section_2
proizvodstvo-preobrazovatelej-napryazheniya_293,Модульный преобразователь DC/DC Иртыш 5 В / 50 Вт ET-Q28C-05VP050R23,Y,modulnyj-preobrazovatel-dc-dc-irtysh-5-v-50-vt-et-q28c-05vp050r23,29400,,html,ET-Q.jpg,,html,ET-Q.jpg,ЭКБ ТЕСТ,DC/DC,ET-Q28,ET-Q28C-05VP050R23,"""28"" (9..36)",5,1/4 brick,"57,9","36,8","12,7","""C""  (-20..100)",50,10,,ET-Q28.pdf,proizvodstvo-preobrazovatelej-napryazheniya_327####,Модульный преобразователь DC/DC Иртыш 5 В / 50 Вт ET-Q28C-05VP050R23,Модульный преобразователь DC/DC Иртыш 5 В / 50 Вт ET-Q28C-05VP050R23⚡Серия «ИРТЫШ»®⚡DC/DC модульные преобразователи ✔ полная «PIN-TO-PIN» совместимость с продукцией VICOR⚡Производство преобразователей напряжения ЭКБ ТЕСТ,ЭКБ ТЕСТ — надёжный партнёр для вашего бизнеса. Комплексные решения в микроэлектронике. Адекватные цены на производство преобразователей. Разумные сроки. Индивидуальный подход.,Модульные преобразователи ИРТЫШ,modulnye-preobrazovateli-irtysh,proizvodstvo-preobrazovatelej-napryazheniya_section_2
proizvodstvo-preobrazovatelej-napryazheniya_294,Модульный преобразователь DC/DC Иртыш 12 В / 100 Вт ET-Q28C-12VP100R23,Y,modulnyj-preobrazovatel-dc-dc-irtysh-12-v-100-vt-et-q28c-12vp100r23,29500,,html,ET-Q.jpg,,html,ET-Q.jpg,ЭКБ ТЕСТ,DC/DC,ET-Q28,ET-Q28C-12VP100R23,"""28"" (9..36)",12,1/4 brick,"57,9","36,8","12,7","""C""  (-20..100)",100,"8,3",,ET-Q28.pdf,proizvodstvo-preobrazovatelej-napryazheniya_327####,Модульный преобразователь DC/DC Иртыш 12 В / 100 Вт ET-Q28C-12VP100R23,Модульный преобразователь DC/DC Иртыш 12 В / 100 Вт ET-Q28C-12VP100R23⚡Серия «ИРТЫШ»®⚡DC/DC модульные преобразователи ✔ полная «PIN-TO-PIN» совместимость с продукцией VICOR⚡Производство преобразователей напряжения ЭКБ ТЕСТ,ЭКБ ТЕСТ — надёжный партнёр для вашего бизнеса. Комплексные решения в микроэлектронике. Адекватные цены на производство преобразователей. Разумные сроки. Индивидуальный подход.,Модульные преобразователи ИРТЫШ,modulnye-preobrazovateli-irtysh,proizvodstvo-preobrazovatelej-napryazheniya_section_2
proizvodstvo-preobrazovatelej-napryazheniya_295,Модульный преобразователь DC/DC Иртыш 15 В / 100 Вт ET-Q28C-15VP100R23,Y,modulnyj-preobrazovatel-dc-dc-irtysh-15-v-100-vt-et-q28c-15vp100r23,29600,,html,ET-Q.jpg,,html,ET-Q.jpg,ЭКБ ТЕСТ,DC/DC,ET-Q28,ET-Q28C-15VP100R23,"""28"" (9..36)",15,1/4 brick,"57,9","36,8","12,7","""C""  (-20..100)",100,"6,7",,ET-Q28.pdf,proizvodstvo-preobrazovatelej-napryazheniya_327####,Модульный преобразователь DC/DC Иртыш 15 В / 100 Вт ET-Q28C-15VP100R23,Модульный преобразователь DC/DC Иртыш 15 В / 100 Вт ET-Q28C-15VP100R23⚡Серия «ИРТЫШ»®⚡DC/DC модульные преобразователи ✔ полная «PIN-TO-PIN» совместимость с продукцией VICOR⚡Производство преобразователей напряжения ЭКБ ТЕСТ,ЭКБ ТЕСТ — надёжный партнёр для вашего бизнеса. Комплексные решения в микроэлектронике. Адекватные цены на производство преобразователей. Разумные сроки. Индивидуальный подход.,Модульные преобразователи ИРТЫШ,modulnye-preobrazovateli-irtysh,proizvodstvo-preobrazovatelej-napryazheniya_section_2
proizvodstvo-preobrazovatelej-napryazheniya_296,Модульный преобразователь DC/DC Иртыш 24 В / 100 Вт ET-Q28C-24VP100R23,Y,modulnyj-preobrazovatel-dc-dc-irtysh-24-v-100-vt-et-q28c-24vp100r23,29700,,html,ET-Q.jpg,,html,ET-Q.jpg,ЭКБ ТЕСТ,DC/DC,ET-Q28,ET-Q28C-24VP100R23,"""28"" (9..36)",24,1/4 brick,"57,9","36,8","12,7","""C""  (-20..100)",100,"4,2",,ET-Q28.pdf,proizvodstvo-preobrazovatelej-napryazheniya_327####,Модульный преобразователь DC/DC Иртыш 24 В / 100 Вт ET-Q28C-24VP100R23,Модульный преобразователь DC/DC Иртыш 24 В / 100 Вт ET-Q28C-24VP100R23⚡Серия «ИРТЫШ»®⚡DC/DC модульные преобразователи ✔ полная «PIN-TO-PIN» совместимость с продукцией VICOR⚡Производство преобразователей напряжения ЭКБ ТЕСТ,ЭКБ ТЕСТ — надёжный партнёр для вашего бизнеса. Комплексные решения в микроэлектронике. Адекватные цены на производство преобразователей. Разумные сроки. Индивидуальный подход.,Модульные преобразователи ИРТЫШ,modulnye-preobrazovateli-irtysh,proizvodstvo-preobrazovatelej-napryazheniya_section_2
proizvodstvo-preobrazovatelej-napryazheniya_297,Модульный преобразователь DC/DC Иртыш 28 В / 100 Вт ET-Q28C-28VP100R23,Y,modulnyj-preobrazovatel-dc-dc-irtysh-28-v-100-vt-et-q28c-28vp100r23,29800,,html,ET-Q.jpg,,html,ET-Q.jpg,ЭКБ ТЕСТ,DC/DC,ET-Q28,ET-Q28C-28VP100R23,"""28"" (9..36)",28,1/4 brick,"57,9","36,8","12,7","""C""  (-20..100)",100,"3,6",,ET-Q28.pdf,proizvodstvo-preobrazovatelej-napryazheniya_327####,Модульный преобразователь DC/DC Иртыш 28 В / 100 Вт ET-Q28C-28VP100R23,Модульный преобразователь DC/DC Иртыш 28 В / 100 Вт ET-Q28C-28VP100R23⚡Серия «ИРТЫШ»®⚡DC/DC модульные преобразователи ✔ полная «PIN-TO-PIN» совместимость с продукцией VICOR⚡Производство преобразователей напряжения ЭКБ ТЕСТ,ЭКБ ТЕСТ — надёжный партнёр для вашего бизнеса. Комплексные решения в микроэлектронике. Адекватные цены на производство преобразователей. Разумные сроки. Индивидуальный подход.,Модульные преобразователи ИРТЫШ,modulnye-preobrazovateli-irtysh,proizvodstvo-preobrazovatelej-napryazheniya_section_2
proizvodstvo-preobrazovatelej-napryazheniya_298,Модульный преобразователь DC/DC Иртыш 36 В / 100 Вт ET-Q28C-36VP100R23,Y,modulnyj-preobrazovatel-dc-dc-irtysh-36-v-100-vt-et-q28c-36vp100r23,29900,,html,ET-Q.jpg,,html,ET-Q.jpg,ЭКБ ТЕСТ,DC/DC,ET-Q28,ET-Q28C-36VP100R23,"""28"" (9..36)",36,1/4 brick,"57,9","36,8","12,7","""C""  (-20..100)",100,"2,8",,ET-Q28.pdf,proizvodstvo-preobrazovatelej-napryazheniya_327####,Модульный преобразователь DC/DC Иртыш 36 В / 100 Вт ET-Q28C-36VP100R23,Модульный преобразователь DC/DC Иртыш 36 В / 100 Вт ET-Q28C-36VP100R23⚡Серия «ИРТЫШ»®⚡DC/DC модульные преобразователи ✔ полная «PIN-TO-PIN» совместимость с продукцией VICOR⚡Производство преобразователей напряжения ЭКБ ТЕСТ,ЭКБ ТЕСТ — надёжный партнёр для вашего бизнеса. Комплексные решения в микроэлектронике. Адекватные цены на производство преобразователей. Разумные сроки. Индивидуальный подход.,Модульные преобразователи ИРТЫШ,modulnye-preobrazovateli-irtysh,proizvodstvo-preobrazovatelej-napryazheniya_section_2
proizvodstvo-preobrazovatelej-napryazheniya_299,Модульный преобразователь DC/DC Иртыш 48 В / 100 Вт ET-Q28C-48VP100R23,Y,modulnyj-preobrazovatel-dc-dc-irtysh-48-v-100-vt-et-q28c-48vp100r23,30000,,html,ET-Q.jpg,,html,ET-Q.jpg,ЭКБ ТЕСТ,DC/DC,ET-Q28,ET-Q28C-48VP100R23,"""28"" (9..36)",48,1/4 brick,"57,9","36,8","12,7","""C""  (-20..100)",100,"2,1",,ET-Q28.pdf,proizvodstvo-preobrazovatelej-napryazheniya_327####,Модульный преобразователь DC/DC Иртыш 48 В / 100 Вт ET-Q28C-48VP100R23,Модульный преобразователь DC/DC Иртыш 48 В / 100 Вт ET-Q28C-48VP100R23⚡Серия «ИРТЫШ»®⚡DC/DC модульные преобразователи ✔ полная «PIN-TO-PIN» совместимость с продукцией VICOR⚡Производство преобразователей напряжения ЭКБ ТЕСТ,ЭКБ ТЕСТ — надёжный партнёр для вашего бизнеса. Комплексные решения в микроэлектронике. Адекватные цены на производство преобразователей. Разумные сроки. Индивидуальный подход.,Модульные преобразователи ИРТЫШ,modulnye-preobrazovateli-irtysh,proizvodstvo-preobrazovatelej-napryazheniya_section_2
proizvodstvo-preobrazovatelej-napryazheniya_300,"Модульный преобразователь DC/DC Иртыш 3,3 В / 50 Вт ET-Q28H-3V3P050R23",Y,modulnyj-preobrazovatel-dc-dc-irtysh-3-3-v-50-vt-et-q28h-3v3p050r23,30100,,html,ET-Q.jpg,,html,ET-Q.jpg,ЭКБ ТЕСТ,DC/DC,ET-Q28,ET-Q28H-3V3P050R23,"""28"" (9..36)","3,3",1/4 brick,"57,9","36,8","12,7","""H""  (-40..100)",50,"15,2",,ET-Q28.pdf,proizvodstvo-preobrazovatelej-napryazheniya_327####proizvodstvo-preobrazovatelej-napryazheniya_468,"Модульный преобразователь DC/DC Иртыш 3,3 В / 50 Вт ET-Q28H-3V3P050R23","Модульный преобразователь DC/DC Иртыш 3,3 В / 50 Вт ET-Q28H-3V3P050R23⚡Серия «ИРТЫШ»®⚡DC/DC модульные преобразователи ✔ полная «PIN-TO-PIN» совместимость с продукцией VICOR⚡Производство преобразователей напряжения ЭКБ ТЕСТ",ЭКБ ТЕСТ — надёжный партнёр для вашего бизнеса. Комплексные решения в микроэлектронике. Адекватные цены на производство преобразователей. Разумные сроки. Индивидуальный подход.,Модульные преобразователи ИРТЫШ,modulnye-preobrazovateli-irtysh,proizvodstvo-preobrazovatelej-napryazheniya_section_2
proizvodstvo-preobrazovatelej-napryazheniya_301,Модульный преобразователь DC/DC Иртыш 5 В / 50 Вт ET-Q28H-05VP050R23,Y,modulnyj-preobrazovatel-dc-dc-irtysh-5-v-50-vt-et-q28h-05vp050r23,30200,,html,ET-Q.jpg,,html,ET-Q.jpg,ЭКБ ТЕСТ,DC/DC,ET-Q28,ET-Q28H-05VP050R23,"""28"" (9..36)",5,1/4 brick,"57,9","36,8","12,7","""H""  (-40..100)",50,10,,ET-Q28.pdf,proizvodstvo-preobrazovatelej-napryazheniya_327####,Модульный преобразователь DC/DC Иртыш 5 В / 50 Вт ET-Q28H-05VP050R23,Модульный преобразователь DC/DC Иртыш 5 В / 50 Вт ET-Q28H-05VP050R23⚡Серия «ИРТЫШ»®⚡DC/DC модульные преобразователи ✔ полная «PIN-TO-PIN» совместимость с продукцией VICOR⚡Производство преобразователей напряжения ЭКБ ТЕСТ,ЭКБ ТЕСТ — надёжный партнёр для вашего бизнеса. Комплексные решения в микроэлектронике. Адекватные цены на производство преобразователей. Разумные сроки. Индивидуальный подход.,Модульные преобразователи ИРТЫШ,modulnye-preobrazovateli-irtysh,proizvodstvo-preobrazovatelej-napryazheniya_section_2
proizvodstvo-preobrazovatelej-napryazheniya_302,Модульный преобразователь DC/DC Иртыш 12 В / 100 Вт ET-Q28H-12VP100R23,Y,modulnyj-preobrazovatel-dc-dc-irtysh-12-v-100-vt-et-q28h-12vp100r23,30300,,html,ET-Q.jpg,,html,ET-Q.jpg,ЭКБ ТЕСТ,DC/DC,ET-Q28,ET-Q28H-12VP100R23,"""28"" (9..36)",12,1/4 brick,"57,9","36,8","12,7","""H""  (-40..100)",100,"8,3",,ET-Q28.pdf,proizvodstvo-preobrazovatelej-napryazheniya_327####proizvodstvo-preobrazovatelej-napryazheniya_470,Модульный преобразователь DC/DC Иртыш 12 В / 100 Вт ET-Q28H-12VP100R23,Модульный преобразователь DC/DC Иртыш 12 В / 100 Вт ET-Q28H-12VP100R23⚡Серия «ИРТЫШ»®⚡DC/DC модульные преобразователи ✔ полная «PIN-TO-PIN» совместимость с продукцией VICOR⚡Производство преобразователей напряжения ЭКБ ТЕСТ,ЭКБ ТЕСТ — надёжный партнёр для вашего бизнеса. Комплексные решения в микроэлектронике. Адекватные цены на производство преобразователей. Разумные сроки. Индивидуальный подход.,Модульные преобразователи ИРТЫШ,modulnye-preobrazovateli-irtysh,proizvodstvo-preobrazovatelej-napryazheniya_section_2
proizvodstvo-preobrazovatelej-napryazheniya_303,Модульный преобразователь DC/DC Иртыш 15 В / 100 Вт ET-Q28H-15VP100R23,Y,modulnyj-preobrazovatel-dc-dc-irtysh-15-v-100-vt-et-q28h-15vp100r23,30400,,html,ET-Q.jpg,,html,ET-Q.jpg,ЭКБ ТЕСТ,DC/DC,ET-Q28,ET-Q28H-15VP100R23,"""28"" (9..36)",15,1/4 brick,"57,9","36,8","12,7","""H""  (-40..100)",100,"6,7",,ET-Q28.pdf,proizvodstvo-preobrazovatelej-napryazheniya_327####proizvodstvo-preobrazovatelej-napryazheniya_471,Модульный преобразователь DC/DC Иртыш 15 В / 100 Вт ET-Q28H-15VP100R23,Модульный преобразователь DC/DC Иртыш 15 В / 100 Вт ET-Q28H-15VP100R23⚡Серия «ИРТЫШ»®⚡DC/DC модульные преобразователи ✔ полная «PIN-TO-PIN» совместимость с продукцией VICOR⚡Производство преобразователей напряжения ЭКБ ТЕСТ,ЭКБ ТЕСТ — надёжный партнёр для вашего бизнеса. Комплексные решения в микроэлектронике. Адекватные цены на производство преобразователей. Разумные сроки. Индивидуальный подход.,Модульные преобразователи ИРТЫШ,modulnye-preobrazovateli-irtysh,proizvodstvo-preobrazovatelej-napryazheniya_section_2
proizvodstvo-preobrazovatelej-napryazheniya_304,Модульный преобразователь DC/DC Иртыш 24 В / 100 Вт ET-Q28H-24VP100R23,Y,modulnyj-preobrazovatel-dc-dc-irtysh-24-v-100-vt-et-q28h-24vp100r23,30500,,html,ET-Q.jpg,,html,ET-Q.jpg,ЭКБ ТЕСТ,DC/DC,ET-Q28,ET-Q28H-24VP100R23,"""28"" (9..36)",24,1/4 brick,"57,9","36,8","12,7","""H""  (-40..100)",100,"4,2",,ET-Q28.pdf,proizvodstvo-preobrazovatelej-napryazheniya_327####proizvodstvo-preobrazovatelej-napryazheniya_472,Модульный преобразователь DC/DC Иртыш 24 В / 100 Вт ET-Q28H-24VP100R23,Модульный преобразователь DC/DC Иртыш 24 В / 100 Вт ET-Q28H-24VP100R23⚡Серия «ИРТЫШ»®⚡DC/DC модульные преобразователи ✔ полная «PIN-TO-PIN» совместимость с продукцией VICOR⚡Производство преобразователей напряжения ЭКБ ТЕСТ,ЭКБ ТЕСТ — надёжный партнёр для вашего бизнеса. Комплексные решения в микроэлектронике. Адекватные цены на производство преобразователей. Разумные сроки. Индивидуальный подход.,Модульные преобразователи ИРТЫШ,modulnye-preobrazovateli-irtysh,proizvodstvo-preobrazovatelej-napryazheniya_section_2
proizvodstvo-preobrazovatelej-napryazheniya_305,Модульный преобразователь DC/DC Иртыш 28 В / 100 Вт ET-Q28H-28VP100R23,Y,modulnyj-preobrazovatel-dc-dc-irtysh-28-v-100-vt-et-q28h-28vp100r23,30600,,html,ET-Q.jpg,,html,ET-Q.jpg,ЭКБ ТЕСТ,DC/DC,ET-Q28,ET-Q28H-28VP100R23,"""28"" (9..36)",28,1/4 brick,"57,9","36,8","12,7","""H""  (-40..100)",100,"3,6",,ET-Q28.pdf,proizvodstvo-preobrazovatelej-napryazheniya_327####proizvodstvo-preobrazovatelej-napryazheniya_473,Модульный преобразователь DC/DC Иртыш 28 В / 100 Вт ET-Q28H-28VP100R23,Модульный преобразователь DC/DC Иртыш 28 В / 100 Вт ET-Q28H-28VP100R23⚡Серия «ИРТЫШ»®⚡DC/DC модульные преобразователи ✔ полная «PIN-TO-PIN» совместимость с продукцией VICOR⚡Производство преобразователей напряжения ЭКБ ТЕСТ,ЭКБ ТЕСТ — надёжный партнёр для вашего бизнеса. Комплексные решения в микроэлектронике. Адекватные цены на производство преобразователей. Разумные сроки. Индивидуальный подход.,Модульные преобразователи ИРТЫШ,modulnye-preobrazovateli-irtysh,proizvodstvo-preobrazovatelej-napryazheniya_section_2
proizvodstvo-preobrazovatelej-napryazheniya_306,Модульный преобразователь DC/DC Иртыш 36 В / 100 Вт ET-Q28H-36VP100R23,Y,modulnyj-preobrazovatel-dc-dc-irtysh-36-v-100-vt-et-q28h-36vp100r23,30700,,html,ET-Q.jpg,,html,ET-Q.jpg,ЭКБ ТЕСТ,DC/DC,ET-Q28,ET-Q28H-36VP100R23,"""28"" (9..36)",36,1/4 brick,"57,9","36,8","12,7","""H""  (-40..100)",100,"2,8",,ET-Q28.pdf,proizvodstvo-preobrazovatelej-napryazheniya_327####proizvodstvo-preobrazovatelej-napryazheniya_474,Модульный преобразователь DC/DC Иртыш 36 В / 100 Вт ET-Q28H-36VP100R23,Модульный преобразователь DC/DC Иртыш 36 В / 100 Вт ET-Q28H-36VP100R23⚡Серия «ИРТЫШ»®⚡DC/DC модульные преобразователи ✔ полная «PIN-TO-PIN» совместимость с продукцией VICOR⚡Производство преобразователей напряжения ЭКБ ТЕСТ,ЭКБ ТЕСТ — надёжный партнёр для вашего бизнеса. Комплексные решения в микроэлектронике. Адекватные цены на производство преобразователей. Разумные сроки. Индивидуальный подход.,Модульные преобразователи ИРТЫШ,modulnye-preobrazovateli-irtysh,proizvodstvo-preobrazovatelej-napryazheniya_section_2
proizvodstvo-preobrazovatelej-napryazheniya_307,Модульный преобразователь DC/DC Иртыш 48 В / 100 Вт ET-Q28H-48VP100R23,Y,modulnyj-preobrazovatel-dc-dc-irtysh-48-v-100-vt-et-q28h-48vp100r23,30800,,html,ET-Q.jpg,,html,ET-Q.jpg,ЭКБ ТЕСТ,DC/DC,ET-Q28,ET-Q28H-48VP100R23,"""28"" (9..36)",48,1/4 brick,"57,9","36,8","12,7","""H""  (-40..100)",100,"2,1",,ET-Q28.pdf,proizvodstvo-preobrazovatelej-napryazheniya_327####proizvodstvo-preobrazovatelej-napryazheniya_475,Модульный преобразователь DC/DC Иртыш 48 В / 100 Вт ET-Q28H-48VP100R23,Модульный преобразователь DC/DC Иртыш 48 В / 100 Вт ET-Q28H-48VP100R23⚡Серия «ИРТЫШ»®⚡DC/DC модульные преобразователи ✔ полная «PIN-TO-PIN» совместимость с продукцией VICOR⚡Производство преобразователей напряжения ЭКБ ТЕСТ,ЭКБ ТЕСТ — надёжный партнёр для вашего бизнеса. Комплексные решения в микроэлектронике. Адекватные цены на производство преобразователей. Разумные сроки. Индивидуальный подход.,Модульные преобразователи ИРТЫШ,modulnye-preobrazovateli-irtysh,proizvodstvo-preobrazovatelej-napryazheniya_section_2
proizvodstvo-preobrazovatelej-napryazheniya_308,"Модульный преобразователь DC/DC Иртыш 3,3 В / 50 Вт ET-Q28M-3V3P050R23",Y,modulnyj-preobrazovatel-dc-dc-irtysh-3-3-v-50-vt-et-q28m-3v3p050r23,30900,,html,ET-Q.jpg,,html,ET-Q.jpg,ЭКБ ТЕСТ,DC/DC,ET-Q28,ET-Q28M-3V3P050R23,"""28"" (9..36)","3,3",1/4 brick,"57,9","36,8","12,7","""M""  (-55..100)",50,"15,2",,ET-Q28.pdf,proizvodstvo-preobrazovatelej-napryazheniya_327####proizvodstvo-preobrazovatelej-napryazheniya_476,"Модульный преобразователь DC/DC Иртыш 3,3 В / 50 Вт ET-Q28M-3V3P050R23","Модульный преобразователь DC/DC Иртыш 3,3 В / 50 Вт ET-Q28M-3V3P050R23⚡Серия «ИРТЫШ»®⚡DC/DC модульные преобразователи ✔ полная «PIN-TO-PIN» совместимость с продукцией VICOR⚡Производство преобразователей напряжения ЭКБ ТЕСТ",ЭКБ ТЕСТ — надёжный партнёр для вашего бизнеса. Комплексные решения в микроэлектронике. Адекватные цены на производство преобразователей. Разумные сроки. Индивидуальный подход.,Модульные преобразователи ИРТЫШ,modulnye-preobrazovateli-irtysh,proizvodstvo-preobrazovatelej-napryazheniya_section_2
proizvodstvo-preobrazovatelej-napryazheniya_309,Модульный преобразователь DC/DC Иртыш 5 В / 50 Вт ET-Q28M-05VP050R23,Y,modulnyj-preobrazovatel-dc-dc-irtysh-5-v-50-vt-et-q28m-05vp050r23,31000,,html,ET-Q.jpg,,html,ET-Q.jpg,ЭКБ ТЕСТ,DC/DC,ET-Q28,ET-Q28M-05VP050R23,"""28"" (9..36)",5,1/4 brick,"57,9","36,8","12,7","""M""  (-55..100)",50,10,,ET-Q28.pdf,proizvodstvo-preobrazovatelej-napryazheniya_327####,Модульный преобразователь DC/DC Иртыш 5 В / 50 Вт ET-Q28M-05VP050R23,Модульный преобразователь DC/DC Иртыш 5 В / 50 Вт ET-Q28M-05VP050R23⚡Серия «ИРТЫШ»®⚡DC/DC модульные преобразователи ✔ полная «PIN-TO-PIN» совместимость с продукцией VICOR⚡Производство преобразователей напряжения ЭКБ ТЕСТ,ЭКБ ТЕСТ — надёжный партнёр для вашего бизнеса. Комплексные решения в микроэлектронике. Адекватные цены на производство преобразователей. Разумные сроки. Индивидуальный подход.,Модульные преобразователи ИРТЫШ,modulnye-preobrazovateli-irtysh,proizvodstvo-preobrazovatelej-napryazheniya_section_2
proizvodstvo-preobrazovatelej-napryazheniya_310,Модульный преобразователь DC/DC Иртыш 12 В / 100 Вт ET-Q28M-12VP100R23,Y,modulnyj-preobrazovatel-dc-dc-irtysh-12-v-100-vt-et-q28m-12vp100r23,31100,,html,ET-Q.jpg,,html,ET-Q.jpg,ЭКБ ТЕСТ,DC/DC,ET-Q28,ET-Q28M-12VP100R23,"""28"" (9..36)",12,1/4 brick,"57,9","36,8","12,7","""M""  (-55..100)",100,"8,3",,ET-Q28.pdf,proizvodstvo-preobrazovatelej-napryazheniya_327####proizvodstvo-preobrazovatelej-napryazheniya_478,Модульный преобразователь DC/DC Иртыш 12 В / 100 Вт ET-Q28M-12VP100R23,Модульный преобразователь DC/DC Иртыш 12 В / 100 Вт ET-Q28M-12VP100R23⚡Серия «ИРТЫШ»®⚡DC/DC модульные преобразователи ✔ полная «PIN-TO-PIN» совместимость с продукцией VICOR⚡Производство преобразователей напряжения ЭКБ ТЕСТ,ЭКБ ТЕСТ — надёжный партнёр для вашего бизнеса. Комплексные решения в микроэлектронике. Адекватные цены на производство преобразователей. Разумные сроки. Индивидуальный подход.,Модульные преобразователи ИРТЫШ,modulnye-preobrazovateli-irtysh,proizvodstvo-preobrazovatelej-napryazheniya_section_2
proizvodstvo-preobrazovatelej-napryazheniya_311,Модульный преобразователь DC/DC Иртыш 15 В / 100 Вт ET-Q28M-15VP100R23,Y,modulnyj-preobrazovatel-dc-dc-irtysh-15-v-100-vt-et-q28m-15vp100r23,31200,,html,ET-Q.jpg,,html,ET-Q.jpg,ЭКБ ТЕСТ,DC/DC,ET-Q28,ET-Q28M-15VP100R23,"""28"" (9..36)",15,1/4 brick,"57,9","36,8","12,7","""M""  (-55..100)",100,"6,7",,ET-Q28.pdf,proizvodstvo-preobrazovatelej-napryazheniya_327####proizvodstvo-preobrazovatelej-napryazheniya_479,Модульный преобразователь DC/DC Иртыш 15 В / 100 Вт ET-Q28M-15VP100R23,Модульный преобразователь DC/DC Иртыш 15 В / 100 Вт ET-Q28M-15VP100R23⚡Серия «ИРТЫШ»®⚡DC/DC модульные преобразователи ✔ полная «PIN-TO-PIN» совместимость с продукцией VICOR⚡Производство преобразователей напряжения ЭКБ ТЕСТ,ЭКБ ТЕСТ — надёжный партнёр для вашего бизнеса. Комплексные решения в микроэлектронике. Адекватные цены на производство преобразователей. Разумные сроки. Индивидуальный подход.,Модульные преобразователи ИРТЫШ,modulnye-preobrazovateli-irtysh,proizvodstvo-preobrazovatelej-napryazheniya_section_2
proizvodstvo-preobrazovatelej-napryazheniya_312,Модульный преобразователь DC/DC Иртыш 24 В / 100 Вт ET-Q28M-24VP100R23,Y,modulnyj-preobrazovatel-dc-dc-irtysh-24-v-100-vt-et-q28m-24vp100r23,31300,,html,ET-Q.jpg,,html,ET-Q.jpg,ЭКБ ТЕСТ,DC/DC,ET-Q28,ET-Q28M-24VP100R23,"""28"" (9..36)",24,1/4 brick,"57,9","36,8","12,7","""M""  (-55..100)",100,"4,2",,ET-Q28.pdf,proizvodstvo-preobrazovatelej-napryazheniya_327####proizvodstvo-preobrazovatelej-napryazheniya_480,Модульный преобразователь DC/DC Иртыш 24 В / 100 Вт ET-Q28M-24VP100R23,Модульный преобразователь DC/DC Иртыш 24 В / 100 Вт ET-Q28M-24VP100R23⚡Серия «ИРТЫШ»®⚡DC/DC модульные преобразователи ✔ полная «PIN-TO-PIN» совместимость с продукцией VICOR⚡Производство преобразователей напряжения ЭКБ ТЕСТ,ЭКБ ТЕСТ — надёжный партнёр для вашего бизнеса. Комплексные решения в микроэлектронике. Адекватные цены на производство преобразователей. Разумные сроки. Индивидуальный подход.,Модульные преобразователи ИРТЫШ,modulnye-preobrazovateli-irtysh,proizvodstvo-preobrazovatelej-napryazheniya_section_2
proizvodstvo-preobrazovatelej-napryazheniya_313,Модульный преобразователь DC/DC Иртыш 28 В / 100 Вт ET-Q28M-28VP100R23,Y,modulnyj-preobrazovatel-dc-dc-irtysh-28-v-100-vt-et-q28m-28vp100r23,31400,,html,ET-Q.jpg,,html,ET-Q.jpg,ЭКБ ТЕСТ,DC/DC,ET-Q28,ET-Q28M-28VP100R23,"""28"" (9..36)",28,1/4 brick,"57,9","36,8","12,7","""M""  (-55..100)",100,"3,6",,ET-Q28.pdf,proizvodstvo-preobrazovatelej-napryazheniya_327####proizvodstvo-preobrazovatelej-napryazheniya_481,Модульный преобразователь DC/DC Иртыш 28 В / 100 Вт ET-Q28M-28VP100R23,Модульный преобразователь DC/DC Иртыш 28 В / 100 Вт ET-Q28M-28VP100R23⚡Серия «ИРТЫШ»®⚡DC/DC модульные преобразователи ✔ полная «PIN-TO-PIN» совместимость с продукцией VICOR⚡Производство преобразователей напряжения ЭКБ ТЕСТ,ЭКБ ТЕСТ — надёжный партнёр для вашего бизнеса. Комплексные решения в микроэлектронике. Адекватные цены на производство преобразователей. Разумные сроки. Индивидуальный подход.,Модульные преобразователи ИРТЫШ,modulnye-preobrazovateli-irtysh,proizvodstvo-preobrazovatelej-napryazheniya_section_2
proizvodstvo-preobrazovatelej-napryazheniya_314,Модульный преобразователь DC/DC Иртыш 36 В / 100 Вт ET-Q28M-36VP100R23,Y,modulnyj-preobrazovatel-dc-dc-irtysh-36-v-100-vt-et-q28m-36vp100r23,31500,,html,ET-Q.jpg,,html,ET-Q.jpg,ЭКБ ТЕСТ,DC/DC,ET-Q28,ET-Q28M-36VP100R23,"""28"" (9..36)",36,1/4 brick,"57,9","36,8","12,7","""M""  (-55..100)",100,"2,8",,ET-Q28.pdf,proizvodstvo-preobrazovatelej-napryazheniya_327####proizvodstvo-preobrazovatelej-napryazheniya_482,Модульный преобразователь DC/DC Иртыш 36 В / 100 Вт ET-Q28M-36VP100R23,Модульный преобразователь DC/DC Иртыш 36 В / 100 Вт ET-Q28M-36VP100R23⚡Серия «ИРТЫШ»®⚡DC/DC модульные преобразователи ✔ полная «PIN-TO-PIN» совместимость с продукцией VICOR⚡Производство преобразователей напряжения ЭКБ ТЕСТ,ЭКБ ТЕСТ — надёжный партнёр для вашего бизнеса. Комплексные решения в микроэлектронике. Адекватные цены на производство преобразователей. Разумные сроки. Индивидуальный подход.,Модульные преобразователи ИРТЫШ,modulnye-preobrazovateli-irtysh,proizvodstvo-preobrazovatelej-napryazheniya_section_2
proizvodstvo-preobrazovatelej-napryazheniya_315,Модульный преобразователь DC/DC Иртыш 48 В / 100 Вт ET-Q28M-48VP100R23,Y,modulnyj-preobrazovatel-dc-dc-irtysh-48-v-100-vt-et-q28m-48vp100r23,31600,,html,ET-Q.jpg,,html,ET-Q.jpg,ЭКБ ТЕСТ,DC/DC,ET-Q28,ET-Q28M-48VP100R23,"""28"" (9..36)",48,1/4 brick,"57,9","36,8","12,7","""M""  (-55..100)",100,"2,1",,ET-Q28.pdf,proizvodstvo-preobrazovatelej-napryazheniya_327####proizvodstvo-preobrazovatelej-napryazheniya_483,Модульный преобразователь DC/DC Иртыш 48 В / 100 Вт ET-Q28M-48VP100R23,Модульный преобразователь DC/DC Иртыш 48 В / 100 Вт ET-Q28M-48VP100R23⚡Серия «ИРТЫШ»®⚡DC/DC модульные преобразователи ✔ полная «PIN-TO-PIN» совместимость с продукцией VICOR⚡Производство преобразователей напряжения ЭКБ ТЕСТ,ЭКБ ТЕСТ — надёжный партнёр для вашего бизнеса. Комплексные решения в микроэлектронике. Адекватные цены на производство преобразователей. Разумные сроки. Индивидуальный подход.,Модульные преобразователи ИРТЫШ,modulnye-preobrazovateli-irtysh,proizvodstvo-preobrazovatelej-napryazheniya_section_2
proizvodstvo-preobrazovatelej-napryazheniya_316,"Vicor, серия V300 maxi",Y,vicor-V300-maxi,31700,<p>«ЭКБ ТЕСТ» — надёжный партнёр для вашего бизнеса. Комплексные решения в микроэлектронике. Адекватные цены на производство модульных преобразователей «ИРТЫШ»®. Полная «PIN-TO-PIN» совместимость с продукцией VICOR. Разумные сроки. Индивидуальный подход.</p>,html,,<p>«ЭКБ ТЕСТ» — надёжный партнёр для вашего бизнеса. Комплексные решения в микроэлектронике. Адекватные цены на производство модульных преобразователей «ИРТЫШ»®. Полная «PIN-TO-PIN» совместимость с продукцией VICOR. Разумные сроки. Индивидуальный подход.</p>,html,,Vicor,,V300 maxi,V300 maxi,,,,,,,,,,,,proizvodstvo-preobrazovatelej-napryazheniya_1####proizvodstvo-preobrazovatelej-napryazheniya_2####proizvodstvo-preobrazovatelej-napryazheniya_3####proizvodstvo-preobrazovatelej-napryazheniya_4####proizvodstvo-preobrazovatelej-napryazheniya_5####proizvodstvo-preobrazovatelej-napryazheniya_6####proizvodstvo-preobrazovatelej-napryazheniya_7####proizvodstvo-preobrazovatelej-napryazheniya_8####proizvodstvo-preobrazovatelej-napryazheniya_9####proizvodstvo-preobrazovatelej-napryazheniya_10####proizvodstvo-preobrazovatelej-napryazheniya_11####proizvodstvo-preobrazovatelej-napryazheniya_12####proizvodstvo-preobrazovatelej-napryazheniya_13####proizvodstvo-preobrazovatelej-napryazheniya_14####proizvodstvo-preobrazovatelej-napryazheniya_15####proizvodstvo-preobrazovatelej-napryazheniya_16####proizvodstvo-preobrazovatelej-napryazheniya_17####proizvodstvo-preobrazovatelej-napryazheniya_18####proizvodstvo-preobrazovatelej-napryazheniya_19####proizvodstvo-preobrazovatelej-napryazheniya_20####proizvodstvo-preobrazovatelej-napryazheniya_21####proizvodstvo-preobrazovatelej-napryazheniya_22####proizvodstvo-preobrazovatelej-napryazheniya_23####proizvodstvo-preobrazovatelej-napryazheniya_24####proizvodstvo-preobrazovatelej-napryazheniya_25####proizvodstvo-preobrazovatelej-napryazheniya_26####proizvodstvo-preobrazovatelej-napryazheniya_27,,,ЭКБ ТЕСТ — надёжный партнёр для вашего бизнеса. Комплексные решения в микроэлектронике. Адекватные цены на производство преобразователей. Разумные сроки. Индивидуальный подход.,Полные pin-to-pin замены преобразователей Vicor,preobrazovateli-vicor,proizvodstvo-preobrazovatelej-napryazheniya_section_3
proizvodstvo-preobrazovatelej-napryazheniya_317,"Vicor, серия V300 mini",Y,vicor-V300-mini,31800,<p>«ЭКБ ТЕСТ» — надёжный партнёр для вашего бизнеса. Комплексные решения в микроэлектронике. Адекватные цены на производство модульных преобразователей «ИРТЫШ»®. Полная «PIN-TO-PIN» совместимость с продукцией VICOR. Разумные сроки. Индивидуальный подход.</p>,html,,<p>«ЭКБ ТЕСТ» — надёжный партнёр для вашего бизнеса. Комплексные решения в микроэлектронике. Адекватные цены на производство модульных преобразователей «ИРТЫШ»®. Полная «PIN-TO-PIN» совместимость с продукцией VICOR. Разумные сроки. Индивидуальный подход.</p>,html,,Vicor,,V300 mini,V300 mini,,,,,,,,,,,,proizvodstvo-preobrazovatelej-napryazheniya_28####proizvodstvo-preobrazovatelej-napryazheniya_29####proizvodstvo-preobrazovatelej-napryazheniya_30####proizvodstvo-preobrazovatelej-napryazheniya_31####proizvodstvo-preobrazovatelej-napryazheniya_32####proizvodstvo-preobrazovatelej-napryazheniya_33####proizvodstvo-preobrazovatelej-napryazheniya_34####proizvodstvo-preobrazovatelej-napryazheniya_35####proizvodstvo-preobrazovatelej-napryazheniya_36####proizvodstvo-preobrazovatelej-napryazheniya_37####proizvodstvo-preobrazovatelej-napryazheniya_38####proizvodstvo-preobrazovatelej-napryazheniya_39####proizvodstvo-preobrazovatelej-napryazheniya_40####proizvodstvo-preobrazovatelej-napryazheniya_41####proizvodstvo-preobrazovatelej-napryazheniya_42####proizvodstvo-preobrazovatelej-napryazheniya_43####proizvodstvo-preobrazovatelej-napryazheniya_44####proizvodstvo-preobrazovatelej-napryazheniya_45####proizvodstvo-preobrazovatelej-napryazheniya_46####proizvodstvo-preobrazovatelej-napryazheniya_47####proizvodstvo-preobrazovatelej-napryazheniya_48####proizvodstvo-preobrazovatelej-napryazheniya_49####proizvodstvo-preobrazovatelej-napryazheniya_50####proizvodstvo-preobrazovatelej-napryazheniya_51####proizvodstvo-preobrazovatelej-napryazheniya_52####proizvodstvo-preobrazovatelej-napryazheniya_53####proizvodstvo-preobrazovatelej-napryazheniya_54,,,ЭКБ ТЕСТ — надёжный партнёр для вашего бизнеса. Комплексные решения в микроэлектронике. Адекватные цены на производство преобразователей. Разумные сроки. Индивидуальный подход.,Полные pin-to-pin замены преобразователей Vicor,preobrazovateli-vicor,proizvodstvo-preobrazovatelej-napryazheniya_section_3
proizvodstvo-preobrazovatelej-napryazheniya_318,"Vicor, серия V300 micro",Y,vicor-V300-micro,31900,<p>«ЭКБ ТЕСТ» — надёжный партнёр для вашего бизнеса. Комплексные решения в микроэлектронике. Адекватные цены на производство модульных преобразователей «ИРТЫШ»®. Полная «PIN-TO-PIN» совместимость с продукцией VICOR. Разумные сроки. Индивидуальный подход.</p>,html,,<p>«ЭКБ ТЕСТ» — надёжный партнёр для вашего бизнеса. Комплексные решения в микроэлектронике. Адекватные цены на производство модульных преобразователей «ИРТЫШ»®. Полная «PIN-TO-PIN» совместимость с продукцией VICOR. Разумные сроки. Индивидуальный подход.</p>,html,,Vicor,,V300 micro,V300 micro,,,,,,,,,,,,proizvodstvo-preobrazovatelej-napryazheniya_55####proizvodstvo-preobrazovatelej-napryazheniya_56####proizvodstvo-preobrazovatelej-napryazheniya_57####proizvodstvo-preobrazovatelej-napryazheniya_58####proizvodstvo-preobrazovatelej-napryazheniya_59####proizvodstvo-preobrazovatelej-napryazheniya_60####proizvodstvo-preobrazovatelej-napryazheniya_61####proizvodstvo-preobrazovatelej-napryazheniya_62####proizvodstvo-preobrazovatelej-napryazheniya_63####proizvodstvo-preobrazovatelej-napryazheniya_64####proizvodstvo-preobrazovatelej-napryazheniya_65####proizvodstvo-preobrazovatelej-napryazheniya_66####proizvodstvo-preobrazovatelej-napryazheniya_67####proizvodstvo-preobrazovatelej-napryazheniya_68####proizvodstvo-preobrazovatelej-napryazheniya_69####proizvodstvo-preobrazovatelej-napryazheniya_70####proizvodstvo-preobrazovatelej-napryazheniya_71####proizvodstvo-preobrazovatelej-napryazheniya_72####proizvodstvo-preobrazovatelej-napryazheniya_73####proizvodstvo-preobrazovatelej-napryazheniya_74####proizvodstvo-preobrazovatelej-napryazheniya_75####proizvodstvo-preobrazovatelej-napryazheniya_76####proizvodstvo-preobrazovatelej-napryazheniya_77####proizvodstvo-preobrazovatelej-napryazheniya_78####proizvodstvo-preobrazovatelej-napryazheniya_79####proizvodstvo-preobrazovatelej-napryazheniya_80####proizvodstvo-preobrazovatelej-napryazheniya_81,,,ЭКБ ТЕСТ — надёжный партнёр для вашего бизнеса. Комплексные решения в микроэлектронике. Адекватные цены на производство преобразователей. Разумные сроки. Индивидуальный подход.,Полные pin-to-pin замены преобразователей Vicor,preobrazovateli-vicor,proizvodstvo-preobrazovatelej-napryazheniya_section_3
proizvodstvo-preobrazovatelej-napryazheniya_319,"Vicor, серия V375 maxi",Y,vicor-V375-maxi,32000,<p>«ЭКБ ТЕСТ» — надёжный партнёр для вашего бизнеса. Комплексные решения в микроэлектронике. Адекватные цены на производство модульных преобразователей «ИРТЫШ»®. Полная «PIN-TO-PIN» совместимость с продукцией VICOR. Разумные сроки. Индивидуальный подход.</p>,html,,<p>«ЭКБ ТЕСТ» — надёжный партнёр для вашего бизнеса. Комплексные решения в микроэлектронике. Адекватные цены на производство модульных преобразователей «ИРТЫШ»®. Полная «PIN-TO-PIN» совместимость с продукцией VICOR. Разумные сроки. Индивидуальный подход.</p>,html,,Vicor,,V375 maxi,V375 maxi,,,,,,,,,,,,proizvodstvo-preobrazovatelej-napryazheniya_82####proizvodstvo-preobrazovatelej-napryazheniya_83####proizvodstvo-preobrazovatelej-napryazheniya_84####proizvodstvo-preobrazovatelej-napryazheniya_85####proizvodstvo-preobrazovatelej-napryazheniya_86####proizvodstvo-preobrazovatelej-napryazheniya_87####proizvodstvo-preobrazovatelej-napryazheniya_88####proizvodstvo-preobrazovatelej-napryazheniya_89####proizvodstvo-preobrazovatelej-napryazheniya_90####proizvodstvo-preobrazovatelej-napryazheniya_91####proizvodstvo-preobrazovatelej-napryazheniya_92####proizvodstvo-preobrazovatelej-napryazheniya_93####proizvodstvo-preobrazovatelej-napryazheniya_94####proizvodstvo-preobrazovatelej-napryazheniya_95####proizvodstvo-preobrazovatelej-napryazheniya_96####proizvodstvo-preobrazovatelej-napryazheniya_97####proizvodstvo-preobrazovatelej-napryazheniya_98####proizvodstvo-preobrazovatelej-napryazheniya_99####proizvodstvo-preobrazovatelej-napryazheniya_100####proizvodstvo-preobrazovatelej-napryazheniya_101####proizvodstvo-preobrazovatelej-napryazheniya_102####proizvodstvo-preobrazovatelej-napryazheniya_103####proizvodstvo-preobrazovatelej-napryazheniya_104####proizvodstvo-preobrazovatelej-napryazheniya_105####proizvodstvo-preobrazovatelej-napryazheniya_106####proizvodstvo-preobrazovatelej-napryazheniya_107####proizvodstvo-preobrazovatelej-napryazheniya_108,,,ЭКБ ТЕСТ — надёжный партнёр для вашего бизнеса. Комплексные решения в микроэлектронике. Адекватные цены на производство преобразователей. Разумные сроки. Индивидуальный подход.,Полные pin-to-pin замены преобразователей Vicor,preobrazovateli-vicor,proizvodstvo-preobrazovatelej-napryazheniya_section_3
proizvodstvo-preobrazovatelej-napryazheniya_320,"Vicor, серия V375 mini",Y,vicor-V375-mini,32100,<p>«ЭКБ ТЕСТ» — надёжный партнёр для вашего бизнеса. Комплексные решения в микроэлектронике. Адекватные цены на производство модульных преобразователей «ИРТЫШ»®. Полная «PIN-TO-PIN» совместимость с продукцией VICOR. Разумные сроки. Индивидуальный подход.</p>,html,,<p>«ЭКБ ТЕСТ» — надёжный партнёр для вашего бизнеса. Комплексные решения в микроэлектронике. Адекватные цены на производство модульных преобразователей «ИРТЫШ»®. Полная «PIN-TO-PIN» совместимость с продукцией VICOR. Разумные сроки. Индивидуальный подход.</p>,html,,Vicor,,V375 mini,V375 mini,,,,,,,,,,,,proizvodstvo-preobrazovatelej-napryazheniya_109####proizvodstvo-preobrazovatelej-napryazheniya_110####proizvodstvo-preobrazovatelej-napryazheniya_111####proizvodstvo-preobrazovatelej-napryazheniya_112####proizvodstvo-preobrazovatelej-napryazheniya_113####proizvodstvo-preobrazovatelej-napryazheniya_114####proizvodstvo-preobrazovatelej-napryazheniya_115####proizvodstvo-preobrazovatelej-napryazheniya_116####proizvodstvo-preobrazovatelej-napryazheniya_117####proizvodstvo-preobrazovatelej-napryazheniya_118####proizvodstvo-preobrazovatelej-napryazheniya_119####proizvodstvo-preobrazovatelej-napryazheniya_120####proizvodstvo-preobrazovatelej-napryazheniya_121####proizvodstvo-preobrazovatelej-napryazheniya_122####proizvodstvo-preobrazovatelej-napryazheniya_123####proizvodstvo-preobrazovatelej-napryazheniya_124####proizvodstvo-preobrazovatelej-napryazheniya_125####proizvodstvo-preobrazovatelej-napryazheniya_126####proizvodstvo-preobrazovatelej-napryazheniya_127####proizvodstvo-preobrazovatelej-napryazheniya_128####proizvodstvo-preobrazovatelej-napryazheniya_129####proizvodstvo-preobrazovatelej-napryazheniya_130####proizvodstvo-preobrazovatelej-napryazheniya_131####proizvodstvo-preobrazovatelej-napryazheniya_132####proizvodstvo-preobrazovatelej-napryazheniya_133####proizvodstvo-preobrazovatelej-napryazheniya_134####proizvodstvo-preobrazovatelej-napryazheniya_135,,,ЭКБ ТЕСТ — надёжный партнёр для вашего бизнеса. Комплексные решения в микроэлектронике. Адекватные цены на производство преобразователей. Разумные сроки. Индивидуальный подход.,Полные pin-to-pin замены преобразователей Vicor,preobrazovateli-vicor,proizvodstvo-preobrazovatelej-napryazheniya_section_3
proizvodstvo-preobrazovatelej-napryazheniya_321,"Vicor, серия V375 micro",Y,vicor-V375-micro,32200,<p>«ЭКБ ТЕСТ» — надёжный партнёр для вашего бизнеса. Комплексные решения в микроэлектронике. Адекватные цены на производство модульных преобразователей «ИРТЫШ»®. Полная «PIN-TO-PIN» совместимость с продукцией VICOR. Разумные сроки. Индивидуальный подход.</p>,html,,<p>«ЭКБ ТЕСТ» — надёжный партнёр для вашего бизнеса. Комплексные решения в микроэлектронике. Адекватные цены на производство модульных преобразователей «ИРТЫШ»®. Полная «PIN-TO-PIN» совместимость с продукцией VICOR. Разумные сроки. Индивидуальный подход.</p>,html,,Vicor,,V375 micro,V375 micro,,,,,,,,,,,,proizvodstvo-preobrazovatelej-napryazheniya_136####proizvodstvo-preobrazovatelej-napryazheniya_137####proizvodstvo-preobrazovatelej-napryazheniya_138####proizvodstvo-preobrazovatelej-napryazheniya_139####proizvodstvo-preobrazovatelej-napryazheniya_140####proizvodstvo-preobrazovatelej-napryazheniya_141####proizvodstvo-preobrazovatelej-napryazheniya_142####proizvodstvo-preobrazovatelej-napryazheniya_143####proizvodstvo-preobrazovatelej-napryazheniya_144####proizvodstvo-preobrazovatelej-napryazheniya_145####proizvodstvo-preobrazovatelej-napryazheniya_146####proizvodstvo-preobrazovatelej-napryazheniya_147####proizvodstvo-preobrazovatelej-napryazheniya_148####proizvodstvo-preobrazovatelej-napryazheniya_149####proizvodstvo-preobrazovatelej-napryazheniya_150####proizvodstvo-preobrazovatelej-napryazheniya_151####proizvodstvo-preobrazovatelej-napryazheniya_152####proizvodstvo-preobrazovatelej-napryazheniya_153####proizvodstvo-preobrazovatelej-napryazheniya_154####proizvodstvo-preobrazovatelej-napryazheniya_155####proizvodstvo-preobrazovatelej-napryazheniya_156####proizvodstvo-preobrazovatelej-napryazheniya_157####proizvodstvo-preobrazovatelej-napryazheniya_158####proizvodstvo-preobrazovatelej-napryazheniya_159####proizvodstvo-preobrazovatelej-napryazheniya_160####proizvodstvo-preobrazovatelej-napryazheniya_161####proizvodstvo-preobrazovatelej-napryazheniya_162,,,ЭКБ ТЕСТ — надёжный партнёр для вашего бизнеса. Комплексные решения в микроэлектронике. Адекватные цены на производство преобразователей. Разумные сроки. Индивидуальный подход.,Полные pin-to-pin замены преобразователей Vicor,preobrazovateli-vicor,proizvodstvo-preobrazovatelej-napryazheniya_section_3
proizvodstvo-preobrazovatelej-napryazheniya_322,"Vicor, серия V24 maxi",Y,vicor-V24-maxi,32300,<p>«ЭКБ ТЕСТ» — надёжный партнёр для вашего бизнеса. Комплексные решения в микроэлектронике. Адекватные цены на производство модульных преобразователей «ИРТЫШ»®. Полная «PIN-TO-PIN» совместимость с продукцией VICOR. Разумные сроки. Индивидуальный подход.</p>,html,,<p>«ЭКБ ТЕСТ» — надёжный партнёр для вашего бизнеса. Комплексные решения в микроэлектронике. Адекватные цены на производство модульных преобразователей «ИРТЫШ»®. Полная «PIN-TO-PIN» совместимость с продукцией VICOR. Разумные сроки. Индивидуальный подход.</p>,html,,Vicor,,V24 maxi,V24 maxi,,,,,,,,,,,,ET-F24C-3V3P264R23####proizvodstvo-preobrazovatelej-napryazheniya_164####ET-F24C-08VP400R23####ET-F24C-12VP500R23####ET-F24C-15VP500R23####ET-F24C-24VP500R23####ET-F24C-28VP500R23####ET-F24C-36VP500R23####ET-F24C-48VP500R23####proizvodstvo-preobrazovatelej-napryazheniya_484####ET-F24H-05VP300R23####ET-F24H-08VP400R23####ET-F24H-12VP500R23####ET-F24H-15VP500R23####ET-F24H-24VP500R23####ET-F24H-28VP500R23####ET-F24H-36VP500R23####ET-F24H-48VP500R23####proizvodstvo-preobrazovatelej-napryazheniya_181####ET-F24M-05VP300R23####ET-F24M-08VP400R23####proizvodstvo-preobrazovatelej-napryazheniya_184####proizvodstvo-preobrazovatelej-napryazheniya_185####proizvodstvo-preobrazovatelej-napryazheniya_186####proizvodstvo-preobrazovatelej-napryazheniya_187####proizvodstvo-preobrazovatelej-napryazheniya_188####proizvodstvo-preobrazovatelej-napryazheniya_189,,,ЭКБ ТЕСТ — надёжный партнёр для вашего бизнеса. Комплексные решения в микроэлектронике. Адекватные цены на производство преобразователей. Разумные сроки. Индивидуальный подход.,Полные pin-to-pin замены преобразователей Vicor,preobrazovateli-vicor,proizvodstvo-preobrazovatelej-napryazheniya_section_3
proizvodstvo-preobrazovatelej-napryazheniya_323,"Vicor, серия V24 mini",Y,vicor-V24-mini,32400,<p>«ЭКБ ТЕСТ» — надёжный партнёр для вашего бизнеса. Комплексные решения в микроэлектронике. Адекватные цены на производство модульных преобразователей «ИРТЫШ»®. Полная «PIN-TO-PIN» совместимость с продукцией VICOR. Разумные сроки. Индивидуальный подход.</p>,html,,<p>«ЭКБ ТЕСТ» — надёжный партнёр для вашего бизнеса. Комплексные решения в микроэлектронике. Адекватные цены на производство модульных преобразователей «ИРТЫШ»®. Полная «PIN-TO-PIN» совместимость с продукцией VICOR. Разумные сроки. Индивидуальный подход.</p>,html,,Vicor,,V24 mini,V24 mini,,,,,,,,,,,,proizvodstvo-preobrazovatelej-napryazheniya_190####proizvodstvo-preobrazovatelej-napryazheniya_191####proizvodstvo-preobrazovatelej-napryazheniya_192####proizvodstvo-preobrazovatelej-napryazheniya_193####proizvodstvo-preobrazovatelej-napryazheniya_194####proizvodstvo-preobrazovatelej-napryazheniya_195####proizvodstvo-preobrazovatelej-napryazheniya_196####proizvodstvo-preobrazovatelej-napryazheniya_197####proizvodstvo-preobrazovatelej-napryazheniya_198####proizvodstvo-preobrazovatelej-napryazheniya_199####proizvodstvo-preobrazovatelej-napryazheniya_200####proizvodstvo-preobrazovatelej-napryazheniya_201####proizvodstvo-preobrazovatelej-napryazheniya_202####proizvodstvo-preobrazovatelej-napryazheniya_203####proizvodstvo-preobrazovatelej-napryazheniya_204####proizvodstvo-preobrazovatelej-napryazheniya_205####proizvodstvo-preobrazovatelej-napryazheniya_206####proizvodstvo-preobrazovatelej-napryazheniya_207####proizvodstvo-preobrazovatelej-napryazheniya_208####proizvodstvo-preobrazovatelej-napryazheniya_209####proizvodstvo-preobrazovatelej-napryazheniya_210####proizvodstvo-preobrazovatelej-napryazheniya_211####proizvodstvo-preobrazovatelej-napryazheniya_212####proizvodstvo-preobrazovatelej-napryazheniya_213####proizvodstvo-preobrazovatelej-napryazheniya_214####proizvodstvo-preobrazovatelej-napryazheniya_215####proizvodstvo-preobrazovatelej-napryazheniya_216,,,ЭКБ ТЕСТ — надёжный партнёр для вашего бизнеса. Комплексные решения в микроэлектронике. Адекватные цены на производство преобразователей. Разумные сроки. Индивидуальный подход.,Полные pin-to-pin замены преобразователей Vicor,preobrazovateli-vicor,proizvodstvo-preobrazovatelej-napryazheniya_section_3
proizvodstvo-preobrazovatelej-napryazheniya_324,"Vicor, серия V24 micro",Y,vicor-V24-micro,32500,<p>«ЭКБ ТЕСТ» — надёжный партнёр для вашего бизнеса. Комплексные решения в микроэлектронике. Адекватные цены на производство модульных преобразователей «ИРТЫШ»®. Полная «PIN-TO-PIN» совместимость с продукцией VICOR. Разумные сроки. Индивидуальный подход.</p>,html,,<p>«ЭКБ ТЕСТ» — надёжный партнёр для вашего бизнеса. Комплексные решения в микроэлектронике. Адекватные цены на производство модульных преобразователей «ИРТЫШ»®. Полная «PIN-TO-PIN» совместимость с продукцией VICOR. Разумные сроки. Индивидуальный подход.</p>,html,,Vicor,,V24 micro,V24 micro,,,,,,,,,,,,proizvodstvo-preobrazovatelej-napryazheniya_217####proizvodstvo-preobrazovatelej-napryazheniya_218####proizvodstvo-preobrazovatelej-napryazheniya_219####proizvodstvo-preobrazovatelej-napryazheniya_220####proizvodstvo-preobrazovatelej-napryazheniya_221####proizvodstvo-preobrazovatelej-napryazheniya_222####proizvodstvo-preobrazovatelej-napryazheniya_223####proizvodstvo-preobrazovatelej-napryazheniya_224####proizvodstvo-preobrazovatelej-napryazheniya_225####proizvodstvo-preobrazovatelej-napryazheniya_226####proizvodstvo-preobrazovatelej-napryazheniya_227####proizvodstvo-preobrazovatelej-napryazheniya_228####proizvodstvo-preobrazovatelej-napryazheniya_229####proizvodstvo-preobrazovatelej-napryazheniya_230####proizvodstvo-preobrazovatelej-napryazheniya_231####proizvodstvo-preobrazovatelej-napryazheniya_232####proizvodstvo-preobrazovatelej-napryazheniya_233####proizvodstvo-preobrazovatelej-napryazheniya_234####proizvodstvo-preobrazovatelej-napryazheniya_235####proizvodstvo-preobrazovatelej-napryazheniya_236####proizvodstvo-preobrazovatelej-napryazheniya_237####proizvodstvo-preobrazovatelej-napryazheniya_238####proizvodstvo-preobrazovatelej-napryazheniya_239####proizvodstvo-preobrazovatelej-napryazheniya_240####proizvodstvo-preobrazovatelej-napryazheniya_241####proizvodstvo-preobrazovatelej-napryazheniya_242####proizvodstvo-preobrazovatelej-napryazheniya_243,,,ЭКБ ТЕСТ — надёжный партнёр для вашего бизнеса. Комплексные решения в микроэлектронике. Адекватные цены на производство преобразователей. Разумные сроки. Индивидуальный подход.,Полные pin-to-pin замены преобразователей Vicor,preobrazovateli-vicor,proizvodstvo-preobrazovatelej-napryazheniya_section_3
proizvodstvo-preobrazovatelej-napryazheniya_325,"Vicor, серия V28 maxi",Y,vicor-V28-maxi,32600,<p>«ЭКБ ТЕСТ» — надёжный партнёр для вашего бизнеса. Комплексные решения в микроэлектронике. Адекватные цены на производство модульных преобразователей «ИРТЫШ»®. Полная «PIN-TO-PIN» совместимость с продукцией VICOR. Разумные сроки. Индивидуальный подход.</p>,html,,<p>«ЭКБ ТЕСТ» — надёжный партнёр для вашего бизнеса. Комплексные решения в микроэлектронике. Адекватные цены на производство модульных преобразователей «ИРТЫШ»®. Полная «PIN-TO-PIN» совместимость с продукцией VICOR. Разумные сроки. Индивидуальный подход.</p>,html,,Vicor,,V28 maxi,V28 maxi,,,,,,,,,,,,proizvodstvo-preobrazovatelej-napryazheniya_244####proizvodstvo-preobrazovatelej-napryazheniya_245####proizvodstvo-preobrazovatelej-napryazheniya_246####proizvodstvo-preobrazovatelej-napryazheniya_247####proizvodstvo-preobrazovatelej-napryazheniya_248####proizvodstvo-preobrazovatelej-napryazheniya_249####proizvodstvo-preobrazovatelej-napryazheniya_250####proizvodstvo-preobrazovatelej-napryazheniya_251####proizvodstvo-preobrazovatelej-napryazheniya_252####proizvodstvo-preobrazovatelej-napryazheniya_253####proizvodstvo-preobrazovatelej-napryazheniya_254####proizvodstvo-preobrazovatelej-napryazheniya_255####proizvodstvo-preobrazovatelej-napryazheniya_256####proizvodstvo-preobrazovatelej-napryazheniya_257####proizvodstvo-preobrazovatelej-napryazheniya_258####proizvodstvo-preobrazovatelej-napryazheniya_259####proizvodstvo-preobrazovatelej-napryazheniya_260####proizvodstvo-preobrazovatelej-napryazheniya_261####proizvodstvo-preobrazovatelej-napryazheniya_262####proizvodstvo-preobrazovatelej-napryazheniya_263####proizvodstvo-preobrazovatelej-napryazheniya_264####proizvodstvo-preobrazovatelej-napryazheniya_265####proizvodstvo-preobrazovatelej-napryazheniya_266####proizvodstvo-preobrazovatelej-napryazheniya_267,,,ЭКБ ТЕСТ — надёжный партнёр для вашего бизнеса. Комплексные решения в микроэлектронике. Адекватные цены на производство преобразователей. Разумные сроки. Индивидуальный подход.,Полные pin-to-pin замены преобразователей Vicor,preobrazovateli-vicor,proizvodstvo-preobrazovatelej-napryazheniya_section_3
proizvodstvo-preobrazovatelej-napryazheniya_326,"Vicor, серия V28 mini",Y,vicor-V28-mini,32700,<p>«ЭКБ ТЕСТ» — надёжный партнёр для вашего бизнеса. Комплексные решения в микроэлектронике. Адекватные цены на производство модульных преобразователей «ИРТЫШ»®. Полная «PIN-TO-PIN» совместимость с продукцией VICOR. Разумные сроки. Индивидуальный подход.</p>,html,,<p>«ЭКБ ТЕСТ» — надёжный партнёр для вашего бизнеса. Комплексные решения в микроэлектронике. Адекватные цены на производство модульных преобразователей «ИРТЫШ»®. Полная «PIN-TO-PIN» совместимость с продукцией VICOR. Разумные сроки. Индивидуальный подход.</p>,html,,Vicor,,V28 mini,V28 mini,,,,,,,,,,,,proizvodstvo-preobrazovatelej-napryazheniya_268####proizvodstvo-preobrazovatelej-napryazheniya_269####proizvodstvo-preobrazovatelej-napryazheniya_270####proizvodstvo-preobrazovatelej-napryazheniya_271####proizvodstvo-preobrazovatelej-napryazheniya_272####proizvodstvo-preobrazovatelej-napryazheniya_273####proizvodstvo-preobrazovatelej-napryazheniya_274####proizvodstvo-preobrazovatelej-napryazheniya_275####proizvodstvo-preobrazovatelej-napryazheniya_276####proizvodstvo-preobrazovatelej-napryazheniya_277####proizvodstvo-preobrazovatelej-napryazheniya_278####proizvodstvo-preobrazovatelej-napryazheniya_279####proizvodstvo-preobrazovatelej-napryazheniya_280####proizvodstvo-preobrazovatelej-napryazheniya_281####proizvodstvo-preobrazovatelej-napryazheniya_282####proizvodstvo-preobrazovatelej-napryazheniya_283####proizvodstvo-preobrazovatelej-napryazheniya_284####proizvodstvo-preobrazovatelej-napryazheniya_285####proizvodstvo-preobrazovatelej-napryazheniya_286####proizvodstvo-preobrazovatelej-napryazheniya_287####proizvodstvo-preobrazovatelej-napryazheniya_288####proizvodstvo-preobrazovatelej-napryazheniya_289####proizvodstvo-preobrazovatelej-napryazheniya_290####proizvodstvo-preobrazovatelej-napryazheniya_291,,,ЭКБ ТЕСТ — надёжный партнёр для вашего бизнеса. Комплексные решения в микроэлектронике. Адекватные цены на производство преобразователей. Разумные сроки. Индивидуальный подход.,Полные pin-to-pin замены преобразователей Vicor,preobrazovateli-vicor,proizvodstvo-preobrazovatelej-napryazheniya_section_3
proizvodstvo-preobrazovatelej-napryazheniya_327,"Vicor, серия V28 micro",Y,vicor-V28-micro,32800,<p>«ЭКБ ТЕСТ» — надёжный партнёр для вашего бизнеса. Комплексные решения в микроэлектронике. Адекватные цены на производство модульных преобразователей «ИРТЫШ»®. Полная «PIN-TO-PIN» совместимость с продукцией VICOR. Разумные сроки. Индивидуальный подход.</p>,html,,<p>«ЭКБ ТЕСТ» — надёжный партнёр для вашего бизнеса. Комплексные решения в микроэлектронике. Адекватные цены на производство модульных преобразователей «ИРТЫШ»®. Полная «PIN-TO-PIN» совместимость с продукцией VICOR. Разумные сроки. Индивидуальный подход.</p>,html,,Vicor,,V28 micro,V28 micro,,,,,,,,,,,,proizvodstvo-preobrazovatelej-napryazheniya_292####proizvodstvo-preobrazovatelej-napryazheniya_293####proizvodstvo-preobrazovatelej-napryazheniya_294####proizvodstvo-preobrazovatelej-napryazheniya_295####proizvodstvo-preobrazovatelej-napryazheniya_296####proizvodstvo-preobrazovatelej-napryazheniya_297####proizvodstvo-preobrazovatelej-napryazheniya_298####proizvodstvo-preobrazovatelej-napryazheniya_299####proizvodstvo-preobrazovatelej-napryazheniya_300####proizvodstvo-preobrazovatelej-napryazheniya_301####proizvodstvo-preobrazovatelej-napryazheniya_302####proizvodstvo-preobrazovatelej-napryazheniya_303####proizvodstvo-preobrazovatelej-napryazheniya_304####proizvodstvo-preobrazovatelej-napryazheniya_305####proizvodstvo-preobrazovatelej-napryazheniya_306####proizvodstvo-preobrazovatelej-napryazheniya_307####proizvodstvo-preobrazovatelej-napryazheniya_308####proizvodstvo-preobrazovatelej-napryazheniya_309####proizvodstvo-preobrazovatelej-napryazheniya_310####proizvodstvo-preobrazovatelej-napryazheniya_311####proizvodstvo-preobrazovatelej-napryazheniya_312####proizvodstvo-preobrazovatelej-napryazheniya_313####proizvodstvo-preobrazovatelej-napryazheniya_314####proizvodstvo-preobrazovatelej-napryazheniya_315,,,ЭКБ ТЕСТ — надёжный партнёр для вашего бизнеса. Комплексные решения в микроэлектронике. Адекватные цены на производство преобразователей. Разумные сроки. Индивидуальный подход.,Полные pin-to-pin замены преобразователей Vicor,preobrazovateli-vicor,proizvodstvo-preobrazovatelej-napryazheniya_section_3
proizvodstvo-preobrazovatelej-napryazheniya_328,"Vicor, V24A3V3H264BL",Y,vicor-V24A3V3H264BL,32900,<p>«ЭКБ ТЕСТ» — надёжный партнёр для вашего бизнеса. Комплексные решения в микроэлектронике. Адекватные цены на производство модульных преобразователей «ИРТЫШ»®. Полная «PIN-TO-PIN» совместимость с продукцией VICOR. Разумные сроки. Индивидуальный подход.</p>,html,,<p>«ЭКБ ТЕСТ» — надёжный партнёр для вашего бизнеса. Комплексные решения в микроэлектронике. Адекватные цены на производство модульных преобразователей «ИРТЫШ»®. Полная «PIN-TO-PIN» совместимость с продукцией VICOR. Разумные сроки. Индивидуальный подход.</p>,html,,Vicor,,,V24A3V3H264BL," ""24"" (18..36В)","3,3",Full brick,,,,-40…100,,,,,proizvodstvo-preobrazovatelej-napryazheniya_484,,,ЭКБ ТЕСТ — надёжный партнёр для вашего бизнеса. Комплексные решения в микроэлектронике. Адекватные цены на производство преобразователей. Разумные сроки. Индивидуальный подход.,Полные pin-to-pin замены преобразователей Vicor,preobrazovateli-vicor,proizvodstvo-preobrazovatelej-napryazheniya_section_3
proizvodstvo-preobrazovatelej-napryazheniya_329,"Vicor, V24A5H400BL",Y,vicor-V24A5H400BL,33000,<p>«ЭКБ ТЕСТ» — надёжный партнёр для вашего бизнеса. Комплексные решения в микроэлектронике. Адекватные цены на производство модульных преобразователей «ИРТЫШ»®. Полная «PIN-TO-PIN» совместимость с продукцией VICOR. Разумные сроки. Индивидуальный подход.</p>,html,,<p>«ЭКБ ТЕСТ» — надёжный партнёр для вашего бизнеса. Комплексные решения в микроэлектронике. Адекватные цены на производство модульных преобразователей «ИРТЫШ»®. Полная «PIN-TO-PIN» совместимость с продукцией VICOR. Разумные сроки. Индивидуальный подход.</p>,html,,Vicor,,,V24A5H400BL," ""24"" (18..36В)",5,Full brick,,,,-40…101,,,,,proizvodstvo-preobrazovatelej-napryazheniya_485,,,ЭКБ ТЕСТ — надёжный партнёр для вашего бизнеса. Комплексные решения в микроэлектронике. Адекватные цены на производство преобразователей. Разумные сроки. Индивидуальный подход.,Полные pin-to-pin замены преобразователей Vicor,preobrazovateli-vicor,proizvodstvo-preobrazovatelej-napryazheniya_section_3
proizvodstvo-preobrazovatelej-napryazheniya_330,"Vicor, V24A8H300BL",Y,vicor-V24A8H300BL,33100,<p>«ЭКБ ТЕСТ» — надёжный партнёр для вашего бизнеса. Комплексные решения в микроэлектронике. Адекватные цены на производство модульных преобразователей «ИРТЫШ»®. Полная «PIN-TO-PIN» совместимость с продукцией VICOR. Разумные сроки. Индивидуальный подход.</p>,html,,<p>«ЭКБ ТЕСТ» — надёжный партнёр для вашего бизнеса. Комплексные решения в микроэлектронике. Адекватные цены на производство модульных преобразователей «ИРТЫШ»®. Полная «PIN-TO-PIN» совместимость с продукцией VICOR. Разумные сроки. Индивидуальный подход.</p>,html,,Vicor,,,V24A8H300BL," ""24"" (18..36В)",8,Full brick,,,,-40…102,,,,,proizvodstvo-preobrazovatelej-napryazheniya_486,,,ЭКБ ТЕСТ — надёжный партнёр для вашего бизнеса. Комплексные решения в микроэлектронике. Адекватные цены на производство преобразователей. Разумные сроки. Индивидуальный подход.,Полные pin-to-pin замены преобразователей Vicor,preobrazovateli-vicor,proizvodstvo-preobrazovatelej-napryazheniya_section_3
proizvodstvo-preobrazovatelej-napryazheniya_331,"Vicor, V24A12H400BL",Y,vicor-V24A12H400BL,33200,<p>«ЭКБ ТЕСТ» — надёжный партнёр для вашего бизнеса. Комплексные решения в микроэлектронике. Адекватные цены на производство модульных преобразователей «ИРТЫШ»®. Полная «PIN-TO-PIN» совместимость с продукцией VICOR. Разумные сроки. Индивидуальный подход.</p>,html,,<p>«ЭКБ ТЕСТ» — надёжный партнёр для вашего бизнеса. Комплексные решения в микроэлектронике. Адекватные цены на производство модульных преобразователей «ИРТЫШ»®. Полная «PIN-TO-PIN» совместимость с продукцией VICOR. Разумные сроки. Индивидуальный подход.</p>,html,,Vicor,,,V24A12H400BL," ""24"" (18..36В)",12,Full brick,,,,-40…103,,,,,proizvodstvo-preobrazovatelej-napryazheniya_487,,,ЭКБ ТЕСТ — надёжный партнёр для вашего бизнеса. Комплексные решения в микроэлектронике. Адекватные цены на производство преобразователей. Разумные сроки. Индивидуальный подход.,Полные pin-to-pin замены преобразователей Vicor,preobrazovateli-vicor,proizvodstvo-preobrazovatelej-napryazheniya_section_3
proizvodstvo-preobrazovatelej-napryazheniya_332,"Vicor, V24A15H400BL",Y,vicor-V24A15H400BL,33300,<p>«ЭКБ ТЕСТ» — надёжный партнёр для вашего бизнеса. Комплексные решения в микроэлектронике. Адекватные цены на производство модульных преобразователей «ИРТЫШ»®. Полная «PIN-TO-PIN» совместимость с продукцией VICOR. Разумные сроки. Индивидуальный подход.</p>,html,,<p>«ЭКБ ТЕСТ» — надёжный партнёр для вашего бизнеса. Комплексные решения в микроэлектронике. Адекватные цены на производство модульных преобразователей «ИРТЫШ»®. Полная «PIN-TO-PIN» совместимость с продукцией VICOR. Разумные сроки. Индивидуальный подход.</p>,html,,Vicor,,,V24A15H400BL," ""24"" (18..36В)",15,Full brick,,,,-40…104,,,,,proizvodstvo-preobrazovatelej-napryazheniya_488,,,ЭКБ ТЕСТ — надёжный партнёр для вашего бизнеса. Комплексные решения в микроэлектронике. Адекватные цены на производство преобразователей. Разумные сроки. Индивидуальный подход.,Полные pin-to-pin замены преобразователей Vicor,preobrazovateli-vicor,proizvodstvo-preobrazovatelej-napryazheniya_section_3
proizvodstvo-preobrazovatelej-napryazheniya_333,"Vicor, V24A24H400BL",Y,vicor-V24A24H400BL,33400,<p>«ЭКБ ТЕСТ» — надёжный партнёр для вашего бизнеса. Комплексные решения в микроэлектронике. Адекватные цены на производство модульных преобразователей «ИРТЫШ»®. Полная «PIN-TO-PIN» совместимость с продукцией VICOR. Разумные сроки. Индивидуальный подход.</p>,html,,<p>«ЭКБ ТЕСТ» — надёжный партнёр для вашего бизнеса. Комплексные решения в микроэлектронике. Адекватные цены на производство модульных преобразователей «ИРТЫШ»®. Полная «PIN-TO-PIN» совместимость с продукцией VICOR. Разумные сроки. Индивидуальный подход.</p>,html,,Vicor,,,V24A24H400BL," ""24"" (18..36В)",24,Full brick,,,,-40…105,,,,,proizvodstvo-preobrazovatelej-napryazheniya_489,,,ЭКБ ТЕСТ — надёжный партнёр для вашего бизнеса. Комплексные решения в микроэлектронике. Адекватные цены на производство преобразователей. Разумные сроки. Индивидуальный подход.,Полные pin-to-pin замены преобразователей Vicor,preobrazovateli-vicor,proizvodstvo-preobrazovatelej-napryazheniya_section_3
proizvodstvo-preobrazovatelej-napryazheniya_334,"Vicor, V24A28H400BL",Y,vicor-V24A28H400BL,33500,<p>«ЭКБ ТЕСТ» — надёжный партнёр для вашего бизнеса. Комплексные решения в микроэлектронике. Адекватные цены на производство модульных преобразователей «ИРТЫШ»®. Полная «PIN-TO-PIN» совместимость с продукцией VICOR. Разумные сроки. Индивидуальный подход.</p>,html,,<p>«ЭКБ ТЕСТ» — надёжный партнёр для вашего бизнеса. Комплексные решения в микроэлектронике. Адекватные цены на производство модульных преобразователей «ИРТЫШ»®. Полная «PIN-TO-PIN» совместимость с продукцией VICOR. Разумные сроки. Индивидуальный подход.</p>,html,,Vicor,,,V24A28H400BL," ""24"" (18..36В)",28,Full brick,,,,-40…106,,,,,proizvodstvo-preobrazovatelej-napryazheniya_490,,,ЭКБ ТЕСТ — надёжный партнёр для вашего бизнеса. Комплексные решения в микроэлектронике. Адекватные цены на производство преобразователей. Разумные сроки. Индивидуальный подход.,Полные pin-to-pin замены преобразователей Vicor,preobrazovateli-vicor,proizvodstvo-preobrazovatelej-napryazheniya_section_3
proizvodstvo-preobrazovatelej-napryazheniya_335,"Vicor, V24A36H400BL",Y,vicor-V24A36H400BL,33600,<p>«ЭКБ ТЕСТ» — надёжный партнёр для вашего бизнеса. Комплексные решения в микроэлектронике. Адекватные цены на производство модульных преобразователей «ИРТЫШ»®. Полная «PIN-TO-PIN» совместимость с продукцией VICOR. Разумные сроки. Индивидуальный подход.</p>,html,,<p>«ЭКБ ТЕСТ» — надёжный партнёр для вашего бизнеса. Комплексные решения в микроэлектронике. Адекватные цены на производство модульных преобразователей «ИРТЫШ»®. Полная «PIN-TO-PIN» совместимость с продукцией VICOR. Разумные сроки. Индивидуальный подход.</p>,html,,Vicor,,,V24A36H400BL," ""24"" (18..36В)",36,Full brick,,,,-40…107,,,,,proizvodstvo-preobrazovatelej-napryazheniya_491,,,ЭКБ ТЕСТ — надёжный партнёр для вашего бизнеса. Комплексные решения в микроэлектронике. Адекватные цены на производство преобразователей. Разумные сроки. Индивидуальный подход.,Полные pin-to-pin замены преобразователей Vicor,preobrazovateli-vicor,proizvodstvo-preobrazovatelej-napryazheniya_section_3
proizvodstvo-preobrazovatelej-napryazheniya_336,"Vicor, V24A48H400BL",Y,vicor-V24A48H400BL,33700,<p>«ЭКБ ТЕСТ» — надёжный партнёр для вашего бизнеса. Комплексные решения в микроэлектронике. Адекватные цены на производство модульных преобразователей «ИРТЫШ»®. Полная «PIN-TO-PIN» совместимость с продукцией VICOR. Разумные сроки. Индивидуальный подход.</p>,html,,<p>«ЭКБ ТЕСТ» — надёжный партнёр для вашего бизнеса. Комплексные решения в микроэлектронике. Адекватные цены на производство модульных преобразователей «ИРТЫШ»®. Полная «PIN-TO-PIN» совместимость с продукцией VICOR. Разумные сроки. Индивидуальный подход.</p>,html,,Vicor,,,V24A48H400BL," ""24"" (18..36В)",48,Full brick,,,,-40…108,,,,,proizvodstvo-preobrazovatelej-napryazheniya_492,,,ЭКБ ТЕСТ — надёжный партнёр для вашего бизнеса. Комплексные решения в микроэлектронике. Адекватные цены на производство преобразователей. Разумные сроки. Индивидуальный подход.,Полные pin-to-pin замены преобразователей Vicor,preobrazovateli-vicor,proizvodstvo-preobrazovatelej-napryazheniya_section_3
proizvodstvo-preobrazovatelej-napryazheniya_337,"Vicor, V24A3V3M264BL",Y,vicor-V24A3V3M264BL,33800,<p>«ЭКБ ТЕСТ» — надёжный партнёр для вашего бизнеса. Комплексные решения в микроэлектронике. Адекватные цены на производство модульных преобразователей «ИРТЫШ»®. Полная «PIN-TO-PIN» совместимость с продукцией VICOR. Разумные сроки. Индивидуальный подход.</p>,html,,<p>«ЭКБ ТЕСТ» — надёжный партнёр для вашего бизнеса. Комплексные решения в микроэлектронике. Адекватные цены на производство модульных преобразователей «ИРТЫШ»®. Полная «PIN-TO-PIN» совместимость с продукцией VICOR. Разумные сроки. Индивидуальный подход.</p>,html,,Vicor,,,V24A3V3M264BL," ""24"" (18..36В)","3,3",Full brick,,,,-55…100,,,,,proizvodstvo-preobrazovatelej-napryazheniya_181,,,ЭКБ ТЕСТ — надёжный партнёр для вашего бизнеса. Комплексные решения в микроэлектронике. Адекватные цены на производство преобразователей. Разумные сроки. Индивидуальный подход.,Полные pin-to-pin замены преобразователей Vicor,preobrazovateli-vicor,proizvodstvo-preobrazovatelej-napryazheniya_section_3
proizvodstvo-preobrazovatelej-napryazheniya_338,"Vicor, V24A5M400BL",Y,vicor-V24A5M400BL,33900,<p>«ЭКБ ТЕСТ» — надёжный партнёр для вашего бизнеса. Комплексные решения в микроэлектронике. Адекватные цены на производство модульных преобразователей «ИРТЫШ»®. Полная «PIN-TO-PIN» совместимость с продукцией VICOR. Разумные сроки. Индивидуальный подход.</p>,html,,<p>«ЭКБ ТЕСТ» — надёжный партнёр для вашего бизнеса. Комплексные решения в микроэлектронике. Адекватные цены на производство модульных преобразователей «ИРТЫШ»®. Полная «PIN-TO-PIN» совместимость с продукцией VICOR. Разумные сроки. Индивидуальный подход.</p>,html,,Vicor,,,V24A5M400BL," ""24"" (18..36В)",5,Full brick,,,,-55…101,,,,,proizvodstvo-preobrazovatelej-napryazheniya_493,,,ЭКБ ТЕСТ — надёжный партнёр для вашего бизнеса. Комплексные решения в микроэлектронике. Адекватные цены на производство преобразователей. Разумные сроки. Индивидуальный подход.,Полные pin-to-pin замены преобразователей Vicor,preobrazovateli-vicor,proizvodstvo-preobrazovatelej-napryazheniya_section_3
proizvodstvo-preobrazovatelej-napryazheniya_339,"Vicor, V24A8M300BL",Y,vicor-V24A8M300BL,34000,<p>«ЭКБ ТЕСТ» — надёжный партнёр для вашего бизнеса. Комплексные решения в микроэлектронике. Адекватные цены на производство модульных преобразователей «ИРТЫШ»®. Полная «PIN-TO-PIN» совместимость с продукцией VICOR. Разумные сроки. Индивидуальный подход.</p>,html,,<p>«ЭКБ ТЕСТ» — надёжный партнёр для вашего бизнеса. Комплексные решения в микроэлектронике. Адекватные цены на производство модульных преобразователей «ИРТЫШ»®. Полная «PIN-TO-PIN» совместимость с продукцией VICOR. Разумные сроки. Индивидуальный подход.</p>,html,,Vicor,,,V24A8M300BL," ""24"" (18..36В)",8,Full brick,,,,-55…102,,,,,proizvodstvo-preobrazovatelej-napryazheniya_494,,,ЭКБ ТЕСТ — надёжный партнёр для вашего бизнеса. Комплексные решения в микроэлектронике. Адекватные цены на производство преобразователей. Разумные сроки. Индивидуальный подход.,Полные pin-to-pin замены преобразователей Vicor,preobrazovateli-vicor,proizvodstvo-preobrazovatelej-napryazheniya_section_3
proizvodstvo-preobrazovatelej-napryazheniya_340,"Vicor, V24A12M400BL",Y,vicor-V24A12M400BL,34100,<p>«ЭКБ ТЕСТ» — надёжный партнёр для вашего бизнеса. Комплексные решения в микроэлектронике. Адекватные цены на производство модульных преобразователей «ИРТЫШ»®. Полная «PIN-TO-PIN» совместимость с продукцией VICOR. Разумные сроки. Индивидуальный подход.</p>,html,,<p>«ЭКБ ТЕСТ» — надёжный партнёр для вашего бизнеса. Комплексные решения в микроэлектронике. Адекватные цены на производство модульных преобразователей «ИРТЫШ»®. Полная «PIN-TO-PIN» совместимость с продукцией VICOR. Разумные сроки. Индивидуальный подход.</p>,html,,Vicor,,,V24A12M400BL," ""24"" (18..36В)",12,Full brick,,,,-55…103,,,,,proizvodstvo-preobrazovatelej-napryazheniya_495,,,ЭКБ ТЕСТ — надёжный партнёр для вашего бизнеса. Комплексные решения в микроэлектронике. Адекватные цены на производство преобразователей. Разумные сроки. Индивидуальный подход.,Полные pin-to-pin замены преобразователей Vicor,preobrazovateli-vicor,proizvodstvo-preobrazovatelej-napryazheniya_section_3
proizvodstvo-preobrazovatelej-napryazheniya_341,"Vicor, V24A15M400BL",Y,vicor-V24A15M400BL,34200,<p>«ЭКБ ТЕСТ» — надёжный партнёр для вашего бизнеса. Комплексные решения в микроэлектронике. Адекватные цены на производство модульных преобразователей «ИРТЫШ»®. Полная «PIN-TO-PIN» совместимость с продукцией VICOR. Разумные сроки. Индивидуальный подход.</p>,html,,<p>«ЭКБ ТЕСТ» — надёжный партнёр для вашего бизнеса. Комплексные решения в микроэлектронике. Адекватные цены на производство модульных преобразователей «ИРТЫШ»®. Полная «PIN-TO-PIN» совместимость с продукцией VICOR. Разумные сроки. Индивидуальный подход.</p>,html,,Vicor,,,V24A15M400BL," ""24"" (18..36В)",15,Full brick,,,,-55…104,,,,,proizvodstvo-preobrazovatelej-napryazheniya_496,,,ЭКБ ТЕСТ — надёжный партнёр для вашего бизнеса. Комплексные решения в микроэлектронике. Адекватные цены на производство преобразователей. Разумные сроки. Индивидуальный подход.,Полные pin-to-pin замены преобразователей Vicor,preobrazovateli-vicor,proizvodstvo-preobrazovatelej-napryazheniya_section_3
proizvodstvo-preobrazovatelej-napryazheniya_342,"Vicor, V24A24M400BL",Y,vicor-V24A24M400BL,34300,<p>«ЭКБ ТЕСТ» — надёжный партнёр для вашего бизнеса. Комплексные решения в микроэлектронике. Адекватные цены на производство модульных преобразователей «ИРТЫШ»®. Полная «PIN-TO-PIN» совместимость с продукцией VICOR. Разумные сроки. Индивидуальный подход.</p>,html,,<p>«ЭКБ ТЕСТ» — надёжный партнёр для вашего бизнеса. Комплексные решения в микроэлектронике. Адекватные цены на производство модульных преобразователей «ИРТЫШ»®. Полная «PIN-TO-PIN» совместимость с продукцией VICOR. Разумные сроки. Индивидуальный подход.</p>,html,,Vicor,,,V24A24M400BL," ""24"" (18..36В)",24,Full brick,,,,-55…105,,,,,proizvodstvo-preobrazovatelej-napryazheniya_497,,,ЭКБ ТЕСТ — надёжный партнёр для вашего бизнеса. Комплексные решения в микроэлектронике. Адекватные цены на производство преобразователей. Разумные сроки. Индивидуальный подход.,Полные pin-to-pin замены преобразователей Vicor,preobrazovateli-vicor,proizvodstvo-preobrazovatelej-napryazheniya_section_3
proizvodstvo-preobrazovatelej-napryazheniya_343,"Vicor, V24A28M400BL",Y,vicor-V24A28M400BL,34400,<p>«ЭКБ ТЕСТ» — надёжный партнёр для вашего бизнеса. Комплексные решения в микроэлектронике. Адекватные цены на производство модульных преобразователей «ИРТЫШ»®. Полная «PIN-TO-PIN» совместимость с продукцией VICOR. Разумные сроки. Индивидуальный подход.</p>,html,,<p>«ЭКБ ТЕСТ» — надёжный партнёр для вашего бизнеса. Комплексные решения в микроэлектронике. Адекватные цены на производство модульных преобразователей «ИРТЫШ»®. Полная «PIN-TO-PIN» совместимость с продукцией VICOR. Разумные сроки. Индивидуальный подход.</p>,html,,Vicor,,,V24A28M400BL," ""24"" (18..36В)",28,Full brick,,,,-55…106,,,,,proizvodstvo-preobrazovatelej-napryazheniya_498,,,ЭКБ ТЕСТ — надёжный партнёр для вашего бизнеса. Комплексные решения в микроэлектронике. Адекватные цены на производство преобразователей. Разумные сроки. Индивидуальный подход.,Полные pin-to-pin замены преобразователей Vicor,preobrazovateli-vicor,proizvodstvo-preobrazovatelej-napryazheniya_section_3
proizvodstvo-preobrazovatelej-napryazheniya_344,"Vicor, V24A36M400BL",Y,vicor-V24A36M400BL,34500,<p>«ЭКБ ТЕСТ» — надёжный партнёр для вашего бизнеса. Комплексные решения в микроэлектронике. Адекватные цены на производство модульных преобразователей «ИРТЫШ»®. Полная «PIN-TO-PIN» совместимость с продукцией VICOR. Разумные сроки. Индивидуальный подход.</p>,html,,<p>«ЭКБ ТЕСТ» — надёжный партнёр для вашего бизнеса. Комплексные решения в микроэлектронике. Адекватные цены на производство модульных преобразователей «ИРТЫШ»®. Полная «PIN-TO-PIN» совместимость с продукцией VICOR. Разумные сроки. Индивидуальный подход.</p>,html,,Vicor,,,V24A36M400BL," ""24"" (18..36В)",36,Full brick,,,,-55…107,,,,,proizvodstvo-preobrazovatelej-napryazheniya_499,,,ЭКБ ТЕСТ — надёжный партнёр для вашего бизнеса. Комплексные решения в микроэлектронике. Адекватные цены на производство преобразователей. Разумные сроки. Индивидуальный подход.,Полные pin-to-pin замены преобразователей Vicor,preobrazovateli-vicor,proizvodstvo-preobrazovatelej-napryazheniya_section_3
proizvodstvo-preobrazovatelej-napryazheniya_345,"Vicor, V24A48M400BL",Y,vicor-V24A48M400BL,34600,<p>«ЭКБ ТЕСТ» — надёжный партнёр для вашего бизнеса. Комплексные решения в микроэлектронике. Адекватные цены на производство модульных преобразователей «ИРТЫШ»®. Полная «PIN-TO-PIN» совместимость с продукцией VICOR. Разумные сроки. Индивидуальный подход.</p>,html,,<p>«ЭКБ ТЕСТ» — надёжный партнёр для вашего бизнеса. Комплексные решения в микроэлектронике. Адекватные цены на производство модульных преобразователей «ИРТЫШ»®. Полная «PIN-TO-PIN» совместимость с продукцией VICOR. Разумные сроки. Индивидуальный подход.</p>,html,,Vicor,,,V24A48M400BL," ""24"" (18..36В)",48,Full brick,,,,-55…108,,,,,proizvodstvo-preobrazovatelej-napryazheniya_500,,,ЭКБ ТЕСТ — надёжный партнёр для вашего бизнеса. Комплексные решения в микроэлектронике. Адекватные цены на производство преобразователей. Разумные сроки. Индивидуальный подход.,Полные pin-to-pin замены преобразователей Vicor,preobrazovateli-vicor,proizvodstvo-preobrazovatelej-napryazheniya_section_3
proizvodstvo-preobrazovatelej-napryazheniya_346,"Vicor, V24B3V3H100BL",Y,vicor-V24B3V3H100BL,34700,<p>«ЭКБ ТЕСТ» — надёжный партнёр для вашего бизнеса. Комплексные решения в микроэлектронике. Адекватные цены на производство модульных преобразователей «ИРТЫШ»®. Полная «PIN-TO-PIN» совместимость с продукцией VICOR. Разумные сроки. Индивидуальный подход.</p>,html,,<p>«ЭКБ ТЕСТ» — надёжный партнёр для вашего бизнеса. Комплексные решения в микроэлектронике. Адекватные цены на производство модульных преобразователей «ИРТЫШ»®. Полная «PIN-TO-PIN» совместимость с продукцией VICOR. Разумные сроки. Индивидуальный подход.</p>,html,,Vicor,,,V24B3V3H100BL," ""24"" (18..36В)","3,3",1/2 brick,,,,-40…100,,,,,proizvodstvo-preobrazovatelej-napryazheniya_507,,,ЭКБ ТЕСТ — надёжный партнёр для вашего бизнеса. Комплексные решения в микроэлектронике. Адекватные цены на производство преобразователей. Разумные сроки. Индивидуальный подход.,Полные pin-to-pin замены преобразователей Vicor,preobrazovateli-vicor,proizvodstvo-preobrazovatelej-napryazheniya_section_3
proizvodstvo-preobrazovatelej-napryazheniya_347,"Vicor, V24B5H150BL",Y,vicor-V24B5H150BL,34800,<p>«ЭКБ ТЕСТ» — надёжный партнёр для вашего бизнеса. Комплексные решения в микроэлектронике. Адекватные цены на производство модульных преобразователей «ИРТЫШ»®. Полная «PIN-TO-PIN» совместимость с продукцией VICOR. Разумные сроки. Индивидуальный подход.</p>,html,,<p>«ЭКБ ТЕСТ» — надёжный партнёр для вашего бизнеса. Комплексные решения в микроэлектронике. Адекватные цены на производство модульных преобразователей «ИРТЫШ»®. Полная «PIN-TO-PIN» совместимость с продукцией VICOR. Разумные сроки. Индивидуальный подход.</p>,html,,Vicor,,,V24B5H150BL," ""24"" (18..36В)",5,1/2 brick,,,,-40…101,,,,,proizvodstvo-preobrazovatelej-napryazheniya_501,,,ЭКБ ТЕСТ — надёжный партнёр для вашего бизнеса. Комплексные решения в микроэлектронике. Адекватные цены на производство преобразователей. Разумные сроки. Индивидуальный подход.,Полные pin-to-pin замены преобразователей Vicor,preobrazovateli-vicor,proizvodstvo-preobrazovatelej-napryazheniya_section_3
proizvodstvo-preobrazovatelej-napryazheniya_348,"Vicor, V24B8H200BL",Y,vicor-V24B8H200BL,34900,<p>«ЭКБ ТЕСТ» — надёжный партнёр для вашего бизнеса. Комплексные решения в микроэлектронике. Адекватные цены на производство модульных преобразователей «ИРТЫШ»®. Полная «PIN-TO-PIN» совместимость с продукцией VICOR. Разумные сроки. Индивидуальный подход.</p>,html,,<p>«ЭКБ ТЕСТ» — надёжный партнёр для вашего бизнеса. Комплексные решения в микроэлектронике. Адекватные цены на производство модульных преобразователей «ИРТЫШ»®. Полная «PIN-TO-PIN» совместимость с продукцией VICOR. Разумные сроки. Индивидуальный подход.</p>,html,,Vicor,,,V24B8H200BL," ""24"" (18..36В)",8,1/2 brick,,,,-40…102,,,,,proizvodstvo-preobrazovatelej-napryazheniya_201,,,ЭКБ ТЕСТ — надёжный партнёр для вашего бизнеса. Комплексные решения в микроэлектронике. Адекватные цены на производство преобразователей. Разумные сроки. Индивидуальный подход.,Полные pin-to-pin замены преобразователей Vicor,preobrazovateli-vicor,proizvodstvo-preobrazovatelej-napryazheniya_section_3
proizvodstvo-preobrazovatelej-napryazheniya_349,"Vicor, V24B12H200BL",Y,vicor-V24B12H200BL,35000,<p>«ЭКБ ТЕСТ» — надёжный партнёр для вашего бизнеса. Комплексные решения в микроэлектронике. Адекватные цены на производство модульных преобразователей «ИРТЫШ»®. Полная «PIN-TO-PIN» совместимость с продукцией VICOR. Разумные сроки. Индивидуальный подход.</p>,html,,<p>«ЭКБ ТЕСТ» — надёжный партнёр для вашего бизнеса. Комплексные решения в микроэлектронике. Адекватные цены на производство модульных преобразователей «ИРТЫШ»®. Полная «PIN-TO-PIN» совместимость с продукцией VICOR. Разумные сроки. Индивидуальный подход.</p>,html,,Vicor,,,V24B12H200BL," ""24"" (18..36В)",12,1/2 brick,,,,-40…103,,,,,proizvodstvo-preobrazovatelej-napryazheniya_502,,,ЭКБ ТЕСТ — надёжный партнёр для вашего бизнеса. Комплексные решения в микроэлектронике. Адекватные цены на производство преобразователей. Разумные сроки. Индивидуальный подход.,Полные pin-to-pin замены преобразователей Vicor,preobrazovateli-vicor,proizvodstvo-preobrazovatelej-napryazheniya_section_3
proizvodstvo-preobrazovatelej-napryazheniya_350,"Vicor, V24B15H200BL",Y,vicor-V24B15H200BL,35100,<p>«ЭКБ ТЕСТ» — надёжный партнёр для вашего бизнеса. Комплексные решения в микроэлектронике. Адекватные цены на производство модульных преобразователей «ИРТЫШ»®. Полная «PIN-TO-PIN» совместимость с продукцией VICOR. Разумные сроки. Индивидуальный подход.</p>,html,,<p>«ЭКБ ТЕСТ» — надёжный партнёр для вашего бизнеса. Комплексные решения в микроэлектронике. Адекватные цены на производство модульных преобразователей «ИРТЫШ»®. Полная «PIN-TO-PIN» совместимость с продукцией VICOR. Разумные сроки. Индивидуальный подход.</p>,html,,Vicor,,,V24B15H200BL," ""24"" (18..36В)",15,1/2 brick,,,,-40…104,,,,,proizvodstvo-preobrazovatelej-napryazheniya_503,,,ЭКБ ТЕСТ — надёжный партнёр для вашего бизнеса. Комплексные решения в микроэлектронике. Адекватные цены на производство преобразователей. Разумные сроки. Индивидуальный подход.,Полные pin-to-pin замены преобразователей Vicor,preobrazovateli-vicor,proizvodstvo-preobrazovatelej-napryazheniya_section_3
proizvodstvo-preobrazovatelej-napryazheniya_351,"Vicor, V24B24H200BL",Y,vicor-V24B24H200BL,35200,<p>«ЭКБ ТЕСТ» — надёжный партнёр для вашего бизнеса. Комплексные решения в микроэлектронике. Адекватные цены на производство модульных преобразователей «ИРТЫШ»®. Полная «PIN-TO-PIN» совместимость с продукцией VICOR. Разумные сроки. Индивидуальный подход.</p>,html,,<p>«ЭКБ ТЕСТ» — надёжный партнёр для вашего бизнеса. Комплексные решения в микроэлектронике. Адекватные цены на производство модульных преобразователей «ИРТЫШ»®. Полная «PIN-TO-PIN» совместимость с продукцией VICOR. Разумные сроки. Индивидуальный подход.</p>,html,,Vicor,,,V24B24H200BL," ""24"" (18..36В)",24,1/2 brick,,,,-40…105,,,,,proizvodstvo-preobrazovatelej-napryazheniya_504,,,ЭКБ ТЕСТ — надёжный партнёр для вашего бизнеса. Комплексные решения в микроэлектронике. Адекватные цены на производство преобразователей. Разумные сроки. Индивидуальный подход.,Полные pin-to-pin замены преобразователей Vicor,preobrazovateli-vicor,proizvodstvo-preobrazovatelej-napryazheniya_section_3
proizvodstvo-preobrazovatelej-napryazheniya_352,"Vicor, V24B28H200BL",Y,vicor-V24B28H200BL,35300,<p>«ЭКБ ТЕСТ» — надёжный партнёр для вашего бизнеса. Комплексные решения в микроэлектронике. Адекватные цены на производство модульных преобразователей «ИРТЫШ»®. Полная «PIN-TO-PIN» совместимость с продукцией VICOR. Разумные сроки. Индивидуальный подход.</p>,html,,<p>«ЭКБ ТЕСТ» — надёжный партнёр для вашего бизнеса. Комплексные решения в микроэлектронике. Адекватные цены на производство модульных преобразователей «ИРТЫШ»®. Полная «PIN-TO-PIN» совместимость с продукцией VICOR. Разумные сроки. Индивидуальный подход.</p>,html,,Vicor,,,V24B28H200BL," ""24"" (18..36В)",28,1/2 brick,,,,-40…106,,,,,proizvodstvo-preobrazovatelej-napryazheniya_505,,,ЭКБ ТЕСТ — надёжный партнёр для вашего бизнеса. Комплексные решения в микроэлектронике. Адекватные цены на производство преобразователей. Разумные сроки. Индивидуальный подход.,Полные pin-to-pin замены преобразователей Vicor,preobrazovateli-vicor,proizvodstvo-preobrazovatelej-napryazheniya_section_3
proizvodstvo-preobrazovatelej-napryazheniya_353,"Vicor, V24B36H200BL",Y,vicor-V24B36H200BL,35400,<p>«ЭКБ ТЕСТ» — надёжный партнёр для вашего бизнеса. Комплексные решения в микроэлектронике. Адекватные цены на производство модульных преобразователей «ИРТЫШ»®. Полная «PIN-TO-PIN» совместимость с продукцией VICOR. Разумные сроки. Индивидуальный подход.</p>,html,,<p>«ЭКБ ТЕСТ» — надёжный партнёр для вашего бизнеса. Комплексные решения в микроэлектронике. Адекватные цены на производство модульных преобразователей «ИРТЫШ»®. Полная «PIN-TO-PIN» совместимость с продукцией VICOR. Разумные сроки. Индивидуальный подход.</p>,html,,Vicor,,,V24B36H200BL," ""24"" (18..36В)",36,1/2 brick,,,,-40…107,,,,,proizvodstvo-preobrazovatelej-napryazheniya_506,,,ЭКБ ТЕСТ — надёжный партнёр для вашего бизнеса. Комплексные решения в микроэлектронике. Адекватные цены на производство преобразователей. Разумные сроки. Индивидуальный подход.,Полные pin-to-pin замены преобразователей Vicor,preobrazovateli-vicor,proizvodstvo-preobrazovatelej-napryazheniya_section_3
proizvodstvo-preobrazovatelej-napryazheniya_354,"Vicor, V24B48H200BL",Y,vicor-V24B48H200BL,35500,<p>«ЭКБ ТЕСТ» — надёжный партнёр для вашего бизнеса. Комплексные решения в микроэлектронике. Адекватные цены на производство модульных преобразователей «ИРТЫШ»®. Полная «PIN-TO-PIN» совместимость с продукцией VICOR. Разумные сроки. Индивидуальный подход.</p>,html,,<p>«ЭКБ ТЕСТ» — надёжный партнёр для вашего бизнеса. Комплексные решения в микроэлектронике. Адекватные цены на производство модульных преобразователей «ИРТЫШ»®. Полная «PIN-TO-PIN» совместимость с продукцией VICOR. Разумные сроки. Индивидуальный подход.</p>,html,,Vicor,,,V24B48H200BL," ""24"" (18..36В)",48,1/2 brick,,,,-40…108,,,,,proizvodstvo-preobrazovatelej-napryazheniya_508,,,ЭКБ ТЕСТ — надёжный партнёр для вашего бизнеса. Комплексные решения в микроэлектронике. Адекватные цены на производство преобразователей. Разумные сроки. Индивидуальный подход.,Полные pin-to-pin замены преобразователей Vicor,preobrazovateli-vicor,proizvodstvo-preobrazovatelej-napryazheniya_section_3
proizvodstvo-preobrazovatelej-napryazheniya_355,"Vicor, V24B3V3M100BL",Y,vicor-V24B3V3M100BL,35600,<p>«ЭКБ ТЕСТ» — надёжный партнёр для вашего бизнеса. Комплексные решения в микроэлектронике. Адекватные цены на производство модульных преобразователей «ИРТЫШ»®. Полная «PIN-TO-PIN» совместимость с продукцией VICOR. Разумные сроки. Индивидуальный подход.</p>,html,,<p>«ЭКБ ТЕСТ» — надёжный партнёр для вашего бизнеса. Комплексные решения в микроэлектронике. Адекватные цены на производство модульных преобразователей «ИРТЫШ»®. Полная «PIN-TO-PIN» совместимость с продукцией VICOR. Разумные сроки. Индивидуальный подход.</p>,html,,Vicor,,,V24B3V3M100BL," ""24"" (18..36В)","3,3",1/2 brick,,,,-55…100,,,,,proizvodstvo-preobrazovatelej-napryazheniya_515,,,ЭКБ ТЕСТ — надёжный партнёр для вашего бизнеса. Комплексные решения в микроэлектронике. Адекватные цены на производство преобразователей. Разумные сроки. Индивидуальный подход.,Полные pin-to-pin замены преобразователей Vicor,preobrazovateli-vicor,proizvodstvo-preobrazovatelej-napryazheniya_section_3
proizvodstvo-preobrazovatelej-napryazheniya_356,"Vicor, V24B5M150BL",Y,vicor-V24B5M150BL,35700,<p>«ЭКБ ТЕСТ» — надёжный партнёр для вашего бизнеса. Комплексные решения в микроэлектронике. Адекватные цены на производство модульных преобразователей «ИРТЫШ»®. Полная «PIN-TO-PIN» совместимость с продукцией VICOR. Разумные сроки. Индивидуальный подход.</p>,html,,<p>«ЭКБ ТЕСТ» — надёжный партнёр для вашего бизнеса. Комплексные решения в микроэлектронике. Адекватные цены на производство модульных преобразователей «ИРТЫШ»®. Полная «PIN-TO-PIN» совместимость с продукцией VICOR. Разумные сроки. Индивидуальный подход.</p>,html,,Vicor,,,V24B5M150BL," ""24"" (18..36В)",5,1/2 brick,,,,-55…101,,,,,proizvodstvo-preobrazovatelej-napryazheniya_509,,,ЭКБ ТЕСТ — надёжный партнёр для вашего бизнеса. Комплексные решения в микроэлектронике. Адекватные цены на производство преобразователей. Разумные сроки. Индивидуальный подход.,Полные pin-to-pin замены преобразователей Vicor,preobrazovateli-vicor,proizvodstvo-preobrazovatelej-napryazheniya_section_3
proizvodstvo-preobrazovatelej-napryazheniya_357,"Vicor, V24B8M200BL",Y,vicor-V24B8M200BL,35800,<p>«ЭКБ ТЕСТ» — надёжный партнёр для вашего бизнеса. Комплексные решения в микроэлектронике. Адекватные цены на производство модульных преобразователей «ИРТЫШ»®. Полная «PIN-TO-PIN» совместимость с продукцией VICOR. Разумные сроки. Индивидуальный подход.</p>,html,,<p>«ЭКБ ТЕСТ» — надёжный партнёр для вашего бизнеса. Комплексные решения в микроэлектронике. Адекватные цены на производство модульных преобразователей «ИРТЫШ»®. Полная «PIN-TO-PIN» совместимость с продукцией VICOR. Разумные сроки. Индивидуальный подход.</p>,html,,Vicor,,,V24B8M200BL," ""24"" (18..36В)",8,1/2 brick,,,,-55…102,,,,,proizvodstvo-preobrazovatelej-napryazheniya_210,,,ЭКБ ТЕСТ — надёжный партнёр для вашего бизнеса. Комплексные решения в микроэлектронике. Адекватные цены на производство преобразователей. Разумные сроки. Индивидуальный подход.,Полные pin-to-pin замены преобразователей Vicor,preobrazovateli-vicor,proizvodstvo-preobrazovatelej-napryazheniya_section_3
proizvodstvo-preobrazovatelej-napryazheniya_358,"Vicor, V24B12M200BL",Y,vicor-V24B12M200BL,35900,<p>«ЭКБ ТЕСТ» — надёжный партнёр для вашего бизнеса. Комплексные решения в микроэлектронике. Адекватные цены на производство модульных преобразователей «ИРТЫШ»®. Полная «PIN-TO-PIN» совместимость с продукцией VICOR. Разумные сроки. Индивидуальный подход.</p>,html,,<p>«ЭКБ ТЕСТ» — надёжный партнёр для вашего бизнеса. Комплексные решения в микроэлектронике. Адекватные цены на производство модульных преобразователей «ИРТЫШ»®. Полная «PIN-TO-PIN» совместимость с продукцией VICOR. Разумные сроки. Индивидуальный подход.</p>,html,,Vicor,,,V24B12M200BL," ""24"" (18..36В)",12,1/2 brick,,,,-55…103,,,,,proizvodstvo-preobrazovatelej-napryazheniya_510,,,ЭКБ ТЕСТ — надёжный партнёр для вашего бизнеса. Комплексные решения в микроэлектронике. Адекватные цены на производство преобразователей. Разумные сроки. Индивидуальный подход.,Полные pin-to-pin замены преобразователей Vicor,preobrazovateli-vicor,proizvodstvo-preobrazovatelej-napryazheniya_section_3
proizvodstvo-preobrazovatelej-napryazheniya_359,"Vicor, V24B15M200BL",Y,vicor-V24B15M200BL,36000,<p>«ЭКБ ТЕСТ» — надёжный партнёр для вашего бизнеса. Комплексные решения в микроэлектронике. Адекватные цены на производство модульных преобразователей «ИРТЫШ»®. Полная «PIN-TO-PIN» совместимость с продукцией VICOR. Разумные сроки. Индивидуальный подход.</p>,html,,<p>«ЭКБ ТЕСТ» — надёжный партнёр для вашего бизнеса. Комплексные решения в микроэлектронике. Адекватные цены на производство модульных преобразователей «ИРТЫШ»®. Полная «PIN-TO-PIN» совместимость с продукцией VICOR. Разумные сроки. Индивидуальный подход.</p>,html,,Vicor,,,V24B15M200BL," ""24"" (18..36В)",15,1/2 brick,,,,-55…104,,,,,proizvodstvo-preobrazovatelej-napryazheniya_511,,,ЭКБ ТЕСТ — надёжный партнёр для вашего бизнеса. Комплексные решения в микроэлектронике. Адекватные цены на производство преобразователей. Разумные сроки. Индивидуальный подход.,Полные pin-to-pin замены преобразователей Vicor,preobrazovateli-vicor,proizvodstvo-preobrazovatelej-napryazheniya_section_3
proizvodstvo-preobrazovatelej-napryazheniya_360,"Vicor, V24B24M200BL",Y,vicor-V24B24M200BL,36100,<p>«ЭКБ ТЕСТ» — надёжный партнёр для вашего бизнеса. Комплексные решения в микроэлектронике. Адекватные цены на производство модульных преобразователей «ИРТЫШ»®. Полная «PIN-TO-PIN» совместимость с продукцией VICOR. Разумные сроки. Индивидуальный подход.</p>,html,,<p>«ЭКБ ТЕСТ» — надёжный партнёр для вашего бизнеса. Комплексные решения в микроэлектронике. Адекватные цены на производство модульных преобразователей «ИРТЫШ»®. Полная «PIN-TO-PIN» совместимость с продукцией VICOR. Разумные сроки. Индивидуальный подход.</p>,html,,Vicor,,,V24B24M200BL," ""24"" (18..36В)",24,1/2 brick,,,,-55…105,,,,,proizvodstvo-preobrazovatelej-napryazheniya_512,,,ЭКБ ТЕСТ — надёжный партнёр для вашего бизнеса. Комплексные решения в микроэлектронике. Адекватные цены на производство преобразователей. Разумные сроки. Индивидуальный подход.,Полные pin-to-pin замены преобразователей Vicor,preobrazovateli-vicor,proizvodstvo-preobrazovatelej-napryazheniya_section_3
proizvodstvo-preobrazovatelej-napryazheniya_361,"Vicor, V24B28M200BL",Y,vicor-V24B28M200BL,36200,<p>«ЭКБ ТЕСТ» — надёжный партнёр для вашего бизнеса. Комплексные решения в микроэлектронике. Адекватные цены на производство модульных преобразователей «ИРТЫШ»®. Полная «PIN-TO-PIN» совместимость с продукцией VICOR. Разумные сроки. Индивидуальный подход.</p>,html,,<p>«ЭКБ ТЕСТ» — надёжный партнёр для вашего бизнеса. Комплексные решения в микроэлектронике. Адекватные цены на производство модульных преобразователей «ИРТЫШ»®. Полная «PIN-TO-PIN» совместимость с продукцией VICOR. Разумные сроки. Индивидуальный подход.</p>,html,,Vicor,,,V24B28M200BL," ""24"" (18..36В)",28,1/2 brick,,,,-55…106,,,,,proizvodstvo-preobrazovatelej-napryazheniya_513,,,ЭКБ ТЕСТ — надёжный партнёр для вашего бизнеса. Комплексные решения в микроэлектронике. Адекватные цены на производство преобразователей. Разумные сроки. Индивидуальный подход.,Полные pin-to-pin замены преобразователей Vicor,preobrazovateli-vicor,proizvodstvo-preobrazovatelej-napryazheniya_section_3
proizvodstvo-preobrazovatelej-napryazheniya_362,"Vicor, V24B36M200BL",Y,vicor-V24B36M200BL,36300,<p>«ЭКБ ТЕСТ» — надёжный партнёр для вашего бизнеса. Комплексные решения в микроэлектронике. Адекватные цены на производство модульных преобразователей «ИРТЫШ»®. Полная «PIN-TO-PIN» совместимость с продукцией VICOR. Разумные сроки. Индивидуальный подход.</p>,html,,<p>«ЭКБ ТЕСТ» — надёжный партнёр для вашего бизнеса. Комплексные решения в микроэлектронике. Адекватные цены на производство модульных преобразователей «ИРТЫШ»®. Полная «PIN-TO-PIN» совместимость с продукцией VICOR. Разумные сроки. Индивидуальный подход.</p>,html,,Vicor,,,V24B36M200BL," ""24"" (18..36В)",36,1/2 brick,,,,-55…107,,,,,proizvodstvo-preobrazovatelej-napryazheniya_514,,,ЭКБ ТЕСТ — надёжный партнёр для вашего бизнеса. Комплексные решения в микроэлектронике. Адекватные цены на производство преобразователей. Разумные сроки. Индивидуальный подход.,Полные pin-to-pin замены преобразователей Vicor,preobrazovateli-vicor,proizvodstvo-preobrazovatelej-napryazheniya_section_3
proizvodstvo-preobrazovatelej-napryazheniya_363,"Vicor, V24B48M200BL",Y,vicor-V24B48M200BL,36400,<p>«ЭКБ ТЕСТ» — надёжный партнёр для вашего бизнеса. Комплексные решения в микроэлектронике. Адекватные цены на производство модульных преобразователей «ИРТЫШ»®. Полная «PIN-TO-PIN» совместимость с продукцией VICOR. Разумные сроки. Индивидуальный подход.</p>,html,,<p>«ЭКБ ТЕСТ» — надёжный партнёр для вашего бизнеса. Комплексные решения в микроэлектронике. Адекватные цены на производство модульных преобразователей «ИРТЫШ»®. Полная «PIN-TO-PIN» совместимость с продукцией VICOR. Разумные сроки. Индивидуальный подход.</p>,html,,Vicor,,,V24B48M200BL," ""24"" (18..36В)",48,1/2 brick,,,,-55…108,,,,,proizvodstvo-preobrazovatelej-napryazheniya_516,,,ЭКБ ТЕСТ — надёжный партнёр для вашего бизнеса. Комплексные решения в микроэлектронике. Адекватные цены на производство преобразователей. Разумные сроки. Индивидуальный подход.,Полные pin-to-pin замены преобразователей Vicor,preobrazovateli-vicor,proizvodstvo-preobrazovatelej-napryazheniya_section_3
proizvodstvo-preobrazovatelej-napryazheniya_364,"Vicor, V24C3V3H50BL",Y,vicor-V24C3V3H50BL,36500,<p>«ЭКБ ТЕСТ» — надёжный партнёр для вашего бизнеса. Комплексные решения в микроэлектронике. Адекватные цены на производство модульных преобразователей «ИРТЫШ»®. Полная «PIN-TO-PIN» совместимость с продукцией VICOR. Разумные сроки. Индивидуальный подход.</p>,html,,<p>«ЭКБ ТЕСТ» — надёжный партнёр для вашего бизнеса. Комплексные решения в микроэлектронике. Адекватные цены на производство модульных преобразователей «ИРТЫШ»®. Полная «PIN-TO-PIN» совместимость с продукцией VICOR. Разумные сроки. Индивидуальный подход.</p>,html,,Vicor,,,V24C3V3H50BL," ""24"" (18..36В)","3,3",1/4 brick,,,,-40…100,,,,,proizvodstvo-preobrazovatelej-napryazheniya_226,,,ЭКБ ТЕСТ — надёжный партнёр для вашего бизнеса. Комплексные решения в микроэлектронике. Адекватные цены на производство преобразователей. Разумные сроки. Индивидуальный подход.,Полные pin-to-pin замены преобразователей Vicor,preobrazovateli-vicor,proizvodstvo-preobrazovatelej-napryazheniya_section_3
proizvodstvo-preobrazovatelej-napryazheniya_365,"Vicor, V24C5H100BL",Y,vicor-V24C5H100BL,36600,<p>«ЭКБ ТЕСТ» — надёжный партнёр для вашего бизнеса. Комплексные решения в микроэлектронике. Адекватные цены на производство модульных преобразователей «ИРТЫШ»®. Полная «PIN-TO-PIN» совместимость с продукцией VICOR. Разумные сроки. Индивидуальный подход.</p>,html,,<p>«ЭКБ ТЕСТ» — надёжный партнёр для вашего бизнеса. Комплексные решения в микроэлектронике. Адекватные цены на производство модульных преобразователей «ИРТЫШ»®. Полная «PIN-TO-PIN» совместимость с продукцией VICOR. Разумные сроки. Индивидуальный подход.</p>,html,,Vicor,,,V24C5H100BL," ""24"" (18..36В)",5,1/4 brick,,,,-40…101,,,,,proizvodstvo-preobrazovatelej-napryazheniya_227,,,ЭКБ ТЕСТ — надёжный партнёр для вашего бизнеса. Комплексные решения в микроэлектронике. Адекватные цены на производство преобразователей. Разумные сроки. Индивидуальный подход.,Полные pin-to-pin замены преобразователей Vicor,preobrazovateli-vicor,proizvodstvo-preobrazovatelej-napryazheniya_section_3
proizvodstvo-preobrazovatelej-napryazheniya_366,"Vicor, V24C8H100BL",Y,vicor-V24C8H100BL,36700,<p>«ЭКБ ТЕСТ» — надёжный партнёр для вашего бизнеса. Комплексные решения в микроэлектронике. Адекватные цены на производство модульных преобразователей «ИРТЫШ»®. Полная «PIN-TO-PIN» совместимость с продукцией VICOR. Разумные сроки. Индивидуальный подход.</p>,html,,<p>«ЭКБ ТЕСТ» — надёжный партнёр для вашего бизнеса. Комплексные решения в микроэлектронике. Адекватные цены на производство модульных преобразователей «ИРТЫШ»®. Полная «PIN-TO-PIN» совместимость с продукцией VICOR. Разумные сроки. Индивидуальный подход.</p>,html,,Vicor,,,V24C8H100BL," ""24"" (18..36В)",8,1/4 brick,,,,-40…102,,,,,proizvodstvo-preobrazovatelej-napryazheniya_228,,,ЭКБ ТЕСТ — надёжный партнёр для вашего бизнеса. Комплексные решения в микроэлектронике. Адекватные цены на производство преобразователей. Разумные сроки. Индивидуальный подход.,Полные pin-to-pin замены преобразователей Vicor,preobrazovateli-vicor,proizvodstvo-preobrazovatelej-napryazheniya_section_3
proizvodstvo-preobrazovatelej-napryazheniya_367,"Vicor, V24C12H100BL",Y,vicor-V24C12H100BL,36800,<p>«ЭКБ ТЕСТ» — надёжный партнёр для вашего бизнеса. Комплексные решения в микроэлектронике. Адекватные цены на производство модульных преобразователей «ИРТЫШ»®. Полная «PIN-TO-PIN» совместимость с продукцией VICOR. Разумные сроки. Индивидуальный подход.</p>,html,,<p>«ЭКБ ТЕСТ» — надёжный партнёр для вашего бизнеса. Комплексные решения в микроэлектронике. Адекватные цены на производство модульных преобразователей «ИРТЫШ»®. Полная «PIN-TO-PIN» совместимость с продукцией VICOR. Разумные сроки. Индивидуальный подход.</p>,html,,Vicor,,,V24C12H100BL," ""24"" (18..36В)",12,1/4 brick,,,,-40…103,,,,,proizvodstvo-preobrazovatelej-napryazheniya_523,,,ЭКБ ТЕСТ — надёжный партнёр для вашего бизнеса. Комплексные решения в микроэлектронике. Адекватные цены на производство преобразователей. Разумные сроки. Индивидуальный подход.,Полные pin-to-pin замены преобразователей Vicor,preobrazovateli-vicor,proizvodstvo-preobrazovatelej-napryazheniya_section_3
proizvodstvo-preobrazovatelej-napryazheniya_368,"Vicor, V24C15H100BL",Y,vicor-V24C15H100BL,36900,<p>«ЭКБ ТЕСТ» — надёжный партнёр для вашего бизнеса. Комплексные решения в микроэлектронике. Адекватные цены на производство модульных преобразователей «ИРТЫШ»®. Полная «PIN-TO-PIN» совместимость с продукцией VICOR. Разумные сроки. Индивидуальный подход.</p>,html,,<p>«ЭКБ ТЕСТ» — надёжный партнёр для вашего бизнеса. Комплексные решения в микроэлектронике. Адекватные цены на производство модульных преобразователей «ИРТЫШ»®. Полная «PIN-TO-PIN» совместимость с продукцией VICOR. Разумные сроки. Индивидуальный подход.</p>,html,,Vicor,,,V24C15H100BL," ""24"" (18..36В)",15,1/4 brick,,,,-40…104,,,,,proizvodstvo-preobrazovatelej-napryazheniya_524,,,ЭКБ ТЕСТ — надёжный партнёр для вашего бизнеса. Комплексные решения в микроэлектронике. Адекватные цены на производство преобразователей. Разумные сроки. Индивидуальный подход.,Полные pin-to-pin замены преобразователей Vicor,preobrazovateli-vicor,proizvodstvo-preobrazovatelej-napryazheniya_section_3
proizvodstvo-preobrazovatelej-napryazheniya_369,"Vicor, V24C24H100BL",Y,vicor-V24C24H100BL,37000,<p>«ЭКБ ТЕСТ» — надёжный партнёр для вашего бизнеса. Комплексные решения в микроэлектронике. Адекватные цены на производство модульных преобразователей «ИРТЫШ»®. Полная «PIN-TO-PIN» совместимость с продукцией VICOR. Разумные сроки. Индивидуальный подход.</p>,html,,<p>«ЭКБ ТЕСТ» — надёжный партнёр для вашего бизнеса. Комплексные решения в микроэлектронике. Адекватные цены на производство модульных преобразователей «ИРТЫШ»®. Полная «PIN-TO-PIN» совместимость с продукцией VICOR. Разумные сроки. Индивидуальный подход.</p>,html,,Vicor,,,V24C24H100BL," ""24"" (18..36В)",24,1/4 brick,,,,-40…105,,,,,proizvodstvo-preobrazovatelej-napryazheniya_525,,,ЭКБ ТЕСТ — надёжный партнёр для вашего бизнеса. Комплексные решения в микроэлектронике. Адекватные цены на производство преобразователей. Разумные сроки. Индивидуальный подход.,Полные pin-to-pin замены преобразователей Vicor,preobrazovateli-vicor,proizvodstvo-preobrazovatelej-napryazheniya_section_3
proizvodstvo-preobrazovatelej-napryazheniya_370,"Vicor, V24C28H100BL",Y,vicor-V24C28H100BL,37100,<p>«ЭКБ ТЕСТ» — надёжный партнёр для вашего бизнеса. Комплексные решения в микроэлектронике. Адекватные цены на производство модульных преобразователей «ИРТЫШ»®. Полная «PIN-TO-PIN» совместимость с продукцией VICOR. Разумные сроки. Индивидуальный подход.</p>,html,,<p>«ЭКБ ТЕСТ» — надёжный партнёр для вашего бизнеса. Комплексные решения в микроэлектронике. Адекватные цены на производство модульных преобразователей «ИРТЫШ»®. Полная «PIN-TO-PIN» совместимость с продукцией VICOR. Разумные сроки. Индивидуальный подход.</p>,html,,Vicor,,,V24C28H100BL," ""24"" (18..36В)",28,1/4 brick,,,,-40…106,,,,,proizvodstvo-preobrazovatelej-napryazheniya_526,,,ЭКБ ТЕСТ — надёжный партнёр для вашего бизнеса. Комплексные решения в микроэлектронике. Адекватные цены на производство преобразователей. Разумные сроки. Индивидуальный подход.,Полные pin-to-pin замены преобразователей Vicor,preobrazovateli-vicor,proizvodstvo-preobrazovatelej-napryazheniya_section_3
proizvodstvo-preobrazovatelej-napryazheniya_371,"Vicor, V24C36H100BL",Y,vicor-V24C36H100BL,37200,<p>«ЭКБ ТЕСТ» — надёжный партнёр для вашего бизнеса. Комплексные решения в микроэлектронике. Адекватные цены на производство модульных преобразователей «ИРТЫШ»®. Полная «PIN-TO-PIN» совместимость с продукцией VICOR. Разумные сроки. Индивидуальный подход.</p>,html,,<p>«ЭКБ ТЕСТ» — надёжный партнёр для вашего бизнеса. Комплексные решения в микроэлектронике. Адекватные цены на производство модульных преобразователей «ИРТЫШ»®. Полная «PIN-TO-PIN» совместимость с продукцией VICOR. Разумные сроки. Индивидуальный подход.</p>,html,,Vicor,,,V24C36H100BL," ""24"" (18..36В)",36,1/4 brick,,,,-40…107,,,,,proizvodstvo-preobrazovatelej-napryazheniya_527,,,ЭКБ ТЕСТ — надёжный партнёр для вашего бизнеса. Комплексные решения в микроэлектронике. Адекватные цены на производство преобразователей. Разумные сроки. Индивидуальный подход.,Полные pin-to-pin замены преобразователей Vicor,preobrazovateli-vicor,proizvodstvo-preobrazovatelej-napryazheniya_section_3
proizvodstvo-preobrazovatelej-napryazheniya_372,"Vicor, V24C48H100BL",Y,vicor-V24C48H100BL,37300,<p>«ЭКБ ТЕСТ» — надёжный партнёр для вашего бизнеса. Комплексные решения в микроэлектронике. Адекватные цены на производство модульных преобразователей «ИРТЫШ»®. Полная «PIN-TO-PIN» совместимость с продукцией VICOR. Разумные сроки. Индивидуальный подход.</p>,html,,<p>«ЭКБ ТЕСТ» — надёжный партнёр для вашего бизнеса. Комплексные решения в микроэлектронике. Адекватные цены на производство модульных преобразователей «ИРТЫШ»®. Полная «PIN-TO-PIN» совместимость с продукцией VICOR. Разумные сроки. Индивидуальный подход.</p>,html,,Vicor,,,V24C48H100BL," ""24"" (18..36В)",48,1/4 brick,,,,-40…108,,,,,proizvodstvo-preobrazovatelej-napryazheniya_528,,,ЭКБ ТЕСТ — надёжный партнёр для вашего бизнеса. Комплексные решения в микроэлектронике. Адекватные цены на производство преобразователей. Разумные сроки. Индивидуальный подход.,Полные pin-to-pin замены преобразователей Vicor,preobrazovateli-vicor,proizvodstvo-preobrazovatelej-napryazheniya_section_3
proizvodstvo-preobrazovatelej-napryazheniya_373,"Vicor, V24C3V3M50BL",Y,vicor-V24C3V3M50BL,37400,<p>«ЭКБ ТЕСТ» — надёжный партнёр для вашего бизнеса. Комплексные решения в микроэлектронике. Адекватные цены на производство модульных преобразователей «ИРТЫШ»®. Полная «PIN-TO-PIN» совместимость с продукцией VICOR. Разумные сроки. Индивидуальный подход.</p>,html,,<p>«ЭКБ ТЕСТ» — надёжный партнёр для вашего бизнеса. Комплексные решения в микроэлектронике. Адекватные цены на производство модульных преобразователей «ИРТЫШ»®. Полная «PIN-TO-PIN» совместимость с продукцией VICOR. Разумные сроки. Индивидуальный подход.</p>,html,,Vicor,,,V24C3V3M50BL," ""24"" (18..36В)","3,3",1/4 brick,,,,-55…100,,,,,proizvodstvo-preobrazovatelej-napryazheniya_235,,,ЭКБ ТЕСТ — надёжный партнёр для вашего бизнеса. Комплексные решения в микроэлектронике. Адекватные цены на производство преобразователей. Разумные сроки. Индивидуальный подход.,Полные pin-to-pin замены преобразователей Vicor,preobrazovateli-vicor,proizvodstvo-preobrazovatelej-napryazheniya_section_3
proizvodstvo-preobrazovatelej-napryazheniya_374,"Vicor, V24C5M100BL",Y,vicor-V24C5M100BL,37500,<p>«ЭКБ ТЕСТ» — надёжный партнёр для вашего бизнеса. Комплексные решения в микроэлектронике. Адекватные цены на производство модульных преобразователей «ИРТЫШ»®. Полная «PIN-TO-PIN» совместимость с продукцией VICOR. Разумные сроки. Индивидуальный подход.</p>,html,,<p>«ЭКБ ТЕСТ» — надёжный партнёр для вашего бизнеса. Комплексные решения в микроэлектронике. Адекватные цены на производство модульных преобразователей «ИРТЫШ»®. Полная «PIN-TO-PIN» совместимость с продукцией VICOR. Разумные сроки. Индивидуальный подход.</p>,html,,Vicor,,,V24C5M100BL," ""24"" (18..36В)",5,1/4 brick,,,,-55…101,,,,,proizvodstvo-preobrazovatelej-napryazheniya_236,,,ЭКБ ТЕСТ — надёжный партнёр для вашего бизнеса. Комплексные решения в микроэлектронике. Адекватные цены на производство преобразователей. Разумные сроки. Индивидуальный подход.,Полные pin-to-pin замены преобразователей Vicor,preobrazovateli-vicor,proizvodstvo-preobrazovatelej-napryazheniya_section_3
proizvodstvo-preobrazovatelej-napryazheniya_375,"Vicor, V24C8M100BL",Y,vicor-V24C8M100BL,37600,<p>«ЭКБ ТЕСТ» — надёжный партнёр для вашего бизнеса. Комплексные решения в микроэлектронике. Адекватные цены на производство модульных преобразователей «ИРТЫШ»®. Полная «PIN-TO-PIN» совместимость с продукцией VICOR. Разумные сроки. Индивидуальный подход.</p>,html,,<p>«ЭКБ ТЕСТ» — надёжный партнёр для вашего бизнеса. Комплексные решения в микроэлектронике. Адекватные цены на производство модульных преобразователей «ИРТЫШ»®. Полная «PIN-TO-PIN» совместимость с продукцией VICOR. Разумные сроки. Индивидуальный подход.</p>,html,,Vicor,,,V24C8M100BL," ""24"" (18..36В)",8,1/4 brick,,,,-55…102,,,,,proizvodstvo-preobrazovatelej-napryazheniya_237,,,ЭКБ ТЕСТ — надёжный партнёр для вашего бизнеса. Комплексные решения в микроэлектронике. Адекватные цены на производство преобразователей. Разумные сроки. Индивидуальный подход.,Полные pin-to-pin замены преобразователей Vicor,preobrazovateli-vicor,proizvodstvo-preobrazovatelej-napryazheniya_section_3
proizvodstvo-preobrazovatelej-napryazheniya_376,"Vicor, V24C12M100BL",Y,vicor-V24C12M100BL,37700,<p>«ЭКБ ТЕСТ» — надёжный партнёр для вашего бизнеса. Комплексные решения в микроэлектронике. Адекватные цены на производство модульных преобразователей «ИРТЫШ»®. Полная «PIN-TO-PIN» совместимость с продукцией VICOR. Разумные сроки. Индивидуальный подход.</p>,html,,<p>«ЭКБ ТЕСТ» — надёжный партнёр для вашего бизнеса. Комплексные решения в микроэлектронике. Адекватные цены на производство модульных преобразователей «ИРТЫШ»®. Полная «PIN-TO-PIN» совместимость с продукцией VICOR. Разумные сроки. Индивидуальный подход.</p>,html,,Vicor,,,V24C12M100BL," ""24"" (18..36В)",12,1/4 brick,,,,-55…103,,,,,proizvodstvo-preobrazovatelej-napryazheniya_529,,,ЭКБ ТЕСТ — надёжный партнёр для вашего бизнеса. Комплексные решения в микроэлектронике. Адекватные цены на производство преобразователей. Разумные сроки. Индивидуальный подход.,Полные pin-to-pin замены преобразователей Vicor,preobrazovateli-vicor,proizvodstvo-preobrazovatelej-napryazheniya_section_3
proizvodstvo-preobrazovatelej-napryazheniya_377,"Vicor, V24C15M100BL",Y,vicor-V24C15M100BL,37800,<p>«ЭКБ ТЕСТ» — надёжный партнёр для вашего бизнеса. Комплексные решения в микроэлектронике. Адекватные цены на производство модульных преобразователей «ИРТЫШ»®. Полная «PIN-TO-PIN» совместимость с продукцией VICOR. Разумные сроки. Индивидуальный подход.</p>,html,,<p>«ЭКБ ТЕСТ» — надёжный партнёр для вашего бизнеса. Комплексные решения в микроэлектронике. Адекватные цены на производство модульных преобразователей «ИРТЫШ»®. Полная «PIN-TO-PIN» совместимость с продукцией VICOR. Разумные сроки. Индивидуальный подход.</p>,html,,Vicor,,,V24C15M100BL," ""24"" (18..36В)",15,1/4 brick,,,,-55…104,,,,,proizvodstvo-preobrazovatelej-napryazheniya_530,,,ЭКБ ТЕСТ — надёжный партнёр для вашего бизнеса. Комплексные решения в микроэлектронике. Адекватные цены на производство преобразователей. Разумные сроки. Индивидуальный подход.,Полные pin-to-pin замены преобразователей Vicor,preobrazovateli-vicor,proizvodstvo-preobrazovatelej-napryazheniya_section_3
proizvodstvo-preobrazovatelej-napryazheniya_378,"Vicor, V24C24M100BL",Y,vicor-V24C24M100BL,37900,<p>«ЭКБ ТЕСТ» — надёжный партнёр для вашего бизнеса. Комплексные решения в микроэлектронике. Адекватные цены на производство модульных преобразователей «ИРТЫШ»®. Полная «PIN-TO-PIN» совместимость с продукцией VICOR. Разумные сроки. Индивидуальный подход.</p>,html,,<p>«ЭКБ ТЕСТ» — надёжный партнёр для вашего бизнеса. Комплексные решения в микроэлектронике. Адекватные цены на производство модульных преобразователей «ИРТЫШ»®. Полная «PIN-TO-PIN» совместимость с продукцией VICOR. Разумные сроки. Индивидуальный подход.</p>,html,,Vicor,,,V24C24M100BL," ""24"" (18..36В)",24,1/4 brick,,,,-55…105,,,,,proizvodstvo-preobrazovatelej-napryazheniya_531,,,ЭКБ ТЕСТ — надёжный партнёр для вашего бизнеса. Комплексные решения в микроэлектронике. Адекватные цены на производство преобразователей. Разумные сроки. Индивидуальный подход.,Полные pin-to-pin замены преобразователей Vicor,preobrazovateli-vicor,proizvodstvo-preobrazovatelej-napryazheniya_section_3
proizvodstvo-preobrazovatelej-napryazheniya_379,"Vicor, V24C28M100BL",Y,vicor-V24C28M100BL,38000,<p>«ЭКБ ТЕСТ» — надёжный партнёр для вашего бизнеса. Комплексные решения в микроэлектронике. Адекватные цены на производство модульных преобразователей «ИРТЫШ»®. Полная «PIN-TO-PIN» совместимость с продукцией VICOR. Разумные сроки. Индивидуальный подход.</p>,html,,<p>«ЭКБ ТЕСТ» — надёжный партнёр для вашего бизнеса. Комплексные решения в микроэлектронике. Адекватные цены на производство модульных преобразователей «ИРТЫШ»®. Полная «PIN-TO-PIN» совместимость с продукцией VICOR. Разумные сроки. Индивидуальный подход.</p>,html,,Vicor,,,V24C28M100BL," ""24"" (18..36В)",28,1/4 brick,,,,-55…106,,,,,proizvodstvo-preobrazovatelej-napryazheniya_532,,,ЭКБ ТЕСТ — надёжный партнёр для вашего бизнеса. Комплексные решения в микроэлектронике. Адекватные цены на производство преобразователей. Разумные сроки. Индивидуальный подход.,Полные pin-to-pin замены преобразователей Vicor,preobrazovateli-vicor,proizvodstvo-preobrazovatelej-napryazheniya_section_3
proizvodstvo-preobrazovatelej-napryazheniya_380,"Vicor, V24C36M100BL",Y,vicor-V24C36M100BL,38100,<p>«ЭКБ ТЕСТ» — надёжный партнёр для вашего бизнеса. Комплексные решения в микроэлектронике. Адекватные цены на производство модульных преобразователей «ИРТЫШ»®. Полная «PIN-TO-PIN» совместимость с продукцией VICOR. Разумные сроки. Индивидуальный подход.</p>,html,,<p>«ЭКБ ТЕСТ» — надёжный партнёр для вашего бизнеса. Комплексные решения в микроэлектронике. Адекватные цены на производство модульных преобразователей «ИРТЫШ»®. Полная «PIN-TO-PIN» совместимость с продукцией VICOR. Разумные сроки. Индивидуальный подход.</p>,html,,Vicor,,,V24C36M100BL," ""24"" (18..36В)",36,1/4 brick,,,,-55…107,,,,,proizvodstvo-preobrazovatelej-napryazheniya_533,,,ЭКБ ТЕСТ — надёжный партнёр для вашего бизнеса. Комплексные решения в микроэлектронике. Адекватные цены на производство преобразователей. Разумные сроки. Индивидуальный подход.,Полные pin-to-pin замены преобразователей Vicor,preobrazovateli-vicor,proizvodstvo-preobrazovatelej-napryazheniya_section_3
proizvodstvo-preobrazovatelej-napryazheniya_381,"Vicor, V24C48M100BL",Y,vicor-V24C48M100BL,38200,<p>«ЭКБ ТЕСТ» — надёжный партнёр для вашего бизнеса. Комплексные решения в микроэлектронике. Адекватные цены на производство модульных преобразователей «ИРТЫШ»®. Полная «PIN-TO-PIN» совместимость с продукцией VICOR. Разумные сроки. Индивидуальный подход.</p>,html,,<p>«ЭКБ ТЕСТ» — надёжный партнёр для вашего бизнеса. Комплексные решения в микроэлектронике. Адекватные цены на производство модульных преобразователей «ИРТЫШ»®. Полная «PIN-TO-PIN» совместимость с продукцией VICOR. Разумные сроки. Индивидуальный подход.</p>,html,,Vicor,,,V24C48M100BL," ""24"" (18..36В)",48,1/4 brick,,,,-55…108,,,,,proizvodstvo-preobrazovatelej-napryazheniya_534,,,ЭКБ ТЕСТ — надёжный партнёр для вашего бизнеса. Комплексные решения в микроэлектронике. Адекватные цены на производство преобразователей. Разумные сроки. Индивидуальный подход.,Полные pin-to-pin замены преобразователей Vicor,preobrazovateli-vicor,proizvodstvo-preobrazovatelej-napryazheniya_section_3
proizvodstvo-preobrazovatelej-napryazheniya_382,"Vicor, V300A3V3H264BL",Y,vicor-V300A3V3H264BL,38300,<p>«ЭКБ ТЕСТ» — надёжный партнёр для вашего бизнеса. Комплексные решения в микроэлектронике. Адекватные цены на производство модульных преобразователей «ИРТЫШ»®. Полная «PIN-TO-PIN» совместимость с продукцией VICOR. Разумные сроки. Индивидуальный подход.</p>,html,,<p>«ЭКБ ТЕСТ» — надёжный партнёр для вашего бизнеса. Комплексные решения в микроэлектронике. Адекватные цены на производство модульных преобразователей «ИРТЫШ»®. Полная «PIN-TO-PIN» совместимость с продукцией VICOR. Разумные сроки. Индивидуальный подход.</p>,html,,Vicor,,,V300A3V3H264BL,"""300"" (180..375)","3,3",Full brick,,,,-40…100,,,,,proizvodstvo-preobrazovatelej-napryazheniya_10,,,ЭКБ ТЕСТ — надёжный партнёр для вашего бизнеса. Комплексные решения в микроэлектронике. Адекватные цены на производство преобразователей. Разумные сроки. Индивидуальный подход.,Полные pin-to-pin замены преобразователей Vicor,preobrazovateli-vicor,proizvodstvo-preobrazovatelej-napryazheniya_section_3
proizvodstvo-preobrazovatelej-napryazheniya_383,"Vicor, V300A5H400BL",Y,vicor-V300A5H400BL,38400,<p>«ЭКБ ТЕСТ» — надёжный партнёр для вашего бизнеса. Комплексные решения в микроэлектронике. Адекватные цены на производство модульных преобразователей «ИРТЫШ»®. Полная «PIN-TO-PIN» совместимость с продукцией VICOR. Разумные сроки. Индивидуальный подход.</p>,html,,<p>«ЭКБ ТЕСТ» — надёжный партнёр для вашего бизнеса. Комплексные решения в микроэлектронике. Адекватные цены на производство модульных преобразователей «ИРТЫШ»®. Полная «PIN-TO-PIN» совместимость с продукцией VICOR. Разумные сроки. Индивидуальный подход.</p>,html,,Vicor,,,V300A5H400BL,"""300"" (180..375)",5,Full brick,,,,-40…101,,,,,proizvodstvo-preobrazovatelej-napryazheniya_11,,,ЭКБ ТЕСТ — надёжный партнёр для вашего бизнеса. Комплексные решения в микроэлектронике. Адекватные цены на производство преобразователей. Разумные сроки. Индивидуальный подход.,Полные pin-to-pin замены преобразователей Vicor,preobrazovateli-vicor,proizvodstvo-preobrazovatelej-napryazheniya_section_3
proizvodstvo-preobrazovatelej-napryazheniya_384,"Vicor, V300A8H400BL",Y,vicor-V300A8H400BL,38500,<p>«ЭКБ ТЕСТ» — надёжный партнёр для вашего бизнеса. Комплексные решения в микроэлектронике. Адекватные цены на производство модульных преобразователей «ИРТЫШ»®. Полная «PIN-TO-PIN» совместимость с продукцией VICOR. Разумные сроки. Индивидуальный подход.</p>,html,,<p>«ЭКБ ТЕСТ» — надёжный партнёр для вашего бизнеса. Комплексные решения в микроэлектронике. Адекватные цены на производство модульных преобразователей «ИРТЫШ»®. Полная «PIN-TO-PIN» совместимость с продукцией VICOR. Разумные сроки. Индивидуальный подход.</p>,html,,Vicor,,,V300A8H400BL,"""300"" (180..375)",8,Full brick,,,,-40…102,,,,,proizvodstvo-preobrazovatelej-napryazheniya_12,,,ЭКБ ТЕСТ — надёжный партнёр для вашего бизнеса. Комплексные решения в микроэлектронике. Адекватные цены на производство преобразователей. Разумные сроки. Индивидуальный подход.,Полные pin-to-pin замены преобразователей Vicor,preobrazovateli-vicor,proizvodstvo-preobrazovatelej-napryazheniya_section_3
proizvodstvo-preobrazovatelej-napryazheniya_385,"Vicor, V300A12H500BL",Y,vicor-V300A12H500BL,38600,<p>«ЭКБ ТЕСТ» — надёжный партнёр для вашего бизнеса. Комплексные решения в микроэлектронике. Адекватные цены на производство модульных преобразователей «ИРТЫШ»®. Полная «PIN-TO-PIN» совместимость с продукцией VICOR. Разумные сроки. Индивидуальный подход.</p>,html,,<p>«ЭКБ ТЕСТ» — надёжный партнёр для вашего бизнеса. Комплексные решения в микроэлектронике. Адекватные цены на производство модульных преобразователей «ИРТЫШ»®. Полная «PIN-TO-PIN» совместимость с продукцией VICOR. Разумные сроки. Индивидуальный подход.</p>,html,,Vicor,,,V300A12H500BL,"""300"" (180..375)",12,Full brick,,,,-40…103,,,,,proizvodstvo-preobrazovatelej-napryazheniya_13,,,ЭКБ ТЕСТ — надёжный партнёр для вашего бизнеса. Комплексные решения в микроэлектронике. Адекватные цены на производство преобразователей. Разумные сроки. Индивидуальный подход.,Полные pin-to-pin замены преобразователей Vicor,preobrazovateli-vicor,proizvodstvo-preobrazovatelej-napryazheniya_section_3
proizvodstvo-preobrazovatelej-napryazheniya_386,"Vicor, V300A15H500BL",Y,vicor-V300A15H500BL,38700,<p>«ЭКБ ТЕСТ» — надёжный партнёр для вашего бизнеса. Комплексные решения в микроэлектронике. Адекватные цены на производство модульных преобразователей «ИРТЫШ»®. Полная «PIN-TO-PIN» совместимость с продукцией VICOR. Разумные сроки. Индивидуальный подход.</p>,html,,<p>«ЭКБ ТЕСТ» — надёжный партнёр для вашего бизнеса. Комплексные решения в микроэлектронике. Адекватные цены на производство модульных преобразователей «ИРТЫШ»®. Полная «PIN-TO-PIN» совместимость с продукцией VICOR. Разумные сроки. Индивидуальный подход.</p>,html,,Vicor,,,V300A15H500BL,"""300"" (180..375)",15,Full brick,,,,-40…104,,,,,proizvodstvo-preobrazovatelej-napryazheniya_14,,,ЭКБ ТЕСТ — надёжный партнёр для вашего бизнеса. Комплексные решения в микроэлектронике. Адекватные цены на производство преобразователей. Разумные сроки. Индивидуальный подход.,Полные pin-to-pin замены преобразователей Vicor,preobrazovateli-vicor,proizvodstvo-preobrazovatelej-napryazheniya_section_3
proizvodstvo-preobrazovatelej-napryazheniya_387,"Vicor, V300A24H500BL",Y,vicor-V300A24H500BL,38800,<p>«ЭКБ ТЕСТ» — надёжный партнёр для вашего бизнеса. Комплексные решения в микроэлектронике. Адекватные цены на производство модульных преобразователей «ИРТЫШ»®. Полная «PIN-TO-PIN» совместимость с продукцией VICOR. Разумные сроки. Индивидуальный подход.</p>,html,,<p>«ЭКБ ТЕСТ» — надёжный партнёр для вашего бизнеса. Комплексные решения в микроэлектронике. Адекватные цены на производство модульных преобразователей «ИРТЫШ»®. Полная «PIN-TO-PIN» совместимость с продукцией VICOR. Разумные сроки. Индивидуальный подход.</p>,html,,Vicor,,,V300A24H500BL,"""300"" (180..375)",24,Full brick,,,,-40…105,,,,,proizvodstvo-preobrazovatelej-napryazheniya_15,,,ЭКБ ТЕСТ — надёжный партнёр для вашего бизнеса. Комплексные решения в микроэлектронике. Адекватные цены на производство преобразователей. Разумные сроки. Индивидуальный подход.,Полные pin-to-pin замены преобразователей Vicor,preobrazovateli-vicor,proizvodstvo-preobrazovatelej-napryazheniya_section_3
proizvodstvo-preobrazovatelej-napryazheniya_388,"Vicor, V300A28H500BL",Y,vicor-V300A28H500BL,38900,<p>«ЭКБ ТЕСТ» — надёжный партнёр для вашего бизнеса. Комплексные решения в микроэлектронике. Адекватные цены на производство модульных преобразователей «ИРТЫШ»®. Полная «PIN-TO-PIN» совместимость с продукцией VICOR. Разумные сроки. Индивидуальный подход.</p>,html,,<p>«ЭКБ ТЕСТ» — надёжный партнёр для вашего бизнеса. Комплексные решения в микроэлектронике. Адекватные цены на производство модульных преобразователей «ИРТЫШ»®. Полная «PIN-TO-PIN» совместимость с продукцией VICOR. Разумные сроки. Индивидуальный подход.</p>,html,,Vicor,,,V300A28H500BL,"""300"" (180..375)",28,Full brick,,,,-40…106,,,,,proizvodstvo-preobrazovatelej-napryazheniya_16,,,ЭКБ ТЕСТ — надёжный партнёр для вашего бизнеса. Комплексные решения в микроэлектронике. Адекватные цены на производство преобразователей. Разумные сроки. Индивидуальный подход.,Полные pin-to-pin замены преобразователей Vicor,preobrazovateli-vicor,proizvodstvo-preobrazovatelej-napryazheniya_section_3
proizvodstvo-preobrazovatelej-napryazheniya_389,"Vicor, V300A36H500BL",Y,vicor-V300A36H500BL,39000,<p>«ЭКБ ТЕСТ» — надёжный партнёр для вашего бизнеса. Комплексные решения в микроэлектронике. Адекватные цены на производство модульных преобразователей «ИРТЫШ»®. Полная «PIN-TO-PIN» совместимость с продукцией VICOR. Разумные сроки. Индивидуальный подход.</p>,html,,<p>«ЭКБ ТЕСТ» — надёжный партнёр для вашего бизнеса. Комплексные решения в микроэлектронике. Адекватные цены на производство модульных преобразователей «ИРТЫШ»®. Полная «PIN-TO-PIN» совместимость с продукцией VICOR. Разумные сроки. Индивидуальный подход.</p>,html,,Vicor,,,V300A36H500BL,"""300"" (180..375)",36,Full brick,,,,-40…107,,,,,proizvodstvo-preobrazovatelej-napryazheniya_17,,,ЭКБ ТЕСТ — надёжный партнёр для вашего бизнеса. Комплексные решения в микроэлектронике. Адекватные цены на производство преобразователей. Разумные сроки. Индивидуальный подход.,Полные pin-to-pin замены преобразователей Vicor,preobrazovateli-vicor,proizvodstvo-preobrazovatelej-napryazheniya_section_3
proizvodstvo-preobrazovatelej-napryazheniya_390,"Vicor, V300A48H500BL",Y,vicor-V300A48H500BL,39100,<p>«ЭКБ ТЕСТ» — надёжный партнёр для вашего бизнеса. Комплексные решения в микроэлектронике. Адекватные цены на производство модульных преобразователей «ИРТЫШ»®. Полная «PIN-TO-PIN» совместимость с продукцией VICOR. Разумные сроки. Индивидуальный подход.</p>,html,,<p>«ЭКБ ТЕСТ» — надёжный партнёр для вашего бизнеса. Комплексные решения в микроэлектронике. Адекватные цены на производство модульных преобразователей «ИРТЫШ»®. Полная «PIN-TO-PIN» совместимость с продукцией VICOR. Разумные сроки. Индивидуальный подход.</p>,html,,Vicor,,,V300A48H500BL,"""300"" (180..375)",48,Full brick,,,,-40…108,,,,,proizvodstvo-preobrazovatelej-napryazheniya_18,,,ЭКБ ТЕСТ — надёжный партнёр для вашего бизнеса. Комплексные решения в микроэлектронике. Адекватные цены на производство преобразователей. Разумные сроки. Индивидуальный подход.,Полные pin-to-pin замены преобразователей Vicor,preobrazovateli-vicor,proizvodstvo-preobrazovatelej-napryazheniya_section_3
proizvodstvo-preobrazovatelej-napryazheniya_391,"Vicor, V300A3V3M264BL",Y,vicor-V300A3V3M264BL,39200,<p>«ЭКБ ТЕСТ» — надёжный партнёр для вашего бизнеса. Комплексные решения в микроэлектронике. Адекватные цены на производство модульных преобразователей «ИРТЫШ»®. Полная «PIN-TO-PIN» совместимость с продукцией VICOR. Разумные сроки. Индивидуальный подход.</p>,html,,<p>«ЭКБ ТЕСТ» — надёжный партнёр для вашего бизнеса. Комплексные решения в микроэлектронике. Адекватные цены на производство модульных преобразователей «ИРТЫШ»®. Полная «PIN-TO-PIN» совместимость с продукцией VICOR. Разумные сроки. Индивидуальный подход.</p>,html,,Vicor,,,V300A3V3M264BL,"""300"" (180..375)","3,3",Full brick,,,,-55…100,,,,,proizvodstvo-preobrazovatelej-napryazheniya_19,,,ЭКБ ТЕСТ — надёжный партнёр для вашего бизнеса. Комплексные решения в микроэлектронике. Адекватные цены на производство преобразователей. Разумные сроки. Индивидуальный подход.,Полные pin-to-pin замены преобразователей Vicor,preobrazovateli-vicor,proizvodstvo-preobrazovatelej-napryazheniya_section_3
proizvodstvo-preobrazovatelej-napryazheniya_392,"Vicor, V300A5M400BL",Y,vicor-V300A5M400BL,39300,<p>«ЭКБ ТЕСТ» — надёжный партнёр для вашего бизнеса. Комплексные решения в микроэлектронике. Адекватные цены на производство модульных преобразователей «ИРТЫШ»®. Полная «PIN-TO-PIN» совместимость с продукцией VICOR. Разумные сроки. Индивидуальный подход.</p>,html,,<p>«ЭКБ ТЕСТ» — надёжный партнёр для вашего бизнеса. Комплексные решения в микроэлектронике. Адекватные цены на производство модульных преобразователей «ИРТЫШ»®. Полная «PIN-TO-PIN» совместимость с продукцией VICOR. Разумные сроки. Индивидуальный подход.</p>,html,,Vicor,,,V300A5M400BL,"""300"" (180..375)",5,Full brick,,,,-55…101,,,,,proizvodstvo-preobrazovatelej-napryazheniya_20,,,ЭКБ ТЕСТ — надёжный партнёр для вашего бизнеса. Комплексные решения в микроэлектронике. Адекватные цены на производство преобразователей. Разумные сроки. Индивидуальный подход.,Полные pin-to-pin замены преобразователей Vicor,preobrazovateli-vicor,proizvodstvo-preobrazovatelej-napryazheniya_section_3
proizvodstvo-preobrazovatelej-napryazheniya_393,"Vicor, V300A8M400BL",Y,vicor-V300A8M400BL,39400,<p>«ЭКБ ТЕСТ» — надёжный партнёр для вашего бизнеса. Комплексные решения в микроэлектронике. Адекватные цены на производство модульных преобразователей «ИРТЫШ»®. Полная «PIN-TO-PIN» совместимость с продукцией VICOR. Разумные сроки. Индивидуальный подход.</p>,html,,<p>«ЭКБ ТЕСТ» — надёжный партнёр для вашего бизнеса. Комплексные решения в микроэлектронике. Адекватные цены на производство модульных преобразователей «ИРТЫШ»®. Полная «PIN-TO-PIN» совместимость с продукцией VICOR. Разумные сроки. Индивидуальный подход.</p>,html,,Vicor,,,V300A8M400BL,"""300"" (180..375)",8,Full brick,,,,-55…102,,,,,proizvodstvo-preobrazovatelej-napryazheniya_21,,,ЭКБ ТЕСТ — надёжный партнёр для вашего бизнеса. Комплексные решения в микроэлектронике. Адекватные цены на производство преобразователей. Разумные сроки. Индивидуальный подход.,Полные pin-to-pin замены преобразователей Vicor,preobrazovateli-vicor,proizvodstvo-preobrazovatelej-napryazheniya_section_3
proizvodstvo-preobrazovatelej-napryazheniya_394,"Vicor, V300A12M500BL",Y,vicor-V300A12M500BL,39500,<p>«ЭКБ ТЕСТ» — надёжный партнёр для вашего бизнеса. Комплексные решения в микроэлектронике. Адекватные цены на производство модульных преобразователей «ИРТЫШ»®. Полная «PIN-TO-PIN» совместимость с продукцией VICOR. Разумные сроки. Индивидуальный подход.</p>,html,,<p>«ЭКБ ТЕСТ» — надёжный партнёр для вашего бизнеса. Комплексные решения в микроэлектронике. Адекватные цены на производство модульных преобразователей «ИРТЫШ»®. Полная «PIN-TO-PIN» совместимость с продукцией VICOR. Разумные сроки. Индивидуальный подход.</p>,html,,Vicor,,,V300A12M500BL,"""300"" (180..375)",12,Full brick,,,,-55…103,,,,,proizvodstvo-preobrazovatelej-napryazheniya_22,,,ЭКБ ТЕСТ — надёжный партнёр для вашего бизнеса. Комплексные решения в микроэлектронике. Адекватные цены на производство преобразователей. Разумные сроки. Индивидуальный подход.,Полные pin-to-pin замены преобразователей Vicor,preobrazovateli-vicor,proizvodstvo-preobrazovatelej-napryazheniya_section_3
proizvodstvo-preobrazovatelej-napryazheniya_395,"Vicor, V300A15M500BL",Y,vicor-V300A15M500BL,39600,<p>«ЭКБ ТЕСТ» — надёжный партнёр для вашего бизнеса. Комплексные решения в микроэлектронике. Адекватные цены на производство модульных преобразователей «ИРТЫШ»®. Полная «PIN-TO-PIN» совместимость с продукцией VICOR. Разумные сроки. Индивидуальный подход.</p>,html,,<p>«ЭКБ ТЕСТ» — надёжный партнёр для вашего бизнеса. Комплексные решения в микроэлектронике. Адекватные цены на производство модульных преобразователей «ИРТЫШ»®. Полная «PIN-TO-PIN» совместимость с продукцией VICOR. Разумные сроки. Индивидуальный подход.</p>,html,,Vicor,,,V300A15M500BL,"""300"" (180..375)",15,Full brick,,,,-55…104,,,,,proizvodstvo-preobrazovatelej-napryazheniya_23,,,ЭКБ ТЕСТ — надёжный партнёр для вашего бизнеса. Комплексные решения в микроэлектронике. Адекватные цены на производство преобразователей. Разумные сроки. Индивидуальный подход.,Полные pin-to-pin замены преобразователей Vicor,preobrazovateli-vicor,proizvodstvo-preobrazovatelej-napryazheniya_section_3
proizvodstvo-preobrazovatelej-napryazheniya_396,"Vicor, V300A24M500BL",Y,vicor-V300A24M500BL,39700,<p>«ЭКБ ТЕСТ» — надёжный партнёр для вашего бизнеса. Комплексные решения в микроэлектронике. Адекватные цены на производство модульных преобразователей «ИРТЫШ»®. Полная «PIN-TO-PIN» совместимость с продукцией VICOR. Разумные сроки. Индивидуальный подход.</p>,html,,<p>«ЭКБ ТЕСТ» — надёжный партнёр для вашего бизнеса. Комплексные решения в микроэлектронике. Адекватные цены на производство модульных преобразователей «ИРТЫШ»®. Полная «PIN-TO-PIN» совместимость с продукцией VICOR. Разумные сроки. Индивидуальный подход.</p>,html,,Vicor,,,V300A24M500BL,"""300"" (180..375)",24,Full brick,,,,-55…105,,,,,proizvodstvo-preobrazovatelej-napryazheniya_24,,,ЭКБ ТЕСТ — надёжный партнёр для вашего бизнеса. Комплексные решения в микроэлектронике. Адекватные цены на производство преобразователей. Разумные сроки. Индивидуальный подход.,Полные pin-to-pin замены преобразователей Vicor,preobrazovateli-vicor,proizvodstvo-preobrazovatelej-napryazheniya_section_3
proizvodstvo-preobrazovatelej-napryazheniya_397,"Vicor, V300A28M500BL",Y,vicor-V300A28M500BL,39800,<p>«ЭКБ ТЕСТ» — надёжный партнёр для вашего бизнеса. Комплексные решения в микроэлектронике. Адекватные цены на производство модульных преобразователей «ИРТЫШ»®. Полная «PIN-TO-PIN» совместимость с продукцией VICOR. Разумные сроки. Индивидуальный подход.</p>,html,,<p>«ЭКБ ТЕСТ» — надёжный партнёр для вашего бизнеса. Комплексные решения в микроэлектронике. Адекватные цены на производство модульных преобразователей «ИРТЫШ»®. Полная «PIN-TO-PIN» совместимость с продукцией VICOR. Разумные сроки. Индивидуальный подход.</p>,html,,Vicor,,,V300A28M500BL,"""300"" (180..375)",28,Full brick,,,,-55…106,,,,,proizvodstvo-preobrazovatelej-napryazheniya_25,,,ЭКБ ТЕСТ — надёжный партнёр для вашего бизнеса. Комплексные решения в микроэлектронике. Адекватные цены на производство преобразователей. Разумные сроки. Индивидуальный подход.,Полные pin-to-pin замены преобразователей Vicor,preobrazovateli-vicor,proizvodstvo-preobrazovatelej-napryazheniya_section_3
proizvodstvo-preobrazovatelej-napryazheniya_398,"Vicor, V300A36M500BL",Y,vicor-V300A36M500BL,39900,<p>«ЭКБ ТЕСТ» — надёжный партнёр для вашего бизнеса. Комплексные решения в микроэлектронике. Адекватные цены на производство модульных преобразователей «ИРТЫШ»®. Полная «PIN-TO-PIN» совместимость с продукцией VICOR. Разумные сроки. Индивидуальный подход.</p>,html,,<p>«ЭКБ ТЕСТ» — надёжный партнёр для вашего бизнеса. Комплексные решения в микроэлектронике. Адекватные цены на производство модульных преобразователей «ИРТЫШ»®. Полная «PIN-TO-PIN» совместимость с продукцией VICOR. Разумные сроки. Индивидуальный подход.</p>,html,,Vicor,,,V300A36M500BL,"""300"" (180..375)",36,Full brick,,,,-55…107,,,,,proizvodstvo-preobrazovatelej-napryazheniya_26,,,ЭКБ ТЕСТ — надёжный партнёр для вашего бизнеса. Комплексные решения в микроэлектронике. Адекватные цены на производство преобразователей. Разумные сроки. Индивидуальный подход.,Полные pin-to-pin замены преобразователей Vicor,preobrazovateli-vicor,proizvodstvo-preobrazovatelej-napryazheniya_section_3
proizvodstvo-preobrazovatelej-napryazheniya_399,"Vicor, V300A48M500BL",Y,vicor-V300A48M500BL,40000,<p>«ЭКБ ТЕСТ» — надёжный партнёр для вашего бизнеса. Комплексные решения в микроэлектронике. Адекватные цены на производство модульных преобразователей «ИРТЫШ»®. Полная «PIN-TO-PIN» совместимость с продукцией VICOR. Разумные сроки. Индивидуальный подход.</p>,html,,<p>«ЭКБ ТЕСТ» — надёжный партнёр для вашего бизнеса. Комплексные решения в микроэлектронике. Адекватные цены на производство модульных преобразователей «ИРТЫШ»®. Полная «PIN-TO-PIN» совместимость с продукцией VICOR. Разумные сроки. Индивидуальный подход.</p>,html,,Vicor,,,V300A48M500BL,"""300"" (180..375)",48,Full brick,,,,-55…108,,,,,proizvodstvo-preobrazovatelej-napryazheniya_27,,,ЭКБ ТЕСТ — надёжный партнёр для вашего бизнеса. Комплексные решения в микроэлектронике. Адекватные цены на производство преобразователей. Разумные сроки. Индивидуальный подход.,Полные pin-to-pin замены преобразователей Vicor,preobrazovateli-vicor,proizvodstvo-preobrazovatelej-napryazheniya_section_3
proizvodstvo-preobrazovatelej-napryazheniya_400,"Vicor, V300B3V3H150BL",Y,vicor-V300B3V3H150BL,40100,<p>«ЭКБ ТЕСТ» — надёжный партнёр для вашего бизнеса. Комплексные решения в микроэлектронике. Адекватные цены на производство модульных преобразователей «ИРТЫШ»®. Полная «PIN-TO-PIN» совместимость с продукцией VICOR. Разумные сроки. Индивидуальный подход.</p>,html,,<p>«ЭКБ ТЕСТ» — надёжный партнёр для вашего бизнеса. Комплексные решения в микроэлектронике. Адекватные цены на производство модульных преобразователей «ИРТЫШ»®. Полная «PIN-TO-PIN» совместимость с продукцией VICOR. Разумные сроки. Индивидуальный подход.</p>,html,,Vicor,,,V300B3V3H150BL,"""300"" (180..375)","3,3",1/2 brick,,,,-40…100,,,,,proizvodstvo-preobrazovatelej-napryazheniya_37,,,ЭКБ ТЕСТ — надёжный партнёр для вашего бизнеса. Комплексные решения в микроэлектронике. Адекватные цены на производство преобразователей. Разумные сроки. Индивидуальный подход.,Полные pin-to-pin замены преобразователей Vicor,preobrazovateli-vicor,proizvodstvo-preobrazovatelej-napryazheniya_section_3
proizvodstvo-preobrazovatelej-napryazheniya_401,"Vicor, V300B5H200BL",Y,vicor-V300B5H200BL,40200,<p>«ЭКБ ТЕСТ» — надёжный партнёр для вашего бизнеса. Комплексные решения в микроэлектронике. Адекватные цены на производство модульных преобразователей «ИРТЫШ»®. Полная «PIN-TO-PIN» совместимость с продукцией VICOR. Разумные сроки. Индивидуальный подход.</p>,html,,<p>«ЭКБ ТЕСТ» — надёжный партнёр для вашего бизнеса. Комплексные решения в микроэлектронике. Адекватные цены на производство модульных преобразователей «ИРТЫШ»®. Полная «PIN-TO-PIN» совместимость с продукцией VICOR. Разумные сроки. Индивидуальный подход.</p>,html,,Vicor,,,V300B5H200BL,"""300"" (180..375)",5,1/2 brick,,,,-40…101,,,,,proizvodstvo-preobrazovatelej-napryazheniya_38,,,ЭКБ ТЕСТ — надёжный партнёр для вашего бизнеса. Комплексные решения в микроэлектронике. Адекватные цены на производство преобразователей. Разумные сроки. Индивидуальный подход.,Полные pin-to-pin замены преобразователей Vicor,preobrazovateli-vicor,proizvodstvo-preobrazovatelej-napryazheniya_section_3
proizvodstvo-preobrazovatelej-napryazheniya_402,"Vicor, V300B8H200BL",Y,vicor-V300B8H200BL,40300,<p>«ЭКБ ТЕСТ» — надёжный партнёр для вашего бизнеса. Комплексные решения в микроэлектронике. Адекватные цены на производство модульных преобразователей «ИРТЫШ»®. Полная «PIN-TO-PIN» совместимость с продукцией VICOR. Разумные сроки. Индивидуальный подход.</p>,html,,<p>«ЭКБ ТЕСТ» — надёжный партнёр для вашего бизнеса. Комплексные решения в микроэлектронике. Адекватные цены на производство модульных преобразователей «ИРТЫШ»®. Полная «PIN-TO-PIN» совместимость с продукцией VICOR. Разумные сроки. Индивидуальный подход.</p>,html,,Vicor,,,V300B8H200BL,"""300"" (180..375)",8,1/2 brick,,,,-40…102,,,,,proizvodstvo-preobrazovatelej-napryazheniya_39,,,ЭКБ ТЕСТ — надёжный партнёр для вашего бизнеса. Комплексные решения в микроэлектронике. Адекватные цены на производство преобразователей. Разумные сроки. Индивидуальный подход.,Полные pin-to-pin замены преобразователей Vicor,preobrazovateli-vicor,proizvodstvo-preobrazovatelej-napryazheniya_section_3
proizvodstvo-preobrazovatelej-napryazheniya_403,"Vicor, V300B12H250BL",Y,vicor-V300B12H250BL,40400,<p>«ЭКБ ТЕСТ» — надёжный партнёр для вашего бизнеса. Комплексные решения в микроэлектронике. Адекватные цены на производство модульных преобразователей «ИРТЫШ»®. Полная «PIN-TO-PIN» совместимость с продукцией VICOR. Разумные сроки. Индивидуальный подход.</p>,html,,<p>«ЭКБ ТЕСТ» — надёжный партнёр для вашего бизнеса. Комплексные решения в микроэлектронике. Адекватные цены на производство модульных преобразователей «ИРТЫШ»®. Полная «PIN-TO-PIN» совместимость с продукцией VICOR. Разумные сроки. Индивидуальный подход.</p>,html,,Vicor,,,V300B12H250BL,"""300"" (180..375)",12,1/2 brick,,,,-40…103,,,,,proizvodstvo-preobrazovatelej-napryazheniya_40,,,ЭКБ ТЕСТ — надёжный партнёр для вашего бизнеса. Комплексные решения в микроэлектронике. Адекватные цены на производство преобразователей. Разумные сроки. Индивидуальный подход.,Полные pin-to-pin замены преобразователей Vicor,preobrazovateli-vicor,proizvodstvo-preobrazovatelej-napryazheniya_section_3
proizvodstvo-preobrazovatelej-napryazheniya_404,"Vicor, V300B15H250BL",Y,vicor-V300B15H250BL,40500,<p>«ЭКБ ТЕСТ» — надёжный партнёр для вашего бизнеса. Комплексные решения в микроэлектронике. Адекватные цены на производство модульных преобразователей «ИРТЫШ»®. Полная «PIN-TO-PIN» совместимость с продукцией VICOR. Разумные сроки. Индивидуальный подход.</p>,html,,<p>«ЭКБ ТЕСТ» — надёжный партнёр для вашего бизнеса. Комплексные решения в микроэлектронике. Адекватные цены на производство модульных преобразователей «ИРТЫШ»®. Полная «PIN-TO-PIN» совместимость с продукцией VICOR. Разумные сроки. Индивидуальный подход.</p>,html,,Vicor,,,V300B15H250BL,"""300"" (180..375)",15,1/2 brick,,,,-40…104,,,,,proizvodstvo-preobrazovatelej-napryazheniya_41,,,ЭКБ ТЕСТ — надёжный партнёр для вашего бизнеса. Комплексные решения в микроэлектронике. Адекватные цены на производство преобразователей. Разумные сроки. Индивидуальный подход.,Полные pin-to-pin замены преобразователей Vicor,preobrazovateli-vicor,proizvodstvo-preobrazovatelej-napryazheniya_section_3
proizvodstvo-preobrazovatelej-napryazheniya_405,"Vicor, V300B24H250BL",Y,vicor-V300B24H250BL,40600,<p>«ЭКБ ТЕСТ» — надёжный партнёр для вашего бизнеса. Комплексные решения в микроэлектронике. Адекватные цены на производство модульных преобразователей «ИРТЫШ»®. Полная «PIN-TO-PIN» совместимость с продукцией VICOR. Разумные сроки. Индивидуальный подход.</p>,html,,<p>«ЭКБ ТЕСТ» — надёжный партнёр для вашего бизнеса. Комплексные решения в микроэлектронике. Адекватные цены на производство модульных преобразователей «ИРТЫШ»®. Полная «PIN-TO-PIN» совместимость с продукцией VICOR. Разумные сроки. Индивидуальный подход.</p>,html,,Vicor,,,V300B24H250BL,"""300"" (180..375)",24,1/2 brick,,,,-40…105,,,,,proizvodstvo-preobrazovatelej-napryazheniya_42,,,ЭКБ ТЕСТ — надёжный партнёр для вашего бизнеса. Комплексные решения в микроэлектронике. Адекватные цены на производство преобразователей. Разумные сроки. Индивидуальный подход.,Полные pin-to-pin замены преобразователей Vicor,preobrazovateli-vicor,proizvodstvo-preobrazovatelej-napryazheniya_section_3
proizvodstvo-preobrazovatelej-napryazheniya_406,"Vicor, V300B28H250BL",Y,vicor-V300B28H250BL,40700,<p>«ЭКБ ТЕСТ» — надёжный партнёр для вашего бизнеса. Комплексные решения в микроэлектронике. Адекватные цены на производство модульных преобразователей «ИРТЫШ»®. Полная «PIN-TO-PIN» совместимость с продукцией VICOR. Разумные сроки. Индивидуальный подход.</p>,html,,<p>«ЭКБ ТЕСТ» — надёжный партнёр для вашего бизнеса. Комплексные решения в микроэлектронике. Адекватные цены на производство модульных преобразователей «ИРТЫШ»®. Полная «PIN-TO-PIN» совместимость с продукцией VICOR. Разумные сроки. Индивидуальный подход.</p>,html,,Vicor,,,V300B28H250BL,"""300"" (180..375)",28,1/2 brick,,,,-40…106,,,,,proizvodstvo-preobrazovatelej-napryazheniya_43,,,ЭКБ ТЕСТ — надёжный партнёр для вашего бизнеса. Комплексные решения в микроэлектронике. Адекватные цены на производство преобразователей. Разумные сроки. Индивидуальный подход.,Полные pin-to-pin замены преобразователей Vicor,preobrazovateli-vicor,proizvodstvo-preobrazovatelej-napryazheniya_section_3
proizvodstvo-preobrazovatelej-napryazheniya_407,"Vicor, V300B36H250BL",Y,vicor-V300B36H250BL,40800,<p>«ЭКБ ТЕСТ» — надёжный партнёр для вашего бизнеса. Комплексные решения в микроэлектронике. Адекватные цены на производство модульных преобразователей «ИРТЫШ»®. Полная «PIN-TO-PIN» совместимость с продукцией VICOR. Разумные сроки. Индивидуальный подход.</p>,html,,<p>«ЭКБ ТЕСТ» — надёжный партнёр для вашего бизнеса. Комплексные решения в микроэлектронике. Адекватные цены на производство модульных преобразователей «ИРТЫШ»®. Полная «PIN-TO-PIN» совместимость с продукцией VICOR. Разумные сроки. Индивидуальный подход.</p>,html,,Vicor,,,V300B36H250BL,"""300"" (180..375)",36,1/2 brick,,,,-40…107,,,,,proizvodstvo-preobrazovatelej-napryazheniya_44,,,ЭКБ ТЕСТ — надёжный партнёр для вашего бизнеса. Комплексные решения в микроэлектронике. Адекватные цены на производство преобразователей. Разумные сроки. Индивидуальный подход.,Полные pin-to-pin замены преобразователей Vicor,preobrazovateli-vicor,proizvodstvo-preobrazovatelej-napryazheniya_section_3
proizvodstvo-preobrazovatelej-napryazheniya_408,"Vicor, V300B48H250BL",Y,vicor-V300B48H250BL,40900,<p>«ЭКБ ТЕСТ» — надёжный партнёр для вашего бизнеса. Комплексные решения в микроэлектронике. Адекватные цены на производство модульных преобразователей «ИРТЫШ»®. Полная «PIN-TO-PIN» совместимость с продукцией VICOR. Разумные сроки. Индивидуальный подход.</p>,html,,<p>«ЭКБ ТЕСТ» — надёжный партнёр для вашего бизнеса. Комплексные решения в микроэлектронике. Адекватные цены на производство модульных преобразователей «ИРТЫШ»®. Полная «PIN-TO-PIN» совместимость с продукцией VICOR. Разумные сроки. Индивидуальный подход.</p>,html,,Vicor,,,V300B48H250BL,"""300"" (180..375)",48,1/2 brick,,,,-40…108,,,,,proizvodstvo-preobrazovatelej-napryazheniya_45,,,ЭКБ ТЕСТ — надёжный партнёр для вашего бизнеса. Комплексные решения в микроэлектронике. Адекватные цены на производство преобразователей. Разумные сроки. Индивидуальный подход.,Полные pin-to-pin замены преобразователей Vicor,preobrazovateli-vicor,proizvodstvo-preobrazovatelej-napryazheniya_section_3
proizvodstvo-preobrazovatelej-napryazheniya_409,"Vicor, V300B3V3M150BL",Y,vicor-V300B3V3M150BL,41000,<p>«ЭКБ ТЕСТ» — надёжный партнёр для вашего бизнеса. Комплексные решения в микроэлектронике. Адекватные цены на производство модульных преобразователей «ИРТЫШ»®. Полная «PIN-TO-PIN» совместимость с продукцией VICOR. Разумные сроки. Индивидуальный подход.</p>,html,,<p>«ЭКБ ТЕСТ» — надёжный партнёр для вашего бизнеса. Комплексные решения в микроэлектронике. Адекватные цены на производство модульных преобразователей «ИРТЫШ»®. Полная «PIN-TO-PIN» совместимость с продукцией VICOR. Разумные сроки. Индивидуальный подход.</p>,html,,Vicor,,,V300B3V3M150BL,"""300"" (180..375)","3,3",1/2 brick,,,,-55…100,,,,,proizvodstvo-preobrazovatelej-napryazheniya_46,,,ЭКБ ТЕСТ — надёжный партнёр для вашего бизнеса. Комплексные решения в микроэлектронике. Адекватные цены на производство преобразователей. Разумные сроки. Индивидуальный подход.,Полные pin-to-pin замены преобразователей Vicor,preobrazovateli-vicor,proizvodstvo-preobrazovatelej-napryazheniya_section_3
proizvodstvo-preobrazovatelej-napryazheniya_410,"Vicor, V300B5M200BL",Y,vicor-V300B5M200BL,41100,<p>«ЭКБ ТЕСТ» — надёжный партнёр для вашего бизнеса. Комплексные решения в микроэлектронике. Адекватные цены на производство модульных преобразователей «ИРТЫШ»®. Полная «PIN-TO-PIN» совместимость с продукцией VICOR. Разумные сроки. Индивидуальный подход.</p>,html,,<p>«ЭКБ ТЕСТ» — надёжный партнёр для вашего бизнеса. Комплексные решения в микроэлектронике. Адекватные цены на производство модульных преобразователей «ИРТЫШ»®. Полная «PIN-TO-PIN» совместимость с продукцией VICOR. Разумные сроки. Индивидуальный подход.</p>,html,,Vicor,,,V300B5M200BL,"""300"" (180..375)",5,1/2 brick,,,,-55…101,,,,,proizvodstvo-preobrazovatelej-napryazheniya_47,,,ЭКБ ТЕСТ — надёжный партнёр для вашего бизнеса. Комплексные решения в микроэлектронике. Адекватные цены на производство преобразователей. Разумные сроки. Индивидуальный подход.,Полные pin-to-pin замены преобразователей Vicor,preobrazovateli-vicor,proizvodstvo-preobrazovatelej-napryazheniya_section_3
proizvodstvo-preobrazovatelej-napryazheniya_411,"Vicor, V300B8M200BL",Y,vicor-V300B8M200BL,41200,<p>«ЭКБ ТЕСТ» — надёжный партнёр для вашего бизнеса. Комплексные решения в микроэлектронике. Адекватные цены на производство модульных преобразователей «ИРТЫШ»®. Полная «PIN-TO-PIN» совместимость с продукцией VICOR. Разумные сроки. Индивидуальный подход.</p>,html,,<p>«ЭКБ ТЕСТ» — надёжный партнёр для вашего бизнеса. Комплексные решения в микроэлектронике. Адекватные цены на производство модульных преобразователей «ИРТЫШ»®. Полная «PIN-TO-PIN» совместимость с продукцией VICOR. Разумные сроки. Индивидуальный подход.</p>,html,,Vicor,,,V300B8M200BL,"""300"" (180..375)",8,1/2 brick,,,,-55…102,,,,,proizvodstvo-preobrazovatelej-napryazheniya_48,,,ЭКБ ТЕСТ — надёжный партнёр для вашего бизнеса. Комплексные решения в микроэлектронике. Адекватные цены на производство преобразователей. Разумные сроки. Индивидуальный подход.,Полные pin-to-pin замены преобразователей Vicor,preobrazovateli-vicor,proizvodstvo-preobrazovatelej-napryazheniya_section_3
proizvodstvo-preobrazovatelej-napryazheniya_412,"Vicor, V300B12M250BL",Y,vicor-V300B12M250BL,41300,<p>«ЭКБ ТЕСТ» — надёжный партнёр для вашего бизнеса. Комплексные решения в микроэлектронике. Адекватные цены на производство модульных преобразователей «ИРТЫШ»®. Полная «PIN-TO-PIN» совместимость с продукцией VICOR. Разумные сроки. Индивидуальный подход.</p>,html,,<p>«ЭКБ ТЕСТ» — надёжный партнёр для вашего бизнеса. Комплексные решения в микроэлектронике. Адекватные цены на производство модульных преобразователей «ИРТЫШ»®. Полная «PIN-TO-PIN» совместимость с продукцией VICOR. Разумные сроки. Индивидуальный подход.</p>,html,,Vicor,,,V300B12M250BL,"""300"" (180..375)",12,1/2 brick,,,,-55…103,,,,,proizvodstvo-preobrazovatelej-napryazheniya_49,,,ЭКБ ТЕСТ — надёжный партнёр для вашего бизнеса. Комплексные решения в микроэлектронике. Адекватные цены на производство преобразователей. Разумные сроки. Индивидуальный подход.,Полные pin-to-pin замены преобразователей Vicor,preobrazovateli-vicor,proizvodstvo-preobrazovatelej-napryazheniya_section_3
proizvodstvo-preobrazovatelej-napryazheniya_413,"Vicor, V300B15M250BL",Y,vicor-V300B15M250BL,41400,<p>«ЭКБ ТЕСТ» — надёжный партнёр для вашего бизнеса. Комплексные решения в микроэлектронике. Адекватные цены на производство модульных преобразователей «ИРТЫШ»®. Полная «PIN-TO-PIN» совместимость с продукцией VICOR. Разумные сроки. Индивидуальный подход.</p>,html,,<p>«ЭКБ ТЕСТ» — надёжный партнёр для вашего бизнеса. Комплексные решения в микроэлектронике. Адекватные цены на производство модульных преобразователей «ИРТЫШ»®. Полная «PIN-TO-PIN» совместимость с продукцией VICOR. Разумные сроки. Индивидуальный подход.</p>,html,,Vicor,,,V300B15M250BL,"""300"" (180..375)",15,1/2 brick,,,,-55…104,,,,,proizvodstvo-preobrazovatelej-napryazheniya_50,,,ЭКБ ТЕСТ — надёжный партнёр для вашего бизнеса. Комплексные решения в микроэлектронике. Адекватные цены на производство преобразователей. Разумные сроки. Индивидуальный подход.,Полные pin-to-pin замены преобразователей Vicor,preobrazovateli-vicor,proizvodstvo-preobrazovatelej-napryazheniya_section_3
proizvodstvo-preobrazovatelej-napryazheniya_414,"Vicor, V300B24M250BL",Y,vicor-V300B24M250BL,41500,<p>«ЭКБ ТЕСТ» — надёжный партнёр для вашего бизнеса. Комплексные решения в микроэлектронике. Адекватные цены на производство модульных преобразователей «ИРТЫШ»®. Полная «PIN-TO-PIN» совместимость с продукцией VICOR. Разумные сроки. Индивидуальный подход.</p>,html,,<p>«ЭКБ ТЕСТ» — надёжный партнёр для вашего бизнеса. Комплексные решения в микроэлектронике. Адекватные цены на производство модульных преобразователей «ИРТЫШ»®. Полная «PIN-TO-PIN» совместимость с продукцией VICOR. Разумные сроки. Индивидуальный подход.</p>,html,,Vicor,,,V300B24M250BL,"""300"" (180..375)",24,1/2 brick,,,,-55…105,,,,,proizvodstvo-preobrazovatelej-napryazheniya_51,,,ЭКБ ТЕСТ — надёжный партнёр для вашего бизнеса. Комплексные решения в микроэлектронике. Адекватные цены на производство преобразователей. Разумные сроки. Индивидуальный подход.,Полные pin-to-pin замены преобразователей Vicor,preobrazovateli-vicor,proizvodstvo-preobrazovatelej-napryazheniya_section_3
proizvodstvo-preobrazovatelej-napryazheniya_415,"Vicor, V300B28M250BL",Y,vicor-V300B28M250BL,41600,<p>«ЭКБ ТЕСТ» — надёжный партнёр для вашего бизнеса. Комплексные решения в микроэлектронике. Адекватные цены на производство модульных преобразователей «ИРТЫШ»®. Полная «PIN-TO-PIN» совместимость с продукцией VICOR. Разумные сроки. Индивидуальный подход.</p>,html,,<p>«ЭКБ ТЕСТ» — надёжный партнёр для вашего бизнеса. Комплексные решения в микроэлектронике. Адекватные цены на производство модульных преобразователей «ИРТЫШ»®. Полная «PIN-TO-PIN» совместимость с продукцией VICOR. Разумные сроки. Индивидуальный подход.</p>,html,,Vicor,,,V300B28M250BL,"""300"" (180..375)",28,1/2 brick,,,,-55…106,,,,,proizvodstvo-preobrazovatelej-napryazheniya_52,,,ЭКБ ТЕСТ — надёжный партнёр для вашего бизнеса. Комплексные решения в микроэлектронике. Адекватные цены на производство преобразователей. Разумные сроки. Индивидуальный подход.,Полные pin-to-pin замены преобразователей Vicor,preobrazovateli-vicor,proizvodstvo-preobrazovatelej-napryazheniya_section_3
proizvodstvo-preobrazovatelej-napryazheniya_416,"Vicor, V300B36M250BL",Y,vicor-V300B36M250BL,41700,<p>«ЭКБ ТЕСТ» — надёжный партнёр для вашего бизнеса. Комплексные решения в микроэлектронике. Адекватные цены на производство модульных преобразователей «ИРТЫШ»®. Полная «PIN-TO-PIN» совместимость с продукцией VICOR. Разумные сроки. Индивидуальный подход.</p>,html,,<p>«ЭКБ ТЕСТ» — надёжный партнёр для вашего бизнеса. Комплексные решения в микроэлектронике. Адекватные цены на производство модульных преобразователей «ИРТЫШ»®. Полная «PIN-TO-PIN» совместимость с продукцией VICOR. Разумные сроки. Индивидуальный подход.</p>,html,,Vicor,,,V300B36M250BL,"""300"" (180..375)",36,1/2 brick,,,,-55…107,,,,,proizvodstvo-preobrazovatelej-napryazheniya_53,,,ЭКБ ТЕСТ — надёжный партнёр для вашего бизнеса. Комплексные решения в микроэлектронике. Адекватные цены на производство преобразователей. Разумные сроки. Индивидуальный подход.,Полные pin-to-pin замены преобразователей Vicor,preobrazovateli-vicor,proizvodstvo-preobrazovatelej-napryazheniya_section_3
proizvodstvo-preobrazovatelej-napryazheniya_417,"Vicor, V300B48M250BL",Y,vicor-V300B48M250BL,41800,<p>«ЭКБ ТЕСТ» — надёжный партнёр для вашего бизнеса. Комплексные решения в микроэлектронике. Адекватные цены на производство модульных преобразователей «ИРТЫШ»®. Полная «PIN-TO-PIN» совместимость с продукцией VICOR. Разумные сроки. Индивидуальный подход.</p>,html,,<p>«ЭКБ ТЕСТ» — надёжный партнёр для вашего бизнеса. Комплексные решения в микроэлектронике. Адекватные цены на производство модульных преобразователей «ИРТЫШ»®. Полная «PIN-TO-PIN» совместимость с продукцией VICOR. Разумные сроки. Индивидуальный подход.</p>,html,,Vicor,,,V300B48M250BL,"""300"" (180..375)",48,1/2 brick,,,,-55…108,,,,,proizvodstvo-preobrazovatelej-napryazheniya_54,,,ЭКБ ТЕСТ — надёжный партнёр для вашего бизнеса. Комплексные решения в микроэлектронике. Адекватные цены на производство преобразователей. Разумные сроки. Индивидуальный подход.,Полные pin-to-pin замены преобразователей Vicor,preobrazovateli-vicor,proizvodstvo-preobrazovatelej-napryazheniya_section_3
proizvodstvo-preobrazovatelej-napryazheniya_418,"Vicor, V300C3V3H50BL",Y,vicor-V300C3V3H50BL,41900,<p>«ЭКБ ТЕСТ» — надёжный партнёр для вашего бизнеса. Комплексные решения в микроэлектронике. Адекватные цены на производство модульных преобразователей «ИРТЫШ»®. Полная «PIN-TO-PIN» совместимость с продукцией VICOR. Разумные сроки. Индивидуальный подход.</p>,html,,<p>«ЭКБ ТЕСТ» — надёжный партнёр для вашего бизнеса. Комплексные решения в микроэлектронике. Адекватные цены на производство модульных преобразователей «ИРТЫШ»®. Полная «PIN-TO-PIN» совместимость с продукцией VICOR. Разумные сроки. Индивидуальный подход.</p>,html,,Vicor,,,V300C3V3H50BL,"""300"" (180..375)","3,3",1/4 brick,,,,-40…100,,,,,proizvodstvo-preobrazovatelej-napryazheniya_537,,,ЭКБ ТЕСТ — надёжный партнёр для вашего бизнеса. Комплексные решения в микроэлектронике. Адекватные цены на производство преобразователей. Разумные сроки. Индивидуальный подход.,Полные pin-to-pin замены преобразователей Vicor,preobrazovateli-vicor,proizvodstvo-preobrazovatelej-napryazheniya_section_3
proizvodstvo-preobrazovatelej-napryazheniya_419,"Vicor, V300C5H100BL",Y,vicor-V300C5H100BL,42000,<p>«ЭКБ ТЕСТ» — надёжный партнёр для вашего бизнеса. Комплексные решения в микроэлектронике. Адекватные цены на производство модульных преобразователей «ИРТЫШ»®. Полная «PIN-TO-PIN» совместимость с продукцией VICOR. Разумные сроки. Индивидуальный подход.</p>,html,,<p>«ЭКБ ТЕСТ» — надёжный партнёр для вашего бизнеса. Комплексные решения в микроэлектронике. Адекватные цены на производство модульных преобразователей «ИРТЫШ»®. Полная «PIN-TO-PIN» совместимость с продукцией VICOR. Разумные сроки. Индивидуальный подход.</p>,html,,Vicor,,,V300C5H100BL,"""300"" (180..375)",5,1/4 brick,,,,-40…101,,,,,proizvodstvo-preobrazovatelej-napryazheniya_65,,,ЭКБ ТЕСТ — надёжный партнёр для вашего бизнеса. Комплексные решения в микроэлектронике. Адекватные цены на производство преобразователей. Разумные сроки. Индивидуальный подход.,Полные pin-to-pin замены преобразователей Vicor,preobrazovateli-vicor,proizvodstvo-preobrazovatelej-napryazheniya_section_3
proizvodstvo-preobrazovatelej-napryazheniya_420,"Vicor, V300C8H100BL",Y,vicor-V300C8H100BL,42100,<p>«ЭКБ ТЕСТ» — надёжный партнёр для вашего бизнеса. Комплексные решения в микроэлектронике. Адекватные цены на производство модульных преобразователей «ИРТЫШ»®. Полная «PIN-TO-PIN» совместимость с продукцией VICOR. Разумные сроки. Индивидуальный подход.</p>,html,,<p>«ЭКБ ТЕСТ» — надёжный партнёр для вашего бизнеса. Комплексные решения в микроэлектронике. Адекватные цены на производство модульных преобразователей «ИРТЫШ»®. Полная «PIN-TO-PIN» совместимость с продукцией VICOR. Разумные сроки. Индивидуальный подход.</p>,html,,Vicor,,,V300C8H100BL,"""300"" (180..375)",8,1/4 brick,,,,-40…102,,,,,proizvodstvo-preobrazovatelej-napryazheniya_66,,,ЭКБ ТЕСТ — надёжный партнёр для вашего бизнеса. Комплексные решения в микроэлектронике. Адекватные цены на производство преобразователей. Разумные сроки. Индивидуальный подход.,Полные pin-to-pin замены преобразователей Vicor,preobrazovateli-vicor,proizvodstvo-preobrazovatelej-napryazheniya_section_3
proizvodstvo-preobrazovatelej-napryazheniya_421,"Vicor, V300C12H150BL",Y,vicor-V300C12H150BL,42200,<p>«ЭКБ ТЕСТ» — надёжный партнёр для вашего бизнеса. Комплексные решения в микроэлектронике. Адекватные цены на производство модульных преобразователей «ИРТЫШ»®. Полная «PIN-TO-PIN» совместимость с продукцией VICOR. Разумные сроки. Индивидуальный подход.</p>,html,,<p>«ЭКБ ТЕСТ» — надёжный партнёр для вашего бизнеса. Комплексные решения в микроэлектронике. Адекватные цены на производство модульных преобразователей «ИРТЫШ»®. Полная «PIN-TO-PIN» совместимость с продукцией VICOR. Разумные сроки. Индивидуальный подход.</p>,html,,Vicor,,,V300C12H150BL,"""300"" (180..375)",12,1/4 brick,,,,-40…103,,,,,proizvodstvo-preobrazovatelej-napryazheniya_67,,,ЭКБ ТЕСТ — надёжный партнёр для вашего бизнеса. Комплексные решения в микроэлектронике. Адекватные цены на производство преобразователей. Разумные сроки. Индивидуальный подход.,Полные pin-to-pin замены преобразователей Vicor,preobrazovateli-vicor,proizvodstvo-preobrazovatelej-napryazheniya_section_3
proizvodstvo-preobrazovatelej-napryazheniya_422,"Vicor, V300C15H150BL",Y,vicor-V300C15H150BL,42300,<p>«ЭКБ ТЕСТ» — надёжный партнёр для вашего бизнеса. Комплексные решения в микроэлектронике. Адекватные цены на производство модульных преобразователей «ИРТЫШ»®. Полная «PIN-TO-PIN» совместимость с продукцией VICOR. Разумные сроки. Индивидуальный подход.</p>,html,,<p>«ЭКБ ТЕСТ» — надёжный партнёр для вашего бизнеса. Комплексные решения в микроэлектронике. Адекватные цены на производство модульных преобразователей «ИРТЫШ»®. Полная «PIN-TO-PIN» совместимость с продукцией VICOR. Разумные сроки. Индивидуальный подход.</p>,html,,Vicor,,,V300C15H150BL,"""300"" (180..375)",15,1/4 brick,,,,-40…104,,,,,proizvodstvo-preobrazovatelej-napryazheniya_68,,,ЭКБ ТЕСТ — надёжный партнёр для вашего бизнеса. Комплексные решения в микроэлектронике. Адекватные цены на производство преобразователей. Разумные сроки. Индивидуальный подход.,Полные pin-to-pin замены преобразователей Vicor,preobrazovateli-vicor,proizvodstvo-preobrazovatelej-napryazheniya_section_3
proizvodstvo-preobrazovatelej-napryazheniya_423,"Vicor, V300C24H150BL",Y,vicor-V300C24H150BL,42400,<p>«ЭКБ ТЕСТ» — надёжный партнёр для вашего бизнеса. Комплексные решения в микроэлектронике. Адекватные цены на производство модульных преобразователей «ИРТЫШ»®. Полная «PIN-TO-PIN» совместимость с продукцией VICOR. Разумные сроки. Индивидуальный подход.</p>,html,,<p>«ЭКБ ТЕСТ» — надёжный партнёр для вашего бизнеса. Комплексные решения в микроэлектронике. Адекватные цены на производство модульных преобразователей «ИРТЫШ»®. Полная «PIN-TO-PIN» совместимость с продукцией VICOR. Разумные сроки. Индивидуальный подход.</p>,html,,Vicor,,,V300C24H150BL,"""300"" (180..375)",24,1/4 brick,,,,-40…105,,,,,proizvodstvo-preobrazovatelej-napryazheniya_69,,,ЭКБ ТЕСТ — надёжный партнёр для вашего бизнеса. Комплексные решения в микроэлектронике. Адекватные цены на производство преобразователей. Разумные сроки. Индивидуальный подход.,Полные pin-to-pin замены преобразователей Vicor,preobrazovateli-vicor,proizvodstvo-preobrazovatelej-napryazheniya_section_3
proizvodstvo-preobrazovatelej-napryazheniya_424,"Vicor, V300C28H150BL",Y,vicor-V300C28H150BL,42500,<p>«ЭКБ ТЕСТ» — надёжный партнёр для вашего бизнеса. Комплексные решения в микроэлектронике. Адекватные цены на производство модульных преобразователей «ИРТЫШ»®. Полная «PIN-TO-PIN» совместимость с продукцией VICOR. Разумные сроки. Индивидуальный подход.</p>,html,,<p>«ЭКБ ТЕСТ» — надёжный партнёр для вашего бизнеса. Комплексные решения в микроэлектронике. Адекватные цены на производство модульных преобразователей «ИРТЫШ»®. Полная «PIN-TO-PIN» совместимость с продукцией VICOR. Разумные сроки. Индивидуальный подход.</p>,html,,Vicor,,,V300C28H150BL,"""300"" (180..375)",28,1/4 brick,,,,-40…106,,,,,proizvodstvo-preobrazovatelej-napryazheniya_70,,,ЭКБ ТЕСТ — надёжный партнёр для вашего бизнеса. Комплексные решения в микроэлектронике. Адекватные цены на производство преобразователей. Разумные сроки. Индивидуальный подход.,Полные pin-to-pin замены преобразователей Vicor,preobrazovateli-vicor,proizvodstvo-preobrazovatelej-napryazheniya_section_3
proizvodstvo-preobrazovatelej-napryazheniya_425,"Vicor, V300C36H150BL",Y,vicor-V300C36H150BL,42600,<p>«ЭКБ ТЕСТ» — надёжный партнёр для вашего бизнеса. Комплексные решения в микроэлектронике. Адекватные цены на производство модульных преобразователей «ИРТЫШ»®. Полная «PIN-TO-PIN» совместимость с продукцией VICOR. Разумные сроки. Индивидуальный подход.</p>,html,,<p>«ЭКБ ТЕСТ» — надёжный партнёр для вашего бизнеса. Комплексные решения в микроэлектронике. Адекватные цены на производство модульных преобразователей «ИРТЫШ»®. Полная «PIN-TO-PIN» совместимость с продукцией VICOR. Разумные сроки. Индивидуальный подход.</p>,html,,Vicor,,,V300C36H150BL,"""300"" (180..375)",36,1/4 brick,,,,-40…107,,,,,proizvodstvo-preobrazovatelej-napryazheniya_71,,,ЭКБ ТЕСТ — надёжный партнёр для вашего бизнеса. Комплексные решения в микроэлектронике. Адекватные цены на производство преобразователей. Разумные сроки. Индивидуальный подход.,Полные pin-to-pin замены преобразователей Vicor,preobrazovateli-vicor,proizvodstvo-preobrazovatelej-napryazheniya_section_3
proizvodstvo-preobrazovatelej-napryazheniya_426,"Vicor, V300C48H150BL",Y,vicor-V300C48H150BL,42700,<p>«ЭКБ ТЕСТ» — надёжный партнёр для вашего бизнеса. Комплексные решения в микроэлектронике. Адекватные цены на производство модульных преобразователей «ИРТЫШ»®. Полная «PIN-TO-PIN» совместимость с продукцией VICOR. Разумные сроки. Индивидуальный подход.</p>,html,,<p>«ЭКБ ТЕСТ» — надёжный партнёр для вашего бизнеса. Комплексные решения в микроэлектронике. Адекватные цены на производство модульных преобразователей «ИРТЫШ»®. Полная «PIN-TO-PIN» совместимость с продукцией VICOR. Разумные сроки. Индивидуальный подход.</p>,html,,Vicor,,,V300C48H150BL,"""300"" (180..375)",48,1/4 brick,,,,-40…108,,,,,proizvodstvo-preobrazovatelej-napryazheniya_72,,,ЭКБ ТЕСТ — надёжный партнёр для вашего бизнеса. Комплексные решения в микроэлектронике. Адекватные цены на производство преобразователей. Разумные сроки. Индивидуальный подход.,Полные pin-to-pin замены преобразователей Vicor,preobrazovateli-vicor,proizvodstvo-preobrazovatelej-napryazheniya_section_3
proizvodstvo-preobrazovatelej-napryazheniya_427,"Vicor, V300C3V3M50BL",Y,vicor-V300C3V3M50BL,42800,<p>«ЭКБ ТЕСТ» — надёжный партнёр для вашего бизнеса. Комплексные решения в микроэлектронике. Адекватные цены на производство модульных преобразователей «ИРТЫШ»®. Полная «PIN-TO-PIN» совместимость с продукцией VICOR. Разумные сроки. Индивидуальный подход.</p>,html,,<p>«ЭКБ ТЕСТ» — надёжный партнёр для вашего бизнеса. Комплексные решения в микроэлектронике. Адекватные цены на производство модульных преобразователей «ИРТЫШ»®. Полная «PIN-TO-PIN» совместимость с продукцией VICOR. Разумные сроки. Индивидуальный подход.</p>,html,,Vicor,,,V300C3V3M50BL,"""300"" (180..375)","3,3",1/4 brick,,,,-55…100,,,,,proizvodstvo-preobrazovatelej-napryazheniya_538,,,ЭКБ ТЕСТ — надёжный партнёр для вашего бизнеса. Комплексные решения в микроэлектронике. Адекватные цены на производство преобразователей. Разумные сроки. Индивидуальный подход.,Полные pin-to-pin замены преобразователей Vicor,preobrazovateli-vicor,proizvodstvo-preobrazovatelej-napryazheniya_section_3
proizvodstvo-preobrazovatelej-napryazheniya_428,"Vicor, V300C5M100BL",Y,vicor-V300C5M100BL,42900,<p>«ЭКБ ТЕСТ» — надёжный партнёр для вашего бизнеса. Комплексные решения в микроэлектронике. Адекватные цены на производство модульных преобразователей «ИРТЫШ»®. Полная «PIN-TO-PIN» совместимость с продукцией VICOR. Разумные сроки. Индивидуальный подход.</p>,html,,<p>«ЭКБ ТЕСТ» — надёжный партнёр для вашего бизнеса. Комплексные решения в микроэлектронике. Адекватные цены на производство модульных преобразователей «ИРТЫШ»®. Полная «PIN-TO-PIN» совместимость с продукцией VICOR. Разумные сроки. Индивидуальный подход.</p>,html,,Vicor,,,V300C5M100BL,"""300"" (180..375)",5,1/4 brick,,,,-55…101,,,,,proizvodstvo-preobrazovatelej-napryazheniya_74,,,ЭКБ ТЕСТ — надёжный партнёр для вашего бизнеса. Комплексные решения в микроэлектронике. Адекватные цены на производство преобразователей. Разумные сроки. Индивидуальный подход.,Полные pin-to-pin замены преобразователей Vicor,preobrazovateli-vicor,proizvodstvo-preobrazovatelej-napryazheniya_section_3
proizvodstvo-preobrazovatelej-napryazheniya_429,"Vicor, V300C8M100BL",Y,vicor-V300C8M100BL,43000,<p>«ЭКБ ТЕСТ» — надёжный партнёр для вашего бизнеса. Комплексные решения в микроэлектронике. Адекватные цены на производство модульных преобразователей «ИРТЫШ»®. Полная «PIN-TO-PIN» совместимость с продукцией VICOR. Разумные сроки. Индивидуальный подход.</p>,html,,<p>«ЭКБ ТЕСТ» — надёжный партнёр для вашего бизнеса. Комплексные решения в микроэлектронике. Адекватные цены на производство модульных преобразователей «ИРТЫШ»®. Полная «PIN-TO-PIN» совместимость с продукцией VICOR. Разумные сроки. Индивидуальный подход.</p>,html,,Vicor,,,V300C8M100BL,"""300"" (180..375)",8,1/4 brick,,,,-55…102,,,,,proizvodstvo-preobrazovatelej-napryazheniya_75,,,ЭКБ ТЕСТ — надёжный партнёр для вашего бизнеса. Комплексные решения в микроэлектронике. Адекватные цены на производство преобразователей. Разумные сроки. Индивидуальный подход.,Полные pin-to-pin замены преобразователей Vicor,preobrazovateli-vicor,proizvodstvo-preobrazovatelej-napryazheniya_section_3
proizvodstvo-preobrazovatelej-napryazheniya_430,"Vicor, V300C12M150BL",Y,vicor-V300C12M150BL,43100,<p>«ЭКБ ТЕСТ» — надёжный партнёр для вашего бизнеса. Комплексные решения в микроэлектронике. Адекватные цены на производство модульных преобразователей «ИРТЫШ»®. Полная «PIN-TO-PIN» совместимость с продукцией VICOR. Разумные сроки. Индивидуальный подход.</p>,html,,<p>«ЭКБ ТЕСТ» — надёжный партнёр для вашего бизнеса. Комплексные решения в микроэлектронике. Адекватные цены на производство модульных преобразователей «ИРТЫШ»®. Полная «PIN-TO-PIN» совместимость с продукцией VICOR. Разумные сроки. Индивидуальный подход.</p>,html,,Vicor,,,V300C12M150BL,"""300"" (180..375)",12,1/4 brick,,,,-55…103,,,,,proizvodstvo-preobrazovatelej-napryazheniya_76,,,ЭКБ ТЕСТ — надёжный партнёр для вашего бизнеса. Комплексные решения в микроэлектронике. Адекватные цены на производство преобразователей. Разумные сроки. Индивидуальный подход.,Полные pin-to-pin замены преобразователей Vicor,preobrazovateli-vicor,proizvodstvo-preobrazovatelej-napryazheniya_section_3
proizvodstvo-preobrazovatelej-napryazheniya_431,"Vicor, V300C15M150BL",Y,vicor-V300C15M150BL,43200,<p>«ЭКБ ТЕСТ» — надёжный партнёр для вашего бизнеса. Комплексные решения в микроэлектронике. Адекватные цены на производство модульных преобразователей «ИРТЫШ»®. Полная «PIN-TO-PIN» совместимость с продукцией VICOR. Разумные сроки. Индивидуальный подход.</p>,html,,<p>«ЭКБ ТЕСТ» — надёжный партнёр для вашего бизнеса. Комплексные решения в микроэлектронике. Адекватные цены на производство модульных преобразователей «ИРТЫШ»®. Полная «PIN-TO-PIN» совместимость с продукцией VICOR. Разумные сроки. Индивидуальный подход.</p>,html,,Vicor,,,V300C15M150BL,"""300"" (180..375)",15,1/4 brick,,,,-55…104,,,,,proizvodstvo-preobrazovatelej-napryazheniya_77,,,ЭКБ ТЕСТ — надёжный партнёр для вашего бизнеса. Комплексные решения в микроэлектронике. Адекватные цены на производство преобразователей. Разумные сроки. Индивидуальный подход.,Полные pin-to-pin замены преобразователей Vicor,preobrazovateli-vicor,proizvodstvo-preobrazovatelej-napryazheniya_section_3
proizvodstvo-preobrazovatelej-napryazheniya_432,"Vicor, V300C24M150BL",Y,vicor-V300C24M150BL,43300,<p>«ЭКБ ТЕСТ» — надёжный партнёр для вашего бизнеса. Комплексные решения в микроэлектронике. Адекватные цены на производство модульных преобразователей «ИРТЫШ»®. Полная «PIN-TO-PIN» совместимость с продукцией VICOR. Разумные сроки. Индивидуальный подход.</p>,html,,<p>«ЭКБ ТЕСТ» — надёжный партнёр для вашего бизнеса. Комплексные решения в микроэлектронике. Адекватные цены на производство модульных преобразователей «ИРТЫШ»®. Полная «PIN-TO-PIN» совместимость с продукцией VICOR. Разумные сроки. Индивидуальный подход.</p>,html,,Vicor,,,V300C24M150BL,"""300"" (180..375)",24,1/4 brick,,,,-55…105,,,,,proizvodstvo-preobrazovatelej-napryazheniya_78,,,ЭКБ ТЕСТ — надёжный партнёр для вашего бизнеса. Комплексные решения в микроэлектронике. Адекватные цены на производство преобразователей. Разумные сроки. Индивидуальный подход.,Полные pin-to-pin замены преобразователей Vicor,preobrazovateli-vicor,proizvodstvo-preobrazovatelej-napryazheniya_section_3
proizvodstvo-preobrazovatelej-napryazheniya_433,"Vicor, V300C28M150BL",Y,vicor-V300C28M150BL,43400,<p>«ЭКБ ТЕСТ» — надёжный партнёр для вашего бизнеса. Комплексные решения в микроэлектронике. Адекватные цены на производство модульных преобразователей «ИРТЫШ»®. Полная «PIN-TO-PIN» совместимость с продукцией VICOR. Разумные сроки. Индивидуальный подход.</p>,html,,<p>«ЭКБ ТЕСТ» — надёжный партнёр для вашего бизнеса. Комплексные решения в микроэлектронике. Адекватные цены на производство модульных преобразователей «ИРТЫШ»®. Полная «PIN-TO-PIN» совместимость с продукцией VICOR. Разумные сроки. Индивидуальный подход.</p>,html,,Vicor,,,V300C28M150BL,"""300"" (180..375)",28,1/4 brick,,,,-55…106,,,,,proizvodstvo-preobrazovatelej-napryazheniya_79,,,ЭКБ ТЕСТ — надёжный партнёр для вашего бизнеса. Комплексные решения в микроэлектронике. Адекватные цены на производство преобразователей. Разумные сроки. Индивидуальный подход.,Полные pin-to-pin замены преобразователей Vicor,preobrazovateli-vicor,proizvodstvo-preobrazovatelej-napryazheniya_section_3
proizvodstvo-preobrazovatelej-napryazheniya_434,"Vicor, V300C36M150BL",Y,vicor-V300C36M150BL,43500,<p>«ЭКБ ТЕСТ» — надёжный партнёр для вашего бизнеса. Комплексные решения в микроэлектронике. Адекватные цены на производство модульных преобразователей «ИРТЫШ»®. Полная «PIN-TO-PIN» совместимость с продукцией VICOR. Разумные сроки. Индивидуальный подход.</p>,html,,<p>«ЭКБ ТЕСТ» — надёжный партнёр для вашего бизнеса. Комплексные решения в микроэлектронике. Адекватные цены на производство модульных преобразователей «ИРТЫШ»®. Полная «PIN-TO-PIN» совместимость с продукцией VICOR. Разумные сроки. Индивидуальный подход.</p>,html,,Vicor,,,V300C36M150BL,"""300"" (180..375)",36,1/4 brick,,,,-55…107,,,,,proizvodstvo-preobrazovatelej-napryazheniya_80,,,ЭКБ ТЕСТ — надёжный партнёр для вашего бизнеса. Комплексные решения в микроэлектронике. Адекватные цены на производство преобразователей. Разумные сроки. Индивидуальный подход.,Полные pin-to-pin замены преобразователей Vicor,preobrazovateli-vicor,proizvodstvo-preobrazovatelej-napryazheniya_section_3
proizvodstvo-preobrazovatelej-napryazheniya_435,"Vicor, V300C48M150BL",Y,vicor-V300C48M150BL,43600,<p>«ЭКБ ТЕСТ» — надёжный партнёр для вашего бизнеса. Комплексные решения в микроэлектронике. Адекватные цены на производство модульных преобразователей «ИРТЫШ»®. Полная «PIN-TO-PIN» совместимость с продукцией VICOR. Разумные сроки. Индивидуальный подход.</p>,html,,<p>«ЭКБ ТЕСТ» — надёжный партнёр для вашего бизнеса. Комплексные решения в микроэлектронике. Адекватные цены на производство модульных преобразователей «ИРТЫШ»®. Полная «PIN-TO-PIN» совместимость с продукцией VICOR. Разумные сроки. Индивидуальный подход.</p>,html,,Vicor,,,V300C48M150BL,"""300"" (180..375)",48,1/4 brick,,,,-55…108,,,,,proizvodstvo-preobrazovatelej-napryazheniya_81,,,ЭКБ ТЕСТ — надёжный партнёр для вашего бизнеса. Комплексные решения в микроэлектронике. Адекватные цены на производство преобразователей. Разумные сроки. Индивидуальный подход.,Полные pin-to-pin замены преобразователей Vicor,preobrazovateli-vicor,proizvodstvo-preobrazovatelej-napryazheniya_section_3
proizvodstvo-preobrazovatelej-napryazheniya_436,"Vicor, V28A3V3H150BL",Y,vicor-V28A3V3H150BL,43700,<p>«ЭКБ ТЕСТ» — надёжный партнёр для вашего бизнеса. Комплексные решения в микроэлектронике. Адекватные цены на производство модульных преобразователей «ИРТЫШ»®. Полная «PIN-TO-PIN» совместимость с продукцией VICOR. Разумные сроки. Индивидуальный подход.</p>,html,,<p>«ЭКБ ТЕСТ» — надёжный партнёр для вашего бизнеса. Комплексные решения в микроэлектронике. Адекватные цены на производство модульных преобразователей «ИРТЫШ»®. Полная «PIN-TO-PIN» совместимость с продукцией VICOR. Разумные сроки. Индивидуальный подход.</p>,html,,Vicor,,,V28A3V3H150BL,"""28"" (9..36)","3,3",Full brick,,,,-40…100,,,,,proizvodstvo-preobrazovatelej-napryazheniya_252,,,ЭКБ ТЕСТ — надёжный партнёр для вашего бизнеса. Комплексные решения в микроэлектронике. Адекватные цены на производство преобразователей. Разумные сроки. Индивидуальный подход.,Полные pin-to-pin замены преобразователей Vicor,preobrazovateli-vicor,proizvodstvo-preobrazovatelej-napryazheniya_section_3
proizvodstvo-preobrazovatelej-napryazheniya_437,"Vicor, V28A5H175BL",Y,vicor-V28A5H175BL,43800,<p>«ЭКБ ТЕСТ» — надёжный партнёр для вашего бизнеса. Комплексные решения в микроэлектронике. Адекватные цены на производство модульных преобразователей «ИРТЫШ»®. Полная «PIN-TO-PIN» совместимость с продукцией VICOR. Разумные сроки. Индивидуальный подход.</p>,html,,<p>«ЭКБ ТЕСТ» — надёжный партнёр для вашего бизнеса. Комплексные решения в микроэлектронике. Адекватные цены на производство модульных преобразователей «ИРТЫШ»®. Полная «PIN-TO-PIN» совместимость с продукцией VICOR. Разумные сроки. Индивидуальный подход.</p>,html,,Vicor,,,V28A5H175BL,"""28"" (9..36)",5,Full brick,,,,-40…101,,,,,proizvodstvo-preobrazovatelej-napryazheniya_253,,,ЭКБ ТЕСТ — надёжный партнёр для вашего бизнеса. Комплексные решения в микроэлектронике. Адекватные цены на производство преобразователей. Разумные сроки. Индивидуальный подход.,Полные pin-to-pin замены преобразователей Vicor,preobrazovateli-vicor,proizvodstvo-preobrazovatelej-napryazheniya_section_3
proizvodstvo-preobrazovatelej-napryazheniya_438,"Vicor, V28A12H200BL",Y,vicor-V28A12H200BL,43900,<p>«ЭКБ ТЕСТ» — надёжный партнёр для вашего бизнеса. Комплексные решения в микроэлектронике. Адекватные цены на производство модульных преобразователей «ИРТЫШ»®. Полная «PIN-TO-PIN» совместимость с продукцией VICOR. Разумные сроки. Индивидуальный подход.</p>,html,,<p>«ЭКБ ТЕСТ» — надёжный партнёр для вашего бизнеса. Комплексные решения в микроэлектронике. Адекватные цены на производство модульных преобразователей «ИРТЫШ»®. Полная «PIN-TO-PIN» совместимость с продукцией VICOR. Разумные сроки. Индивидуальный подход.</p>,html,,Vicor,,,V28A12H200BL,"""28"" (9..36)",12,Full brick,,,,-40…102,,,,,proizvodstvo-preobrazovatelej-napryazheniya_254,,,ЭКБ ТЕСТ — надёжный партнёр для вашего бизнеса. Комплексные решения в микроэлектронике. Адекватные цены на производство преобразователей. Разумные сроки. Индивидуальный подход.,Полные pin-to-pin замены преобразователей Vicor,preobrazovateli-vicor,proizvodstvo-preobrazovatelej-napryazheniya_section_3
proizvodstvo-preobrazovatelej-napryazheniya_439,"Vicor, V28A15H200BL",Y,vicor-V28A15H200BL,44000,<p>«ЭКБ ТЕСТ» — надёжный партнёр для вашего бизнеса. Комплексные решения в микроэлектронике. Адекватные цены на производство модульных преобразователей «ИРТЫШ»®. Полная «PIN-TO-PIN» совместимость с продукцией VICOR. Разумные сроки. Индивидуальный подход.</p>,html,,<p>«ЭКБ ТЕСТ» — надёжный партнёр для вашего бизнеса. Комплексные решения в микроэлектронике. Адекватные цены на производство модульных преобразователей «ИРТЫШ»®. Полная «PIN-TO-PIN» совместимость с продукцией VICOR. Разумные сроки. Индивидуальный подход.</p>,html,,Vicor,,,V28A15H200BL,"""28"" (9..36)",15,Full brick,,,,-40…103,,,,,proizvodstvo-preobrazovatelej-napryazheniya_255,,,ЭКБ ТЕСТ — надёжный партнёр для вашего бизнеса. Комплексные решения в микроэлектронике. Адекватные цены на производство преобразователей. Разумные сроки. Индивидуальный подход.,Полные pin-to-pin замены преобразователей Vicor,preobrazovateli-vicor,proizvodstvo-preobrazovatelej-napryazheniya_section_3
proizvodstvo-preobrazovatelej-napryazheniya_440,"Vicor, V28A24H200BL",Y,vicor-V28A24H200BL,44100,<p>«ЭКБ ТЕСТ» — надёжный партнёр для вашего бизнеса. Комплексные решения в микроэлектронике. Адекватные цены на производство модульных преобразователей «ИРТЫШ»®. Полная «PIN-TO-PIN» совместимость с продукцией VICOR. Разумные сроки. Индивидуальный подход.</p>,html,,<p>«ЭКБ ТЕСТ» — надёжный партнёр для вашего бизнеса. Комплексные решения в микроэлектронике. Адекватные цены на производство модульных преобразователей «ИРТЫШ»®. Полная «PIN-TO-PIN» совместимость с продукцией VICOR. Разумные сроки. Индивидуальный подход.</p>,html,,Vicor,,,V28A24H200BL,"""28"" (9..36)",24,Full brick,,,,-40…104,,,,,proizvodstvo-preobrazovatelej-napryazheniya_256,,,ЭКБ ТЕСТ — надёжный партнёр для вашего бизнеса. Комплексные решения в микроэлектронике. Адекватные цены на производство преобразователей. Разумные сроки. Индивидуальный подход.,Полные pin-to-pin замены преобразователей Vicor,preobrazovateli-vicor,proizvodstvo-preobrazovatelej-napryazheniya_section_3
proizvodstvo-preobrazovatelej-napryazheniya_441,"Vicor, V28A28H200BL",Y,vicor-V28A28H200BL,44200,<p>«ЭКБ ТЕСТ» — надёжный партнёр для вашего бизнеса. Комплексные решения в микроэлектронике. Адекватные цены на производство модульных преобразователей «ИРТЫШ»®. Полная «PIN-TO-PIN» совместимость с продукцией VICOR. Разумные сроки. Индивидуальный подход.</p>,html,,<p>«ЭКБ ТЕСТ» — надёжный партнёр для вашего бизнеса. Комплексные решения в микроэлектронике. Адекватные цены на производство модульных преобразователей «ИРТЫШ»®. Полная «PIN-TO-PIN» совместимость с продукцией VICOR. Разумные сроки. Индивидуальный подход.</p>,html,,Vicor,,,V28A28H200BL,"""28"" (9..36)",28,Full brick,,,,-40…105,,,,,proizvodstvo-preobrazovatelej-napryazheniya_257,,,ЭКБ ТЕСТ — надёжный партнёр для вашего бизнеса. Комплексные решения в микроэлектронике. Адекватные цены на производство преобразователей. Разумные сроки. Индивидуальный подход.,Полные pin-to-pin замены преобразователей Vicor,preobrazovateli-vicor,proizvodstvo-preobrazovatelej-napryazheniya_section_3
proizvodstvo-preobrazovatelej-napryazheniya_442,"Vicor, V28A36H200BL",Y,vicor-V28A36H200BL,44300,<p>«ЭКБ ТЕСТ» — надёжный партнёр для вашего бизнеса. Комплексные решения в микроэлектронике. Адекватные цены на производство модульных преобразователей «ИРТЫШ»®. Полная «PIN-TO-PIN» совместимость с продукцией VICOR. Разумные сроки. Индивидуальный подход.</p>,html,,<p>«ЭКБ ТЕСТ» — надёжный партнёр для вашего бизнеса. Комплексные решения в микроэлектронике. Адекватные цены на производство модульных преобразователей «ИРТЫШ»®. Полная «PIN-TO-PIN» совместимость с продукцией VICOR. Разумные сроки. Индивидуальный подход.</p>,html,,Vicor,,,V28A36H200BL,"""28"" (9..36)",36,Full brick,,,,-40…106,,,,,proizvodstvo-preobrazovatelej-napryazheniya_258,,,ЭКБ ТЕСТ — надёжный партнёр для вашего бизнеса. Комплексные решения в микроэлектронике. Адекватные цены на производство преобразователей. Разумные сроки. Индивидуальный подход.,Полные pin-to-pin замены преобразователей Vicor,preobrazovateli-vicor,proizvodstvo-preobrazovatelej-napryazheniya_section_3
proizvodstvo-preobrazovatelej-napryazheniya_443,"Vicor, V28A48H200BL",Y,vicor-V28A48H200BL,44400,<p>«ЭКБ ТЕСТ» — надёжный партнёр для вашего бизнеса. Комплексные решения в микроэлектронике. Адекватные цены на производство модульных преобразователей «ИРТЫШ»®. Полная «PIN-TO-PIN» совместимость с продукцией VICOR. Разумные сроки. Индивидуальный подход.</p>,html,,<p>«ЭКБ ТЕСТ» — надёжный партнёр для вашего бизнеса. Комплексные решения в микроэлектронике. Адекватные цены на производство модульных преобразователей «ИРТЫШ»®. Полная «PIN-TO-PIN» совместимость с продукцией VICOR. Разумные сроки. Индивидуальный подход.</p>,html,,Vicor,,,V28A48H200BL,"""28"" (9..36)",48,Full brick,,,,-40…107,,,,,proizvodstvo-preobrazovatelej-napryazheniya_259,,,ЭКБ ТЕСТ — надёжный партнёр для вашего бизнеса. Комплексные решения в микроэлектронике. Адекватные цены на производство преобразователей. Разумные сроки. Индивидуальный подход.,Полные pin-to-pin замены преобразователей Vicor,preobrazovateli-vicor,proizvodstvo-preobrazovatelej-napryazheniya_section_3
proizvodstvo-preobrazovatelej-napryazheniya_444,"Vicor, V28A3V3M150BL",Y,vicor-V28A3V3M150BL,44500,<p>«ЭКБ ТЕСТ» — надёжный партнёр для вашего бизнеса. Комплексные решения в микроэлектронике. Адекватные цены на производство модульных преобразователей «ИРТЫШ»®. Полная «PIN-TO-PIN» совместимость с продукцией VICOR. Разумные сроки. Индивидуальный подход.</p>,html,,<p>«ЭКБ ТЕСТ» — надёжный партнёр для вашего бизнеса. Комплексные решения в микроэлектронике. Адекватные цены на производство модульных преобразователей «ИРТЫШ»®. Полная «PIN-TO-PIN» совместимость с продукцией VICOR. Разумные сроки. Индивидуальный подход.</p>,html,,Vicor,,,V28A3V3M150BL,"""28"" (9..36)","3,3",Full brick,,,,-55…100,,,,,proizvodstvo-preobrazovatelej-napryazheniya_260,,,ЭКБ ТЕСТ — надёжный партнёр для вашего бизнеса. Комплексные решения в микроэлектронике. Адекватные цены на производство преобразователей. Разумные сроки. Индивидуальный подход.,Полные pin-to-pin замены преобразователей Vicor,preobrazovateli-vicor,proizvodstvo-preobrazovatelej-napryazheniya_section_3
proizvodstvo-preobrazovatelej-napryazheniya_445,"Vicor, V28A5M175BL",Y,vicor-V28A5M175BL,44600,<p>«ЭКБ ТЕСТ» — надёжный партнёр для вашего бизнеса. Комплексные решения в микроэлектронике. Адекватные цены на производство модульных преобразователей «ИРТЫШ»®. Полная «PIN-TO-PIN» совместимость с продукцией VICOR. Разумные сроки. Индивидуальный подход.</p>,html,,<p>«ЭКБ ТЕСТ» — надёжный партнёр для вашего бизнеса. Комплексные решения в микроэлектронике. Адекватные цены на производство модульных преобразователей «ИРТЫШ»®. Полная «PIN-TO-PIN» совместимость с продукцией VICOR. Разумные сроки. Индивидуальный подход.</p>,html,,Vicor,,,V28A5M175BL,"""28"" (9..36)",5,Full brick,,,,-55…101,,,,,proizvodstvo-preobrazovatelej-napryazheniya_261,,,ЭКБ ТЕСТ — надёжный партнёр для вашего бизнеса. Комплексные решения в микроэлектронике. Адекватные цены на производство преобразователей. Разумные сроки. Индивидуальный подход.,Полные pin-to-pin замены преобразователей Vicor,preobrazovateli-vicor,proizvodstvo-preobrazovatelej-napryazheniya_section_3
proizvodstvo-preobrazovatelej-napryazheniya_446,"Vicor, V28A12M200BL",Y,vicor-V28A12M200BL,44700,<p>«ЭКБ ТЕСТ» — надёжный партнёр для вашего бизнеса. Комплексные решения в микроэлектронике. Адекватные цены на производство модульных преобразователей «ИРТЫШ»®. Полная «PIN-TO-PIN» совместимость с продукцией VICOR. Разумные сроки. Индивидуальный подход.</p>,html,,<p>«ЭКБ ТЕСТ» — надёжный партнёр для вашего бизнеса. Комплексные решения в микроэлектронике. Адекватные цены на производство модульных преобразователей «ИРТЫШ»®. Полная «PIN-TO-PIN» совместимость с продукцией VICOR. Разумные сроки. Индивидуальный подход.</p>,html,,Vicor,,,V28A12M200BL,"""28"" (9..36)",12,Full brick,,,,-55…102,,,,,proizvodstvo-preobrazovatelej-napryazheniya_262,,,ЭКБ ТЕСТ — надёжный партнёр для вашего бизнеса. Комплексные решения в микроэлектронике. Адекватные цены на производство преобразователей. Разумные сроки. Индивидуальный подход.,Полные pin-to-pin замены преобразователей Vicor,preobrazovateli-vicor,proizvodstvo-preobrazovatelej-napryazheniya_section_3
proizvodstvo-preobrazovatelej-napryazheniya_447,"Vicor, V28A15M200BL",Y,vicor-V28A15M200BL,44800,<p>«ЭКБ ТЕСТ» — надёжный партнёр для вашего бизнеса. Комплексные решения в микроэлектронике. Адекватные цены на производство модульных преобразователей «ИРТЫШ»®. Полная «PIN-TO-PIN» совместимость с продукцией VICOR. Разумные сроки. Индивидуальный подход.</p>,html,,<p>«ЭКБ ТЕСТ» — надёжный партнёр для вашего бизнеса. Комплексные решения в микроэлектронике. Адекватные цены на производство модульных преобразователей «ИРТЫШ»®. Полная «PIN-TO-PIN» совместимость с продукцией VICOR. Разумные сроки. Индивидуальный подход.</p>,html,,Vicor,,,V28A15M200BL,"""28"" (9..36)",15,Full brick,,,,-55…103,,,,,proizvodstvo-preobrazovatelej-napryazheniya_263,,,ЭКБ ТЕСТ — надёжный партнёр для вашего бизнеса. Комплексные решения в микроэлектронике. Адекватные цены на производство преобразователей. Разумные сроки. Индивидуальный подход.,Полные pin-to-pin замены преобразователей Vicor,preobrazovateli-vicor,proizvodstvo-preobrazovatelej-napryazheniya_section_3
proizvodstvo-preobrazovatelej-napryazheniya_448,"Vicor, V28A24M200BL",Y,vicor-V28A24M200BL,44900,<p>«ЭКБ ТЕСТ» — надёжный партнёр для вашего бизнеса. Комплексные решения в микроэлектронике. Адекватные цены на производство модульных преобразователей «ИРТЫШ»®. Полная «PIN-TO-PIN» совместимость с продукцией VICOR. Разумные сроки. Индивидуальный подход.</p>,html,,<p>«ЭКБ ТЕСТ» — надёжный партнёр для вашего бизнеса. Комплексные решения в микроэлектронике. Адекватные цены на производство модульных преобразователей «ИРТЫШ»®. Полная «PIN-TO-PIN» совместимость с продукцией VICOR. Разумные сроки. Индивидуальный подход.</p>,html,,Vicor,,,V28A24M200BL,"""28"" (9..36)",24,Full brick,,,,-55…104,,,,,proizvodstvo-preobrazovatelej-napryazheniya_264,,,ЭКБ ТЕСТ — надёжный партнёр для вашего бизнеса. Комплексные решения в микроэлектронике. Адекватные цены на производство преобразователей. Разумные сроки. Индивидуальный подход.,Полные pin-to-pin замены преобразователей Vicor,preobrazovateli-vicor,proizvodstvo-preobrazovatelej-napryazheniya_section_3
proizvodstvo-preobrazovatelej-napryazheniya_449,"Vicor, V28A28M200BL",Y,vicor-V28A28M200BL,45000,<p>«ЭКБ ТЕСТ» — надёжный партнёр для вашего бизнеса. Комплексные решения в микроэлектронике. Адекватные цены на производство модульных преобразователей «ИРТЫШ»®. Полная «PIN-TO-PIN» совместимость с продукцией VICOR. Разумные сроки. Индивидуальный подход.</p>,html,,<p>«ЭКБ ТЕСТ» — надёжный партнёр для вашего бизнеса. Комплексные решения в микроэлектронике. Адекватные цены на производство модульных преобразователей «ИРТЫШ»®. Полная «PIN-TO-PIN» совместимость с продукцией VICOR. Разумные сроки. Индивидуальный подход.</p>,html,,Vicor,,,V28A28M200BL,"""28"" (9..36)",28,Full brick,,,,-55…105,,,,,proizvodstvo-preobrazovatelej-napryazheniya_265,,,ЭКБ ТЕСТ — надёжный партнёр для вашего бизнеса. Комплексные решения в микроэлектронике. Адекватные цены на производство преобразователей. Разумные сроки. Индивидуальный подход.,Полные pin-to-pin замены преобразователей Vicor,preobrazovateli-vicor,proizvodstvo-preobrazovatelej-napryazheniya_section_3
proizvodstvo-preobrazovatelej-napryazheniya_450,"Vicor, V28A36M200BL",Y,vicor-V28A36M200BL,45100,<p>«ЭКБ ТЕСТ» — надёжный партнёр для вашего бизнеса. Комплексные решения в микроэлектронике. Адекватные цены на производство модульных преобразователей «ИРТЫШ»®. Полная «PIN-TO-PIN» совместимость с продукцией VICOR. Разумные сроки. Индивидуальный подход.</p>,html,,<p>«ЭКБ ТЕСТ» — надёжный партнёр для вашего бизнеса. Комплексные решения в микроэлектронике. Адекватные цены на производство модульных преобразователей «ИРТЫШ»®. Полная «PIN-TO-PIN» совместимость с продукцией VICOR. Разумные сроки. Индивидуальный подход.</p>,html,,Vicor,,,V28A36M200BL,"""28"" (9..36)",36,Full brick,,,,-55…106,,,,,proizvodstvo-preobrazovatelej-napryazheniya_266,,,ЭКБ ТЕСТ — надёжный партнёр для вашего бизнеса. Комплексные решения в микроэлектронике. Адекватные цены на производство преобразователей. Разумные сроки. Индивидуальный подход.,Полные pin-to-pin замены преобразователей Vicor,preobrazovateli-vicor,proizvodstvo-preobrazovatelej-napryazheniya_section_3
proizvodstvo-preobrazovatelej-napryazheniya_451,"Vicor, V28A48M200BL",Y,vicor-V28A48M200BL,45200,<p>«ЭКБ ТЕСТ» — надёжный партнёр для вашего бизнеса. Комплексные решения в микроэлектронике. Адекватные цены на производство модульных преобразователей «ИРТЫШ»®. Полная «PIN-TO-PIN» совместимость с продукцией VICOR. Разумные сроки. Индивидуальный подход.</p>,html,,<p>«ЭКБ ТЕСТ» — надёжный партнёр для вашего бизнеса. Комплексные решения в микроэлектронике. Адекватные цены на производство модульных преобразователей «ИРТЫШ»®. Полная «PIN-TO-PIN» совместимость с продукцией VICOR. Разумные сроки. Индивидуальный подход.</p>,html,,Vicor,,,V28A48M200BL,"""28"" (9..36)",48,Full brick,,,,-55…107,,,,,proizvodstvo-preobrazovatelej-napryazheniya_267,,,ЭКБ ТЕСТ — надёжный партнёр для вашего бизнеса. Комплексные решения в микроэлектронике. Адекватные цены на производство преобразователей. Разумные сроки. Индивидуальный подход.,Полные pin-to-pin замены преобразователей Vicor,preobrazovateli-vicor,proizvodstvo-preobrazovatelej-napryazheniya_section_3
proizvodstvo-preobrazovatelej-napryazheniya_452,"Vicor, V28B3V3H75BL",Y,vicor-V28B3V3H75BL,45300,<p>«ЭКБ ТЕСТ» — надёжный партнёр для вашего бизнеса. Комплексные решения в микроэлектронике. Адекватные цены на производство модульных преобразователей «ИРТЫШ»®. Полная «PIN-TO-PIN» совместимость с продукцией VICOR. Разумные сроки. Индивидуальный подход.</p>,html,,<p>«ЭКБ ТЕСТ» — надёжный партнёр для вашего бизнеса. Комплексные решения в микроэлектронике. Адекватные цены на производство модульных преобразователей «ИРТЫШ»®. Полная «PIN-TO-PIN» совместимость с продукцией VICOR. Разумные сроки. Индивидуальный подход.</p>,html,,Vicor,,,V28B3V3H75BL,"""28"" (9..36)","3,3",1/2 brick,,,,-40…100,,,,,proizvodstvo-preobrazovatelej-napryazheniya_519,,,ЭКБ ТЕСТ — надёжный партнёр для вашего бизнеса. Комплексные решения в микроэлектронике. Адекватные цены на производство преобразователей. Разумные сроки. Индивидуальный подход.,Полные pin-to-pin замены преобразователей Vicor,preobrazovateli-vicor,proizvodstvo-preobrazovatelej-napryazheniya_section_3
proizvodstvo-preobrazovatelej-napryazheniya_453,"Vicor, V28B5H75BL",Y,vicor-V28B5H75BL,45400,<p>«ЭКБ ТЕСТ» — надёжный партнёр для вашего бизнеса. Комплексные решения в микроэлектронике. Адекватные цены на производство модульных преобразователей «ИРТЫШ»®. Полная «PIN-TO-PIN» совместимость с продукцией VICOR. Разумные сроки. Индивидуальный подход.</p>,html,,<p>«ЭКБ ТЕСТ» — надёжный партнёр для вашего бизнеса. Комплексные решения в микроэлектронике. Адекватные цены на производство модульных преобразователей «ИРТЫШ»®. Полная «PIN-TO-PIN» совместимость с продукцией VICOR. Разумные сроки. Индивидуальный подход.</p>,html,,Vicor,,,V28B5H75BL,"""28"" (9..36)",5,1/2 brick,,,,-40…101,,,,,proizvodstvo-preobrazovatelej-napryazheniya_517,,,ЭКБ ТЕСТ — надёжный партнёр для вашего бизнеса. Комплексные решения в микроэлектронике. Адекватные цены на производство преобразователей. Разумные сроки. Индивидуальный подход.,Полные pin-to-pin замены преобразователей Vicor,preobrazovateli-vicor,proizvodstvo-preobrazovatelej-napryazheniya_section_3
proizvodstvo-preobrazovatelej-napryazheniya_454,"Vicor, V28B12H125BL",Y,vicor-V28B12H125BL,45500,<p>«ЭКБ ТЕСТ» — надёжный партнёр для вашего бизнеса. Комплексные решения в микроэлектронике. Адекватные цены на производство модульных преобразователей «ИРТЫШ»®. Полная «PIN-TO-PIN» совместимость с продукцией VICOR. Разумные сроки. Индивидуальный подход.</p>,html,,<p>«ЭКБ ТЕСТ» — надёжный партнёр для вашего бизнеса. Комплексные решения в микроэлектронике. Адекватные цены на производство модульных преобразователей «ИРТЫШ»®. Полная «PIN-TO-PIN» совместимость с продукцией VICOR. Разумные сроки. Индивидуальный подход.</p>,html,,Vicor,,,V28B12H125BL,"""28"" (9..36)",12,1/2 brick,,,,-40…102,,,,,proizvodstvo-preobrazovatelej-napryazheniya_518,,,ЭКБ ТЕСТ — надёжный партнёр для вашего бизнеса. Комплексные решения в микроэлектронике. Адекватные цены на производство преобразователей. Разумные сроки. Индивидуальный подход.,Полные pin-to-pin замены преобразователей Vicor,preobrazovateli-vicor,proizvodstvo-preobrazovatelej-napryazheniya_section_3
proizvodstvo-preobrazovatelej-napryazheniya_455,"Vicor, V28B15H150BL",Y,vicor-V28B15H150BL,45600,<p>«ЭКБ ТЕСТ» — надёжный партнёр для вашего бизнеса. Комплексные решения в микроэлектронике. Адекватные цены на производство модульных преобразователей «ИРТЫШ»®. Полная «PIN-TO-PIN» совместимость с продукцией VICOR. Разумные сроки. Индивидуальный подход.</p>,html,,<p>«ЭКБ ТЕСТ» — надёжный партнёр для вашего бизнеса. Комплексные решения в микроэлектронике. Адекватные цены на производство модульных преобразователей «ИРТЫШ»®. Полная «PIN-TO-PIN» совместимость с продукцией VICOR. Разумные сроки. Индивидуальный подход.</p>,html,,Vicor,,,V28B15H150BL,"""28"" (9..36)",15,1/2 brick,,,,-40…103,,,,,proizvodstvo-preobrazovatelej-napryazheniya_279,,,ЭКБ ТЕСТ — надёжный партнёр для вашего бизнеса. Комплексные решения в микроэлектронике. Адекватные цены на производство преобразователей. Разумные сроки. Индивидуальный подход.,Полные pin-to-pin замены преобразователей Vicor,preobrazovateli-vicor,proizvodstvo-preobrazovatelej-napryazheniya_section_3
proizvodstvo-preobrazovatelej-napryazheniya_456,"Vicor, V28B24H150BL",Y,vicor-V28B24H150BL,45700,<p>«ЭКБ ТЕСТ» — надёжный партнёр для вашего бизнеса. Комплексные решения в микроэлектронике. Адекватные цены на производство модульных преобразователей «ИРТЫШ»®. Полная «PIN-TO-PIN» совместимость с продукцией VICOR. Разумные сроки. Индивидуальный подход.</p>,html,,<p>«ЭКБ ТЕСТ» — надёжный партнёр для вашего бизнеса. Комплексные решения в микроэлектронике. Адекватные цены на производство модульных преобразователей «ИРТЫШ»®. Полная «PIN-TO-PIN» совместимость с продукцией VICOR. Разумные сроки. Индивидуальный подход.</p>,html,,Vicor,,,V28B24H150BL,"""28"" (9..36)",24,1/2 brick,,,,-40…104,,,,,proizvodstvo-preobrazovatelej-napryazheniya_280,,,ЭКБ ТЕСТ — надёжный партнёр для вашего бизнеса. Комплексные решения в микроэлектронике. Адекватные цены на производство преобразователей. Разумные сроки. Индивидуальный подход.,Полные pin-to-pin замены преобразователей Vicor,preobrazovateli-vicor,proizvodstvo-preobrazovatelej-napryazheniya_section_3
proizvodstvo-preobrazovatelej-napryazheniya_457,"Vicor, V28B28H150BL",Y,vicor-V28B28H150BL,45800,<p>«ЭКБ ТЕСТ» — надёжный партнёр для вашего бизнеса. Комплексные решения в микроэлектронике. Адекватные цены на производство модульных преобразователей «ИРТЫШ»®. Полная «PIN-TO-PIN» совместимость с продукцией VICOR. Разумные сроки. Индивидуальный подход.</p>,html,,<p>«ЭКБ ТЕСТ» — надёжный партнёр для вашего бизнеса. Комплексные решения в микроэлектронике. Адекватные цены на производство модульных преобразователей «ИРТЫШ»®. Полная «PIN-TO-PIN» совместимость с продукцией VICOR. Разумные сроки. Индивидуальный подход.</p>,html,,Vicor,,,V28B28H150BL,"""28"" (9..36)",28,1/2 brick,,,,-40…105,,,,,proizvodstvo-preobrazovatelej-napryazheniya_281,,,ЭКБ ТЕСТ — надёжный партнёр для вашего бизнеса. Комплексные решения в микроэлектронике. Адекватные цены на производство преобразователей. Разумные сроки. Индивидуальный подход.,Полные pin-to-pin замены преобразователей Vicor,preobrazovateli-vicor,proizvodstvo-preobrazovatelej-napryazheniya_section_3
proizvodstvo-preobrazovatelej-napryazheniya_458,"Vicor, V28B36H150BL",Y,vicor-V28B36H150BL,45900,<p>«ЭКБ ТЕСТ» — надёжный партнёр для вашего бизнеса. Комплексные решения в микроэлектронике. Адекватные цены на производство модульных преобразователей «ИРТЫШ»®. Полная «PIN-TO-PIN» совместимость с продукцией VICOR. Разумные сроки. Индивидуальный подход.</p>,html,,<p>«ЭКБ ТЕСТ» — надёжный партнёр для вашего бизнеса. Комплексные решения в микроэлектронике. Адекватные цены на производство модульных преобразователей «ИРТЫШ»®. Полная «PIN-TO-PIN» совместимость с продукцией VICOR. Разумные сроки. Индивидуальный подход.</p>,html,,Vicor,,,V28B36H150BL,"""28"" (9..36)",36,1/2 brick,,,,-40…106,,,,,proizvodstvo-preobrazovatelej-napryazheniya_282,,,ЭКБ ТЕСТ — надёжный партнёр для вашего бизнеса. Комплексные решения в микроэлектронике. Адекватные цены на производство преобразователей. Разумные сроки. Индивидуальный подход.,Полные pin-to-pin замены преобразователей Vicor,preobrazovateli-vicor,proizvodstvo-preobrazovatelej-napryazheniya_section_3
proizvodstvo-preobrazovatelej-napryazheniya_459,"Vicor, V28B48H150BL",Y,vicor-V28B48H150BL,46000,<p>«ЭКБ ТЕСТ» — надёжный партнёр для вашего бизнеса. Комплексные решения в микроэлектронике. Адекватные цены на производство модульных преобразователей «ИРТЫШ»®. Полная «PIN-TO-PIN» совместимость с продукцией VICOR. Разумные сроки. Индивидуальный подход.</p>,html,,<p>«ЭКБ ТЕСТ» — надёжный партнёр для вашего бизнеса. Комплексные решения в микроэлектронике. Адекватные цены на производство модульных преобразователей «ИРТЫШ»®. Полная «PIN-TO-PIN» совместимость с продукцией VICOR. Разумные сроки. Индивидуальный подход.</p>,html,,Vicor,,,V28B48H150BL,"""28"" (9..36)",48,1/2 brick,,,,-40…107,,,,,proizvodstvo-preobrazovatelej-napryazheniya_283,,,ЭКБ ТЕСТ — надёжный партнёр для вашего бизнеса. Комплексные решения в микроэлектронике. Адекватные цены на производство преобразователей. Разумные сроки. Индивидуальный подход.,Полные pin-to-pin замены преобразователей Vicor,preobrazovateli-vicor,proizvodstvo-preobrazovatelej-napryazheniya_section_3
proizvodstvo-preobrazovatelej-napryazheniya_460,"Vicor, V28B3V3M75BL",Y,vicor-V28B3V3M75BL,46100,<p>«ЭКБ ТЕСТ» — надёжный партнёр для вашего бизнеса. Комплексные решения в микроэлектронике. Адекватные цены на производство модульных преобразователей «ИРТЫШ»®. Полная «PIN-TO-PIN» совместимость с продукцией VICOR. Разумные сроки. Индивидуальный подход.</p>,html,,<p>«ЭКБ ТЕСТ» — надёжный партнёр для вашего бизнеса. Комплексные решения в микроэлектронике. Адекватные цены на производство модульных преобразователей «ИРТЫШ»®. Полная «PIN-TO-PIN» совместимость с продукцией VICOR. Разумные сроки. Индивидуальный подход.</p>,html,,Vicor,,,V28B3V3M75BL,"""28"" (9..36)","3,3",1/2 brick,,,,-55…100,,,,,proizvodstvo-preobrazovatelej-napryazheniya_522,,,ЭКБ ТЕСТ — надёжный партнёр для вашего бизнеса. Комплексные решения в микроэлектронике. Адекватные цены на производство преобразователей. Разумные сроки. Индивидуальный подход.,Полные pin-to-pin замены преобразователей Vicor,preobrazovateli-vicor,proizvodstvo-preobrazovatelej-napryazheniya_section_3
proizvodstvo-preobrazovatelej-napryazheniya_461,"Vicor, V28B5M75BL",Y,vicor-V28B5M75BL,46200,<p>«ЭКБ ТЕСТ» — надёжный партнёр для вашего бизнеса. Комплексные решения в микроэлектронике. Адекватные цены на производство модульных преобразователей «ИРТЫШ»®. Полная «PIN-TO-PIN» совместимость с продукцией VICOR. Разумные сроки. Индивидуальный подход.</p>,html,,<p>«ЭКБ ТЕСТ» — надёжный партнёр для вашего бизнеса. Комплексные решения в микроэлектронике. Адекватные цены на производство модульных преобразователей «ИРТЫШ»®. Полная «PIN-TO-PIN» совместимость с продукцией VICOR. Разумные сроки. Индивидуальный подход.</p>,html,,Vicor,,,V28B5M75BL,"""28"" (9..36)",5,1/2 brick,,,,-55…101,,,,,proizvodstvo-preobrazovatelej-napryazheniya_520,,,ЭКБ ТЕСТ — надёжный партнёр для вашего бизнеса. Комплексные решения в микроэлектронике. Адекватные цены на производство преобразователей. Разумные сроки. Индивидуальный подход.,Полные pin-to-pin замены преобразователей Vicor,preobrazovateli-vicor,proizvodstvo-preobrazovatelej-napryazheniya_section_3
proizvodstvo-preobrazovatelej-napryazheniya_462,"Vicor, V28B12M125BL",Y,vicor-V28B12M125BL,46300,<p>«ЭКБ ТЕСТ» — надёжный партнёр для вашего бизнеса. Комплексные решения в микроэлектронике. Адекватные цены на производство модульных преобразователей «ИРТЫШ»®. Полная «PIN-TO-PIN» совместимость с продукцией VICOR. Разумные сроки. Индивидуальный подход.</p>,html,,<p>«ЭКБ ТЕСТ» — надёжный партнёр для вашего бизнеса. Комплексные решения в микроэлектронике. Адекватные цены на производство модульных преобразователей «ИРТЫШ»®. Полная «PIN-TO-PIN» совместимость с продукцией VICOR. Разумные сроки. Индивидуальный подход.</p>,html,,Vicor,,,V28B12M125BL,"""28"" (9..36)",12,1/2 brick,,,,-55…102,,,,,proizvodstvo-preobrazovatelej-napryazheniya_521,,,ЭКБ ТЕСТ — надёжный партнёр для вашего бизнеса. Комплексные решения в микроэлектронике. Адекватные цены на производство преобразователей. Разумные сроки. Индивидуальный подход.,Полные pin-to-pin замены преобразователей Vicor,preobrazovateli-vicor,proizvodstvo-preobrazovatelej-napryazheniya_section_3
proizvodstvo-preobrazovatelej-napryazheniya_463,"Vicor, V28B15M150BL",Y,vicor-V28B15M150BL,46400,<p>«ЭКБ ТЕСТ» — надёжный партнёр для вашего бизнеса. Комплексные решения в микроэлектронике. Адекватные цены на производство модульных преобразователей «ИРТЫШ»®. Полная «PIN-TO-PIN» совместимость с продукцией VICOR. Разумные сроки. Индивидуальный подход.</p>,html,,<p>«ЭКБ ТЕСТ» — надёжный партнёр для вашего бизнеса. Комплексные решения в микроэлектронике. Адекватные цены на производство модульных преобразователей «ИРТЫШ»®. Полная «PIN-TO-PIN» совместимость с продукцией VICOR. Разумные сроки. Индивидуальный подход.</p>,html,,Vicor,,,V28B15M150BL,"""28"" (9..36)",15,1/2 brick,,,,-55…103,,,,,proizvodstvo-preobrazovatelej-napryazheniya_287,,,ЭКБ ТЕСТ — надёжный партнёр для вашего бизнеса. Комплексные решения в микроэлектронике. Адекватные цены на производство преобразователей. Разумные сроки. Индивидуальный подход.,Полные pin-to-pin замены преобразователей Vicor,preobrazovateli-vicor,proizvodstvo-preobrazovatelej-napryazheniya_section_3
proizvodstvo-preobrazovatelej-napryazheniya_464,"Vicor, V28B24M150BL",Y,vicor-V28B24M150BL,46500,<p>«ЭКБ ТЕСТ» — надёжный партнёр для вашего бизнеса. Комплексные решения в микроэлектронике. Адекватные цены на производство модульных преобразователей «ИРТЫШ»®. Полная «PIN-TO-PIN» совместимость с продукцией VICOR. Разумные сроки. Индивидуальный подход.</p>,html,,<p>«ЭКБ ТЕСТ» — надёжный партнёр для вашего бизнеса. Комплексные решения в микроэлектронике. Адекватные цены на производство модульных преобразователей «ИРТЫШ»®. Полная «PIN-TO-PIN» совместимость с продукцией VICOR. Разумные сроки. Индивидуальный подход.</p>,html,,Vicor,,,V28B24M150BL,"""28"" (9..36)",24,1/2 brick,,,,-55…104,,,,,proizvodstvo-preobrazovatelej-napryazheniya_288,,,ЭКБ ТЕСТ — надёжный партнёр для вашего бизнеса. Комплексные решения в микроэлектронике. Адекватные цены на производство преобразователей. Разумные сроки. Индивидуальный подход.,Полные pin-to-pin замены преобразователей Vicor,preobrazovateli-vicor,proizvodstvo-preobrazovatelej-napryazheniya_section_3
proizvodstvo-preobrazovatelej-napryazheniya_465,"Vicor, V28B28M150BL",Y,vicor-V28B28M150BL,46600,<p>«ЭКБ ТЕСТ» — надёжный партнёр для вашего бизнеса. Комплексные решения в микроэлектронике. Адекватные цены на производство модульных преобразователей «ИРТЫШ»®. Полная «PIN-TO-PIN» совместимость с продукцией VICOR. Разумные сроки. Индивидуальный подход.</p>,html,,<p>«ЭКБ ТЕСТ» — надёжный партнёр для вашего бизнеса. Комплексные решения в микроэлектронике. Адекватные цены на производство модульных преобразователей «ИРТЫШ»®. Полная «PIN-TO-PIN» совместимость с продукцией VICOR. Разумные сроки. Индивидуальный подход.</p>,html,,Vicor,,,V28B28M150BL,"""28"" (9..36)",28,1/2 brick,,,,-55…105,,,,,proizvodstvo-preobrazovatelej-napryazheniya_289,,,ЭКБ ТЕСТ — надёжный партнёр для вашего бизнеса. Комплексные решения в микроэлектронике. Адекватные цены на производство преобразователей. Разумные сроки. Индивидуальный подход.,Полные pin-to-pin замены преобразователей Vicor,preobrazovateli-vicor,proizvodstvo-preobrazovatelej-napryazheniya_section_3
proizvodstvo-preobrazovatelej-napryazheniya_466,"Vicor, V28B36M150BL",Y,vicor-V28B36M150BL,46700,<p>«ЭКБ ТЕСТ» — надёжный партнёр для вашего бизнеса. Комплексные решения в микроэлектронике. Адекватные цены на производство модульных преобразователей «ИРТЫШ»®. Полная «PIN-TO-PIN» совместимость с продукцией VICOR. Разумные сроки. Индивидуальный подход.</p>,html,,<p>«ЭКБ ТЕСТ» — надёжный партнёр для вашего бизнеса. Комплексные решения в микроэлектронике. Адекватные цены на производство модульных преобразователей «ИРТЫШ»®. Полная «PIN-TO-PIN» совместимость с продукцией VICOR. Разумные сроки. Индивидуальный подход.</p>,html,,Vicor,,,V28B36M150BL,"""28"" (9..36)",36,1/2 brick,,,,-55…106,,,,,proizvodstvo-preobrazovatelej-napryazheniya_290,,,ЭКБ ТЕСТ — надёжный партнёр для вашего бизнеса. Комплексные решения в микроэлектронике. Адекватные цены на производство преобразователей. Разумные сроки. Индивидуальный подход.,Полные pin-to-pin замены преобразователей Vicor,preobrazovateli-vicor,proizvodstvo-preobrazovatelej-napryazheniya_section_3
proizvodstvo-preobrazovatelej-napryazheniya_467,"Vicor, V28B48M150BL",Y,vicor-V28B48M150BL,46800,<p>«ЭКБ ТЕСТ» — надёжный партнёр для вашего бизнеса. Комплексные решения в микроэлектронике. Адекватные цены на производство модульных преобразователей «ИРТЫШ»®. Полная «PIN-TO-PIN» совместимость с продукцией VICOR. Разумные сроки. Индивидуальный подход.</p>,html,,<p>«ЭКБ ТЕСТ» — надёжный партнёр для вашего бизнеса. Комплексные решения в микроэлектронике. Адекватные цены на производство модульных преобразователей «ИРТЫШ»®. Полная «PIN-TO-PIN» совместимость с продукцией VICOR. Разумные сроки. Индивидуальный подход.</p>,html,,Vicor,,,V28B48M150BL,"""28"" (9..36)",48,1/2 brick,,,,-55…107,,,,,proizvodstvo-preobrazovatelej-napryazheniya_291,,,ЭКБ ТЕСТ — надёжный партнёр для вашего бизнеса. Комплексные решения в микроэлектронике. Адекватные цены на производство преобразователей. Разумные сроки. Индивидуальный подход.,Полные pin-to-pin замены преобразователей Vicor,preobrazovateli-vicor,proizvodstvo-preobrazovatelej-napryazheniya_section_3
proizvodstvo-preobrazovatelej-napryazheniya_468,"Vicor, V28C3V3H50BL",Y,vicor-V28C3V3H50BL,46900,<p>«ЭКБ ТЕСТ» — надёжный партнёр для вашего бизнеса. Комплексные решения в микроэлектронике. Адекватные цены на производство модульных преобразователей «ИРТЫШ»®. Полная «PIN-TO-PIN» совместимость с продукцией VICOR. Разумные сроки. Индивидуальный подход.</p>,html,,<p>«ЭКБ ТЕСТ» — надёжный партнёр для вашего бизнеса. Комплексные решения в микроэлектронике. Адекватные цены на производство модульных преобразователей «ИРТЫШ»®. Полная «PIN-TO-PIN» совместимость с продукцией VICOR. Разумные сроки. Индивидуальный подход.</p>,html,,Vicor,,,V28C3V3H50BL,"""28"" (9..36)","3,3",1/4 brick,,,,-40…100,,,,,proizvodstvo-preobrazovatelej-napryazheniya_300,,,ЭКБ ТЕСТ — надёжный партнёр для вашего бизнеса. Комплексные решения в микроэлектронике. Адекватные цены на производство преобразователей. Разумные сроки. Индивидуальный подход.,Полные pin-to-pin замены преобразователей Vicor,preobrazovateli-vicor,proizvodstvo-preobrazovatelej-napryazheniya_section_3
proizvodstvo-preobrazovatelej-napryazheniya_469,"Vicor, V28C5H50BL",Y,vicor-V28C5H50BL,47000,<p>«ЭКБ ТЕСТ» — надёжный партнёр для вашего бизнеса. Комплексные решения в микроэлектронике. Адекватные цены на производство модульных преобразователей «ИРТЫШ»®. Полная «PIN-TO-PIN» совместимость с продукцией VICOR. Разумные сроки. Индивидуальный подход.</p>,html,,<p>«ЭКБ ТЕСТ» — надёжный партнёр для вашего бизнеса. Комплексные решения в микроэлектронике. Адекватные цены на производство модульных преобразователей «ИРТЫШ»®. Полная «PIN-TO-PIN» совместимость с продукцией VICOR. Разумные сроки. Индивидуальный подход.</p>,html,,Vicor,,,V28C5H50BL,"""28"" (9..36)",5,1/4 brick,,,,-40…101,,,,,proizvodstvo-preobrazovatelej-napryazheniya_535,,,ЭКБ ТЕСТ — надёжный партнёр для вашего бизнеса. Комплексные решения в микроэлектронике. Адекватные цены на производство преобразователей. Разумные сроки. Индивидуальный подход.,Полные pin-to-pin замены преобразователей Vicor,preobrazovateli-vicor,proizvodstvo-preobrazovatelej-napryazheniya_section_3
proizvodstvo-preobrazovatelej-napryazheniya_470,"Vicor, V28C12H100BL",Y,vicor-V28C12H100BL,47100,<p>«ЭКБ ТЕСТ» — надёжный партнёр для вашего бизнеса. Комплексные решения в микроэлектронике. Адекватные цены на производство модульных преобразователей «ИРТЫШ»®. Полная «PIN-TO-PIN» совместимость с продукцией VICOR. Разумные сроки. Индивидуальный подход.</p>,html,,<p>«ЭКБ ТЕСТ» — надёжный партнёр для вашего бизнеса. Комплексные решения в микроэлектронике. Адекватные цены на производство модульных преобразователей «ИРТЫШ»®. Полная «PIN-TO-PIN» совместимость с продукцией VICOR. Разумные сроки. Индивидуальный подход.</p>,html,,Vicor,,,V28C12H100BL,"""28"" (9..36)",12,1/4 brick,,,,-40…102,,,,,proizvodstvo-preobrazovatelej-napryazheniya_302,,,ЭКБ ТЕСТ — надёжный партнёр для вашего бизнеса. Комплексные решения в микроэлектронике. Адекватные цены на производство преобразователей. Разумные сроки. Индивидуальный подход.,Полные pin-to-pin замены преобразователей Vicor,preobrazovateli-vicor,proizvodstvo-preobrazovatelej-napryazheniya_section_3
proizvodstvo-preobrazovatelej-napryazheniya_471,"Vicor, V28C15H100BL",Y,vicor-V28C15H100BL,47200,<p>«ЭКБ ТЕСТ» — надёжный партнёр для вашего бизнеса. Комплексные решения в микроэлектронике. Адекватные цены на производство модульных преобразователей «ИРТЫШ»®. Полная «PIN-TO-PIN» совместимость с продукцией VICOR. Разумные сроки. Индивидуальный подход.</p>,html,,<p>«ЭКБ ТЕСТ» — надёжный партнёр для вашего бизнеса. Комплексные решения в микроэлектронике. Адекватные цены на производство модульных преобразователей «ИРТЫШ»®. Полная «PIN-TO-PIN» совместимость с продукцией VICOR. Разумные сроки. Индивидуальный подход.</p>,html,,Vicor,,,V28C15H100BL,"""28"" (9..36)",15,1/4 brick,,,,-40…103,,,,,proizvodstvo-preobrazovatelej-napryazheniya_303,,,ЭКБ ТЕСТ — надёжный партнёр для вашего бизнеса. Комплексные решения в микроэлектронике. Адекватные цены на производство преобразователей. Разумные сроки. Индивидуальный подход.,Полные pin-to-pin замены преобразователей Vicor,preobrazovateli-vicor,proizvodstvo-preobrazovatelej-napryazheniya_section_3
proizvodstvo-preobrazovatelej-napryazheniya_472,"Vicor, V28C24H100BL",Y,vicor-V28C24H100BL,47300,<p>«ЭКБ ТЕСТ» — надёжный партнёр для вашего бизнеса. Комплексные решения в микроэлектронике. Адекватные цены на производство модульных преобразователей «ИРТЫШ»®. Полная «PIN-TO-PIN» совместимость с продукцией VICOR. Разумные сроки. Индивидуальный подход.</p>,html,,<p>«ЭКБ ТЕСТ» — надёжный партнёр для вашего бизнеса. Комплексные решения в микроэлектронике. Адекватные цены на производство модульных преобразователей «ИРТЫШ»®. Полная «PIN-TO-PIN» совместимость с продукцией VICOR. Разумные сроки. Индивидуальный подход.</p>,html,,Vicor,,,V28C24H100BL,"""28"" (9..36)",24,1/4 brick,,,,-40…104,,,,,proizvodstvo-preobrazovatelej-napryazheniya_304,,,ЭКБ ТЕСТ — надёжный партнёр для вашего бизнеса. Комплексные решения в микроэлектронике. Адекватные цены на производство преобразователей. Разумные сроки. Индивидуальный подход.,Полные pin-to-pin замены преобразователей Vicor,preobrazovateli-vicor,proizvodstvo-preobrazovatelej-napryazheniya_section_3
proizvodstvo-preobrazovatelej-napryazheniya_473,"Vicor, V28C28H100BL",Y,vicor-V28C28H100BL,47400,<p>«ЭКБ ТЕСТ» — надёжный партнёр для вашего бизнеса. Комплексные решения в микроэлектронике. Адекватные цены на производство модульных преобразователей «ИРТЫШ»®. Полная «PIN-TO-PIN» совместимость с продукцией VICOR. Разумные сроки. Индивидуальный подход.</p>,html,,<p>«ЭКБ ТЕСТ» — надёжный партнёр для вашего бизнеса. Комплексные решения в микроэлектронике. Адекватные цены на производство модульных преобразователей «ИРТЫШ»®. Полная «PIN-TO-PIN» совместимость с продукцией VICOR. Разумные сроки. Индивидуальный подход.</p>,html,,Vicor,,,V28C28H100BL,"""28"" (9..36)",28,1/4 brick,,,,-40…105,,,,,proizvodstvo-preobrazovatelej-napryazheniya_305,,,ЭКБ ТЕСТ — надёжный партнёр для вашего бизнеса. Комплексные решения в микроэлектронике. Адекватные цены на производство преобразователей. Разумные сроки. Индивидуальный подход.,Полные pin-to-pin замены преобразователей Vicor,preobrazovateli-vicor,proizvodstvo-preobrazovatelej-napryazheniya_section_3
proizvodstvo-preobrazovatelej-napryazheniya_474,"Vicor, V28C36H100BL",Y,vicor-V28C36H100BL,47500,<p>«ЭКБ ТЕСТ» — надёжный партнёр для вашего бизнеса. Комплексные решения в микроэлектронике. Адекватные цены на производство модульных преобразователей «ИРТЫШ»®. Полная «PIN-TO-PIN» совместимость с продукцией VICOR. Разумные сроки. Индивидуальный подход.</p>,html,,<p>«ЭКБ ТЕСТ» — надёжный партнёр для вашего бизнеса. Комплексные решения в микроэлектронике. Адекватные цены на производство модульных преобразователей «ИРТЫШ»®. Полная «PIN-TO-PIN» совместимость с продукцией VICOR. Разумные сроки. Индивидуальный подход.</p>,html,,Vicor,,,V28C36H100BL,"""28"" (9..36)",36,1/4 brick,,,,-40…106,,,,,proizvodstvo-preobrazovatelej-napryazheniya_306,,,ЭКБ ТЕСТ — надёжный партнёр для вашего бизнеса. Комплексные решения в микроэлектронике. Адекватные цены на производство преобразователей. Разумные сроки. Индивидуальный подход.,Полные pin-to-pin замены преобразователей Vicor,preobrazovateli-vicor,proizvodstvo-preobrazovatelej-napryazheniya_section_3
proizvodstvo-preobrazovatelej-napryazheniya_475,"Vicor, V28C48H100BL",Y,vicor-V28C48H100BL,47600,<p>«ЭКБ ТЕСТ» — надёжный партнёр для вашего бизнеса. Комплексные решения в микроэлектронике. Адекватные цены на производство модульных преобразователей «ИРТЫШ»®. Полная «PIN-TO-PIN» совместимость с продукцией VICOR. Разумные сроки. Индивидуальный подход.</p>,html,,<p>«ЭКБ ТЕСТ» — надёжный партнёр для вашего бизнеса. Комплексные решения в микроэлектронике. Адекватные цены на производство модульных преобразователей «ИРТЫШ»®. Полная «PIN-TO-PIN» совместимость с продукцией VICOR. Разумные сроки. Индивидуальный подход.</p>,html,,Vicor,,,V28C48H100BL,"""28"" (9..36)",48,1/4 brick,,,,-40…107,,,,,proizvodstvo-preobrazovatelej-napryazheniya_307,,,ЭКБ ТЕСТ — надёжный партнёр для вашего бизнеса. Комплексные решения в микроэлектронике. Адекватные цены на производство преобразователей. Разумные сроки. Индивидуальный подход.,Полные pin-to-pin замены преобразователей Vicor,preobrazovateli-vicor,proizvodstvo-preobrazovatelej-napryazheniya_section_3
proizvodstvo-preobrazovatelej-napryazheniya_476,"Vicor, V28C3V3M50BL",Y,vicor-V28C3V3M50BL,47700,<p>«ЭКБ ТЕСТ» — надёжный партнёр для вашего бизнеса. Комплексные решения в микроэлектронике. Адекватные цены на производство модульных преобразователей «ИРТЫШ»®. Полная «PIN-TO-PIN» совместимость с продукцией VICOR. Разумные сроки. Индивидуальный подход.</p>,html,,<p>«ЭКБ ТЕСТ» — надёжный партнёр для вашего бизнеса. Комплексные решения в микроэлектронике. Адекватные цены на производство модульных преобразователей «ИРТЫШ»®. Полная «PIN-TO-PIN» совместимость с продукцией VICOR. Разумные сроки. Индивидуальный подход.</p>,html,,Vicor,,,V28C3V3M50BL,"""28"" (9..36)","3,3",1/4 brick,,,,-55…100,,,,,proizvodstvo-preobrazovatelej-napryazheniya_308,,,ЭКБ ТЕСТ — надёжный партнёр для вашего бизнеса. Комплексные решения в микроэлектронике. Адекватные цены на производство преобразователей. Разумные сроки. Индивидуальный подход.,Полные pin-to-pin замены преобразователей Vicor,preobrazovateli-vicor,proizvodstvo-preobrazovatelej-napryazheniya_section_3
proizvodstvo-preobrazovatelej-napryazheniya_477,"Vicor, V28C5M50BL",Y,vicor-V28C5M50BL,47800,<p>«ЭКБ ТЕСТ» — надёжный партнёр для вашего бизнеса. Комплексные решения в микроэлектронике. Адекватные цены на производство модульных преобразователей «ИРТЫШ»®. Полная «PIN-TO-PIN» совместимость с продукцией VICOR. Разумные сроки. Индивидуальный подход.</p>,html,,<p>«ЭКБ ТЕСТ» — надёжный партнёр для вашего бизнеса. Комплексные решения в микроэлектронике. Адекватные цены на производство модульных преобразователей «ИРТЫШ»®. Полная «PIN-TO-PIN» совместимость с продукцией VICOR. Разумные сроки. Индивидуальный подход.</p>,html,,Vicor,,,V28C5M50BL,"""28"" (9..36)",5,1/4 brick,,,,-55…101,,,,,proizvodstvo-preobrazovatelej-napryazheniya_536,,,ЭКБ ТЕСТ — надёжный партнёр для вашего бизнеса. Комплексные решения в микроэлектронике. Адекватные цены на производство преобразователей. Разумные сроки. Индивидуальный подход.,Полные pin-to-pin замены преобразователей Vicor,preobrazovateli-vicor,proizvodstvo-preobrazovatelej-napryazheniya_section_3
proizvodstvo-preobrazovatelej-napryazheniya_478,"Vicor, V28C12M100BL",Y,vicor-V28C12M100BL,47900,<p>«ЭКБ ТЕСТ» — надёжный партнёр для вашего бизнеса. Комплексные решения в микроэлектронике. Адекватные цены на производство модульных преобразователей «ИРТЫШ»®. Полная «PIN-TO-PIN» совместимость с продукцией VICOR. Разумные сроки. Индивидуальный подход.</p>,html,,<p>«ЭКБ ТЕСТ» — надёжный партнёр для вашего бизнеса. Комплексные решения в микроэлектронике. Адекватные цены на производство модульных преобразователей «ИРТЫШ»®. Полная «PIN-TO-PIN» совместимость с продукцией VICOR. Разумные сроки. Индивидуальный подход.</p>,html,,Vicor,,,V28C12M100BL,"""28"" (9..36)",12,1/4 brick,,,,-55…102,,,,,proizvodstvo-preobrazovatelej-napryazheniya_310,,,ЭКБ ТЕСТ — надёжный партнёр для вашего бизнеса. Комплексные решения в микроэлектронике. Адекватные цены на производство преобразователей. Разумные сроки. Индивидуальный подход.,Полные pin-to-pin замены преобразователей Vicor,preobrazovateli-vicor,proizvodstvo-preobrazovatelej-napryazheniya_section_3
proizvodstvo-preobrazovatelej-napryazheniya_479,"Vicor, V28C15M100BL",Y,vicor-V28C15M100BL,48000,<p>«ЭКБ ТЕСТ» — надёжный партнёр для вашего бизнеса. Комплексные решения в микроэлектронике. Адекватные цены на производство модульных преобразователей «ИРТЫШ»®. Полная «PIN-TO-PIN» совместимость с продукцией VICOR. Разумные сроки. Индивидуальный подход.</p>,html,,<p>«ЭКБ ТЕСТ» — надёжный партнёр для вашего бизнеса. Комплексные решения в микроэлектронике. Адекватные цены на производство модульных преобразователей «ИРТЫШ»®. Полная «PIN-TO-PIN» совместимость с продукцией VICOR. Разумные сроки. Индивидуальный подход.</p>,html,,Vicor,,,V28C15M100BL,"""28"" (9..36)",15,1/4 brick,,,,-55…103,,,,,proizvodstvo-preobrazovatelej-napryazheniya_311,,,ЭКБ ТЕСТ — надёжный партнёр для вашего бизнеса. Комплексные решения в микроэлектронике. Адекватные цены на производство преобразователей. Разумные сроки. Индивидуальный подход.,Полные pin-to-pin замены преобразователей Vicor,preobrazovateli-vicor,proizvodstvo-preobrazovatelej-napryazheniya_section_3
proizvodstvo-preobrazovatelej-napryazheniya_480,"Vicor, V28C24M100BL",Y,vicor-V28C24M100BL,48100,<p>«ЭКБ ТЕСТ» — надёжный партнёр для вашего бизнеса. Комплексные решения в микроэлектронике. Адекватные цены на производство модульных преобразователей «ИРТЫШ»®. Полная «PIN-TO-PIN» совместимость с продукцией VICOR. Разумные сроки. Индивидуальный подход.</p>,html,,<p>«ЭКБ ТЕСТ» — надёжный партнёр для вашего бизнеса. Комплексные решения в микроэлектронике. Адекватные цены на производство модульных преобразователей «ИРТЫШ»®. Полная «PIN-TO-PIN» совместимость с продукцией VICOR. Разумные сроки. Индивидуальный подход.</p>,html,,Vicor,,,V28C24M100BL,"""28"" (9..36)",24,1/4 brick,,,,-55…104,,,,,proizvodstvo-preobrazovatelej-napryazheniya_312,,,ЭКБ ТЕСТ — надёжный партнёр для вашего бизнеса. Комплексные решения в микроэлектронике. Адекватные цены на производство преобразователей. Разумные сроки. Индивидуальный подход.,Полные pin-to-pin замены преобразователей Vicor,preobrazovateli-vicor,proizvodstvo-preobrazovatelej-napryazheniya_section_3
proizvodstvo-preobrazovatelej-napryazheniya_481,"Vicor, V28C28M100BL",Y,vicor-V28C28M100BL,48200,<p>«ЭКБ ТЕСТ» — надёжный партнёр для вашего бизнеса. Комплексные решения в микроэлектронике. Адекватные цены на производство модульных преобразователей «ИРТЫШ»®. Полная «PIN-TO-PIN» совместимость с продукцией VICOR. Разумные сроки. Индивидуальный подход.</p>,html,,<p>«ЭКБ ТЕСТ» — надёжный партнёр для вашего бизнеса. Комплексные решения в микроэлектронике. Адекватные цены на производство модульных преобразователей «ИРТЫШ»®. Полная «PIN-TO-PIN» совместимость с продукцией VICOR. Разумные сроки. Индивидуальный подход.</p>,html,,Vicor,,,V28C28M100BL,"""28"" (9..36)",28,1/4 brick,,,,-55…105,,,,,proizvodstvo-preobrazovatelej-napryazheniya_313,,,ЭКБ ТЕСТ — надёжный партнёр для вашего бизнеса. Комплексные решения в микроэлектронике. Адекватные цены на производство преобразователей. Разумные сроки. Индивидуальный подход.,Полные pin-to-pin замены преобразователей Vicor,preobrazovateli-vicor,proizvodstvo-preobrazovatelej-napryazheniya_section_3
proizvodstvo-preobrazovatelej-napryazheniya_482,"Vicor, V28C36M100BL",Y,vicor-V28C36M100BL,48300,<p>«ЭКБ ТЕСТ» — надёжный партнёр для вашего бизнеса. Комплексные решения в микроэлектронике. Адекватные цены на производство модульных преобразователей «ИРТЫШ»®. Полная «PIN-TO-PIN» совместимость с продукцией VICOR. Разумные сроки. Индивидуальный подход.</p>,html,,<p>«ЭКБ ТЕСТ» — надёжный партнёр для вашего бизнеса. Комплексные решения в микроэлектронике. Адекватные цены на производство модульных преобразователей «ИРТЫШ»®. Полная «PIN-TO-PIN» совместимость с продукцией VICOR. Разумные сроки. Индивидуальный подход.</p>,html,,Vicor,,,V28C36M100BL,"""28"" (9..36)",36,1/4 brick,,,,-55…106,,,,,proizvodstvo-preobrazovatelej-napryazheniya_314,,,ЭКБ ТЕСТ — надёжный партнёр для вашего бизнеса. Комплексные решения в микроэлектронике. Адекватные цены на производство преобразователей. Разумные сроки. Индивидуальный подход.,Полные pin-to-pin замены преобразователей Vicor,preobrazovateli-vicor,proizvodstvo-preobrazovatelej-napryazheniya_section_3
proizvodstvo-preobrazovatelej-napryazheniya_483,"Vicor, V28C48M100BL",Y,vicor-V28C48M100BL,48400,<p>«ЭКБ ТЕСТ» — надёжный партнёр для вашего бизнеса. Комплексные решения в микроэлектронике. Адекватные цены на производство модульных преобразователей «ИРТЫШ»®. Полная «PIN-TO-PIN» совместимость с продукцией VICOR. Разумные сроки. Индивидуальный подход.</p>,html,,<p>«ЭКБ ТЕСТ» — надёжный партнёр для вашего бизнеса. Комплексные решения в микроэлектронике. Адекватные цены на производство модульных преобразователей «ИРТЫШ»®. Полная «PIN-TO-PIN» совместимость с продукцией VICOR. Разумные сроки. Индивидуальный подход.</p>,html,,Vicor,,,V28C48M100BL,"""28"" (9..36)",48,1/4 brick,,,,-55…107,,,,,proizvodstvo-preobrazovatelej-napryazheniya_315,,,ЭКБ ТЕСТ — надёжный партнёр для вашего бизнеса. Комплексные решения в микроэлектронике. Адекватные цены на производство преобразователей. Разумные сроки. Индивидуальный подход.,Полные pin-to-pin замены преобразователей Vicor,preobrazovateli-vicor,proizvodstvo-preobrazovatelej-napryazheniya_section_3
proizvodstvo-preobrazovatelej-napryazheniya_484,Модульный преобразователь DC/DC Иртыш ET-F24H-3V3P264R23,Y,modulnyj-preobrazovatel-dc-dc-irtysh-et-f24h-3v3p264r23,48500,,,,,,,ЭКБ ТЕСТ,DC/DC,,ET-F24H-3V3P264R23,,,,,,,,,,,,proizvodstvo-preobrazovatelej-napryazheniya_328,Модульный преобразователь DC/DC Иртыш ET-F24H-3V3P264R23,Модульный преобразователь DC/DC Иртыш ET-F24H-3V3P264R23⚡Серия «ИРТЫШ»®⚡DC/DC модульные преобразователи ✔ полная «PIN-TO-PIN» совместимость с продукцией VICOR⚡Производство преобразователей напряжения ЭКБ ТЕСТ,ЭКБ ТЕСТ — надёжный партнёр для вашего бизнеса. Комплексные решения в микроэлектронике. Адекватные цены на производство преобразователей. Разумные сроки. Индивидуальный подход.,Модульные преобразователи ИРТЫШ,modulnye-preobrazovateli-irtysh,proizvodstvo-preobrazovatelej-napryazheniya_section_2
proizvodstvo-preobrazovatelej-napryazheniya_485,Модульный преобразователь DC/DC Иртыш ET-F24H-05VP400R23,Y,modulnyj-preobrazovatel-dc-dc-irtysh-et-f24h-05vp400r23,48600,,,,,,,ЭКБ ТЕСТ,DC/DC,,ET-F24H-05VP400R23,,,,,,,,,,,,proizvodstvo-preobrazovatelej-napryazheniya_329,Модульный преобразователь DC/DC Иртыш ET-F24H-05VP400R23,Модульный преобразователь DC/DC Иртыш ET-F24H-05VP400R23⚡Серия «ИРТЫШ»®⚡DC/DC модульные преобразователи ✔ полная «PIN-TO-PIN» совместимость с продукцией VICOR⚡Производство преобразователей напряжения ЭКБ ТЕСТ,ЭКБ ТЕСТ — надёжный партнёр для вашего бизнеса. Комплексные решения в микроэлектронике. Адекватные цены на производство преобразователей. Разумные сроки. Индивидуальный подход.,Модульные преобразователи ИРТЫШ,modulnye-preobrazovateli-irtysh,proizvodstvo-preobrazovatelej-napryazheniya_section_2
proizvodstvo-preobrazovatelej-napryazheniya_486,Модульный преобразователь DC/DC Иртыш ET-F24H-08VP300R23,Y,modulnyj-preobrazovatel-dc-dc-irtysh-et-f24h-08vp300r23,48700,,,,,,,ЭКБ ТЕСТ,DC/DC,,ET-F24H-08VP300R23,,,,,,,,,,,,proizvodstvo-preobrazovatelej-napryazheniya_330,Модульный преобразователь DC/DC Иртыш ET-F24H-08VP300R23,Модульный преобразователь DC/DC Иртыш ET-F24H-08VP300R23⚡Серия «ИРТЫШ»®⚡DC/DC модульные преобразователи ✔ полная «PIN-TO-PIN» совместимость с продукцией VICOR⚡Производство преобразователей напряжения ЭКБ ТЕСТ,ЭКБ ТЕСТ — надёжный партнёр для вашего бизнеса. Комплексные решения в микроэлектронике. Адекватные цены на производство преобразователей. Разумные сроки. Индивидуальный подход.,Модульные преобразователи ИРТЫШ,modulnye-preobrazovateli-irtysh,proizvodstvo-preobrazovatelej-napryazheniya_section_2
proizvodstvo-preobrazovatelej-napryazheniya_487,Модульный преобразователь DC/DC Иртыш ET-F24H-12VP400R23,Y,modulnyj-preobrazovatel-dc-dc-irtysh-et-f24h-12vp400r23,48800,,,,,,,ЭКБ ТЕСТ,DC/DC,,ET-F24H-12VP400R23,,,,,,,,,,,,proizvodstvo-preobrazovatelej-napryazheniya_331,Модульный преобразователь DC/DC Иртыш ET-F24H-12VP400R23,Модульный преобразователь DC/DC Иртыш ET-F24H-12VP400R23⚡Серия «ИРТЫШ»®⚡DC/DC модульные преобразователи ✔ полная «PIN-TO-PIN» совместимость с продукцией VICOR⚡Производство преобразователей напряжения ЭКБ ТЕСТ,ЭКБ ТЕСТ — надёжный партнёр для вашего бизнеса. Комплексные решения в микроэлектронике. Адекватные цены на производство преобразователей. Разумные сроки. Индивидуальный подход.,Модульные преобразователи ИРТЫШ,modulnye-preobrazovateli-irtysh,proizvodstvo-preobrazovatelej-napryazheniya_section_2
proizvodstvo-preobrazovatelej-napryazheniya_488,Модульный преобразователь DC/DC Иртыш ET-F24H-15VP400R23,Y,modulnyj-preobrazovatel-dc-dc-irtysh-et-f24h-15vp400r23,48900,,,,,,,ЭКБ ТЕСТ,DC/DC,,ET-F24H-15VP400R23,,,,,,,,,,,,proizvodstvo-preobrazovatelej-napryazheniya_332,Модульный преобразователь DC/DC Иртыш ET-F24H-15VP400R23,Модульный преобразователь DC/DC Иртыш ET-F24H-15VP400R23⚡Серия «ИРТЫШ»®⚡DC/DC модульные преобразователи ✔ полная «PIN-TO-PIN» совместимость с продукцией VICOR⚡Производство преобразователей напряжения ЭКБ ТЕСТ,ЭКБ ТЕСТ — надёжный партнёр для вашего бизнеса. Комплексные решения в микроэлектронике. Адекватные цены на производство преобразователей. Разумные сроки. Индивидуальный подход.,Модульные преобразователи ИРТЫШ,modulnye-preobrazovateli-irtysh,proizvodstvo-preobrazovatelej-napryazheniya_section_2
proizvodstvo-preobrazovatelej-napryazheniya_489,Модульный преобразователь DC/DC Иртыш ET-F24H-24VP400R23,Y,modulnyj-preobrazovatel-dc-dc-irtysh-et-f24h-24vp400r23,49000,,,,,,,ЭКБ ТЕСТ,DC/DC,,ET-F24H-24VP400R23,,,,,,,,,,,,proizvodstvo-preobrazovatelej-napryazheniya_333,Модульный преобразователь DC/DC Иртыш ET-F24H-24VP400R23,Модульный преобразователь DC/DC Иртыш ET-F24H-24VP400R23⚡Серия «ИРТЫШ»®⚡DC/DC модульные преобразователи ✔ полная «PIN-TO-PIN» совместимость с продукцией VICOR⚡Производство преобразователей напряжения ЭКБ ТЕСТ,ЭКБ ТЕСТ — надёжный партнёр для вашего бизнеса. Комплексные решения в микроэлектронике. Адекватные цены на производство преобразователей. Разумные сроки. Индивидуальный подход.,Модульные преобразователи ИРТЫШ,modulnye-preobrazovateli-irtysh,proizvodstvo-preobrazovatelej-napryazheniya_section_2
proizvodstvo-preobrazovatelej-napryazheniya_490,Модульный преобразователь DC/DC Иртыш ET-F24H-28VP400R23,Y,modulnyj-preobrazovatel-dc-dc-irtysh-et-f24h-28vp400r23,49100,,,,,,,ЭКБ ТЕСТ,DC/DC,,ET-F24H-28VP400R23,,,,,,,,,,,,proizvodstvo-preobrazovatelej-napryazheniya_334,Модульный преобразователь DC/DC Иртыш ET-F24H-28VP400R23,Модульный преобразователь DC/DC Иртыш ET-F24H-28VP400R23⚡Серия «ИРТЫШ»®⚡DC/DC модульные преобразователи ✔ полная «PIN-TO-PIN» совместимость с продукцией VICOR⚡Производство преобразователей напряжения ЭКБ ТЕСТ,ЭКБ ТЕСТ — надёжный партнёр для вашего бизнеса. Комплексные решения в микроэлектронике. Адекватные цены на производство преобразователей. Разумные сроки. Индивидуальный подход.,Модульные преобразователи ИРТЫШ,modulnye-preobrazovateli-irtysh,proizvodstvo-preobrazovatelej-napryazheniya_section_2
proizvodstvo-preobrazovatelej-napryazheniya_491,Модульный преобразователь DC/DC Иртыш ET-F24H-36VP400R23,Y,modulnyj-preobrazovatel-dc-dc-irtysh-et-f24h-36vp400r23,49200,,,,,,,ЭКБ ТЕСТ,DC/DC,,ET-F24H-36VP400R23,,,,,,,,,,,,proizvodstvo-preobrazovatelej-napryazheniya_335,Модульный преобразователь DC/DC Иртыш ET-F24H-36VP400R23,Модульный преобразователь DC/DC Иртыш ET-F24H-36VP400R23⚡Серия «ИРТЫШ»®⚡DC/DC модульные преобразователи ✔ полная «PIN-TO-PIN» совместимость с продукцией VICOR⚡Производство преобразователей напряжения ЭКБ ТЕСТ,ЭКБ ТЕСТ — надёжный партнёр для вашего бизнеса. Комплексные решения в микроэлектронике. Адекватные цены на производство преобразователей. Разумные сроки. Индивидуальный подход.,Модульные преобразователи ИРТЫШ,modulnye-preobrazovateli-irtysh,proizvodstvo-preobrazovatelej-napryazheniya_section_2
proizvodstvo-preobrazovatelej-napryazheniya_492,Модульный преобразователь DC/DC Иртыш ET-F24H-48VP400R23,Y,modulnyj-preobrazovatel-dc-dc-irtysh-et-f24h-48vp400r23,49300,,,,,,,ЭКБ ТЕСТ,DC/DC,,ET-F24H-48VP400R23,,,,,,,,,,,,proizvodstvo-preobrazovatelej-napryazheniya_336,Модульный преобразователь DC/DC Иртыш ET-F24H-48VP400R23,Модульный преобразователь DC/DC Иртыш ET-F24H-48VP400R23⚡Серия «ИРТЫШ»®⚡DC/DC модульные преобразователи ✔ полная «PIN-TO-PIN» совместимость с продукцией VICOR⚡Производство преобразователей напряжения ЭКБ ТЕСТ,ЭКБ ТЕСТ — надёжный партнёр для вашего бизнеса. Комплексные решения в микроэлектронике. Адекватные цены на производство преобразователей. Разумные сроки. Индивидуальный подход.,Модульные преобразователи ИРТЫШ,modulnye-preobrazovateli-irtysh,proizvodstvo-preobrazovatelej-napryazheniya_section_2
proizvodstvo-preobrazovatelej-napryazheniya_493,Модульный преобразователь DC/DC Иртыш ET-F24M-05VP400R23,Y,modulnyj-preobrazovatel-dc-dc-irtysh-et-f24m-05vp400r23,49400,,,,,,,ЭКБ ТЕСТ,DC/DC,,ET-F24M-05VP400R23,,,,,,,,,,,,proizvodstvo-preobrazovatelej-napryazheniya_338,Модульный преобразователь DC/DC Иртыш ET-F24M-05VP400R23,Модульный преобразователь DC/DC Иртыш ET-F24M-05VP400R23⚡Серия «ИРТЫШ»®⚡DC/DC модульные преобразователи ✔ полная «PIN-TO-PIN» совместимость с продукцией VICOR⚡Производство преобразователей напряжения ЭКБ ТЕСТ,ЭКБ ТЕСТ — надёжный партнёр для вашего бизнеса. Комплексные решения в микроэлектронике. Адекватные цены на производство преобразователей. Разумные сроки. Индивидуальный подход.,Модульные преобразователи ИРТЫШ,modulnye-preobrazovateli-irtysh,proizvodstvo-preobrazovatelej-napryazheniya_section_2
proizvodstvo-preobrazovatelej-napryazheniya_494,Модульный преобразователь DC/DC Иртыш ET-F24M-08VP300R23,Y,modulnyj-preobrazovatel-dc-dc-irtysh-et-f24m-08vp300r23,49500,,,,,,,ЭКБ ТЕСТ,DC/DC,,ET-F24M-08VP300R23,,,,,,,,,,,,proizvodstvo-preobrazovatelej-napryazheniya_339,Модульный преобразователь DC/DC Иртыш ET-F24M-08VP300R23,Модульный преобразователь DC/DC Иртыш ET-F24M-08VP300R23⚡Серия «ИРТЫШ»®⚡DC/DC модульные преобразователи ✔ полная «PIN-TO-PIN» совместимость с продукцией VICOR⚡Производство преобразователей напряжения ЭКБ ТЕСТ,ЭКБ ТЕСТ — надёжный партнёр для вашего бизнеса. Комплексные решения в микроэлектронике. Адекватные цены на производство преобразователей. Разумные сроки. Индивидуальный подход.,Модульные преобразователи ИРТЫШ,modulnye-preobrazovateli-irtysh,proizvodstvo-preobrazovatelej-napryazheniya_section_2
proizvodstvo-preobrazovatelej-napryazheniya_495,Модульный преобразователь DC/DC Иртыш ET-F24M-12VP400R23,Y,modulnyj-preobrazovatel-dc-dc-irtysh-et-f24m-12vp400r23,49600,,,,,,,ЭКБ ТЕСТ,DC/DC,,ET-F24M-12VP400R23,,,,,,,,,,,,proizvodstvo-preobrazovatelej-napryazheniya_340,Модульный преобразователь DC/DC Иртыш ET-F24M-12VP400R23,Модульный преобразователь DC/DC Иртыш ET-F24M-12VP400R23⚡Серия «ИРТЫШ»®⚡DC/DC модульные преобразователи ✔ полная «PIN-TO-PIN» совместимость с продукцией VICOR⚡Производство преобразователей напряжения ЭКБ ТЕСТ,ЭКБ ТЕСТ — надёжный партнёр для вашего бизнеса. Комплексные решения в микроэлектронике. Адекватные цены на производство преобразователей. Разумные сроки. Индивидуальный подход.,Модульные преобразователи ИРТЫШ,modulnye-preobrazovateli-irtysh,proizvodstvo-preobrazovatelej-napryazheniya_section_2
proizvodstvo-preobrazovatelej-napryazheniya_496,Модульный преобразователь DC/DC Иртыш ET-F24M-15VP400R23,Y,modulnyj-preobrazovatel-dc-dc-irtysh-et-f24m-15vp400r23,49700,,,,,,,ЭКБ ТЕСТ,DC/DC,,ET-F24M-15VP400R23,,,,,,,,,,,,proizvodstvo-preobrazovatelej-napryazheniya_341,Модульный преобразователь DC/DC Иртыш ET-F24M-15VP400R23,Модульный преобразователь DC/DC Иртыш ET-F24M-15VP400R23⚡Серия «ИРТЫШ»®⚡DC/DC модульные преобразователи ✔ полная «PIN-TO-PIN» совместимость с продукцией VICOR⚡Производство преобразователей напряжения ЭКБ ТЕСТ,ЭКБ ТЕСТ — надёжный партнёр для вашего бизнеса. Комплексные решения в микроэлектронике. Адекватные цены на производство преобразователей. Разумные сроки. Индивидуальный подход.,Модульные преобразователи ИРТЫШ,modulnye-preobrazovateli-irtysh,proizvodstvo-preobrazovatelej-napryazheniya_section_2
proizvodstvo-preobrazovatelej-napryazheniya_497,Модульный преобразователь DC/DC Иртыш ET-F24M-24VP400R23,Y,modulnyj-preobrazovatel-dc-dc-irtysh-et-f24m-24vp400r23,49800,,,,,,,ЭКБ ТЕСТ,DC/DC,,ET-F24M-24VP400R23,,,,,,,,,,,,proizvodstvo-preobrazovatelej-napryazheniya_342,Модульный преобразователь DC/DC Иртыш ET-F24M-24VP400R23,Модульный преобразователь DC/DC Иртыш ET-F24M-24VP400R23⚡Серия «ИРТЫШ»®⚡DC/DC модульные преобразователи ✔ полная «PIN-TO-PIN» совместимость с продукцией VICOR⚡Производство преобразователей напряжения ЭКБ ТЕСТ,ЭКБ ТЕСТ — надёжный партнёр для вашего бизнеса. Комплексные решения в микроэлектронике. Адекватные цены на производство преобразователей. Разумные сроки. Индивидуальный подход.,Модульные преобразователи ИРТЫШ,modulnye-preobrazovateli-irtysh,proizvodstvo-preobrazovatelej-napryazheniya_section_2
proizvodstvo-preobrazovatelej-napryazheniya_498,Модульный преобразователь DC/DC Иртыш ET-F24M-28VP400R23,Y,modulnyj-preobrazovatel-dc-dc-irtysh-et-f24m-28vp400r23,49900,,,,,,,ЭКБ ТЕСТ,DC/DC,,ET-F24M-28VP400R23,,,,,,,,,,,,proizvodstvo-preobrazovatelej-napryazheniya_343,Модульный преобразователь DC/DC Иртыш ET-F24M-28VP400R23,Модульный преобразователь DC/DC Иртыш ET-F24M-28VP400R23⚡Серия «ИРТЫШ»®⚡DC/DC модульные преобразователи ✔ полная «PIN-TO-PIN» совместимость с продукцией VICOR⚡Производство преобразователей напряжения ЭКБ ТЕСТ,ЭКБ ТЕСТ — надёжный партнёр для вашего бизнеса. Комплексные решения в микроэлектронике. Адекватные цены на производство преобразователей. Разумные сроки. Индивидуальный подход.,Модульные преобразователи ИРТЫШ,modulnye-preobrazovateli-irtysh,proizvodstvo-preobrazovatelej-napryazheniya_section_2
proizvodstvo-preobrazovatelej-napryazheniya_499,Модульный преобразователь DC/DC Иртыш ET-F24M-36VP400R23,Y,modulnyj-preobrazovatel-dc-dc-irtysh-et-f24m-36vp400r23,50000,,,,,,,ЭКБ ТЕСТ,DC/DC,,ET-F24M-36VP400R23,,,,,,,,,,,,proizvodstvo-preobrazovatelej-napryazheniya_344,Модульный преобразователь DC/DC Иртыш ET-F24M-36VP400R23,Модульный преобразователь DC/DC Иртыш ET-F24M-36VP400R23⚡Серия «ИРТЫШ»®⚡DC/DC модульные преобразователи ✔ полная «PIN-TO-PIN» совместимость с продукцией VICOR⚡Производство преобразователей напряжения ЭКБ ТЕСТ,ЭКБ ТЕСТ — надёжный партнёр для вашего бизнеса. Комплексные решения в микроэлектронике. Адекватные цены на производство преобразователей. Разумные сроки. Индивидуальный подход.,Модульные преобразователи ИРТЫШ,modulnye-preobrazovateli-irtysh,proizvodstvo-preobrazovatelej-napryazheniya_section_2
proizvodstvo-preobrazovatelej-napryazheniya_500,Модульный преобразователь DC/DC Иртыш ET-F24M-48VP400R23,Y,modulnyj-preobrazovatel-dc-dc-irtysh-et-f24m-48vp400r23,50100,,,,,,,ЭКБ ТЕСТ,DC/DC,,ET-F24M-48VP400R23,,,,,,,,,,,,proizvodstvo-preobrazovatelej-napryazheniya_345,Модульный преобразователь DC/DC Иртыш ET-F24M-48VP400R23,Модульный преобразователь DC/DC Иртыш ET-F24M-48VP400R23⚡Серия «ИРТЫШ»®⚡DC/DC модульные преобразователи ✔ полная «PIN-TO-PIN» совместимость с продукцией VICOR⚡Производство преобразователей напряжения ЭКБ ТЕСТ,ЭКБ ТЕСТ — надёжный партнёр для вашего бизнеса. Комплексные решения в микроэлектронике. Адекватные цены на производство преобразователей. Разумные сроки. Индивидуальный подход.,Модульные преобразователи ИРТЫШ,modulnye-preobrazovateli-irtysh,proizvodstvo-preobrazovatelej-napryazheniya_section_2
proizvodstvo-preobrazovatelej-napryazheniya_501,Модульный преобразователь DC/DC Иртыш ET-H24H-05VP150R23,Y,modulnyj-preobrazovatel-dc-dc-irtysh-et-h24h-05vp150r23,50200,,,,,,,ЭКБ ТЕСТ,DC/DC,,ET-H24H-05VP150R23,,,,,,,,,,,,proizvodstvo-preobrazovatelej-napryazheniya_347,Модульный преобразователь DC/DC Иртыш ET-H24H-05VP150R23,Модульный преобразователь DC/DC Иртыш ET-H24H-05VP150R23⚡Серия «ИРТЫШ»®⚡DC/DC модульные преобразователи ✔ полная «PIN-TO-PIN» совместимость с продукцией VICOR⚡Производство преобразователей напряжения ЭКБ ТЕСТ,ЭКБ ТЕСТ — надёжный партнёр для вашего бизнеса. Комплексные решения в микроэлектронике. Адекватные цены на производство преобразователей. Разумные сроки. Индивидуальный подход.,Модульные преобразователи ИРТЫШ,modulnye-preobrazovateli-irtysh,proizvodstvo-preobrazovatelej-napryazheniya_section_2
proizvodstvo-preobrazovatelej-napryazheniya_502,Модульный преобразователь DC/DC Иртыш ET-H24H-12VP200R23,Y,modulnyj-preobrazovatel-dc-dc-irtysh-et-h24h-12vp200r23,50300,,,,,,,ЭКБ ТЕСТ,DC/DC,,ET-H24H-12VP200R23,,,,,,,,,,,,proizvodstvo-preobrazovatelej-napryazheniya_349,Модульный преобразователь DC/DC Иртыш ET-H24H-12VP200R23,Модульный преобразователь DC/DC Иртыш ET-H24H-12VP200R23⚡Серия «ИРТЫШ»®⚡DC/DC модульные преобразователи ✔ полная «PIN-TO-PIN» совместимость с продукцией VICOR⚡Производство преобразователей напряжения ЭКБ ТЕСТ,ЭКБ ТЕСТ — надёжный партнёр для вашего бизнеса. Комплексные решения в микроэлектронике. Адекватные цены на производство преобразователей. Разумные сроки. Индивидуальный подход.,Модульные преобразователи ИРТЫШ,modulnye-preobrazovateli-irtysh,proizvodstvo-preobrazovatelej-napryazheniya_section_2
proizvodstvo-preobrazovatelej-napryazheniya_503,Модульный преобразователь DC/DC Иртыш ET-H24H-15VP200R23,Y,modulnyj-preobrazovatel-dc-dc-irtysh-et-h24h-15vp200r23,50400,,,,,,,ЭКБ ТЕСТ,DC/DC,,ET-H24H-15VP200R23,,,,,,,,,,,,proizvodstvo-preobrazovatelej-napryazheniya_350,Модульный преобразователь DC/DC Иртыш ET-H24H-15VP200R23,Модульный преобразователь DC/DC Иртыш ET-H24H-15VP200R23⚡Серия «ИРТЫШ»®⚡DC/DC модульные преобразователи ✔ полная «PIN-TO-PIN» совместимость с продукцией VICOR⚡Производство преобразователей напряжения ЭКБ ТЕСТ,ЭКБ ТЕСТ — надёжный партнёр для вашего бизнеса. Комплексные решения в микроэлектронике. Адекватные цены на производство преобразователей. Разумные сроки. Индивидуальный подход.,Модульные преобразователи ИРТЫШ,modulnye-preobrazovateli-irtysh,proizvodstvo-preobrazovatelej-napryazheniya_section_2
proizvodstvo-preobrazovatelej-napryazheniya_504,Модульный преобразователь DC/DC Иртыш ET-H24H-24VP200R23,Y,modulnyj-preobrazovatel-dc-dc-irtysh-et-h24h-24vp200r23,50500,,,,,,,ЭКБ ТЕСТ,DC/DC,,ET-H24H-24VP200R23,,,,,,,,,,,,proizvodstvo-preobrazovatelej-napryazheniya_351,Модульный преобразователь DC/DC Иртыш ET-H24H-24VP200R23,Модульный преобразователь DC/DC Иртыш ET-H24H-24VP200R23⚡Серия «ИРТЫШ»®⚡DC/DC модульные преобразователи ✔ полная «PIN-TO-PIN» совместимость с продукцией VICOR⚡Производство преобразователей напряжения ЭКБ ТЕСТ,ЭКБ ТЕСТ — надёжный партнёр для вашего бизнеса. Комплексные решения в микроэлектронике. Адекватные цены на производство преобразователей. Разумные сроки. Индивидуальный подход.,Модульные преобразователи ИРТЫШ,modulnye-preobrazovateli-irtysh,proizvodstvo-preobrazovatelej-napryazheniya_section_2
proizvodstvo-preobrazovatelej-napryazheniya_505,Модульный преобразователь DC/DC Иртыш ET-H24H-28VP200R23,Y,modulnyj-preobrazovatel-dc-dc-irtysh-et-h24h-28vp200r23,50600,,,,,,,ЭКБ ТЕСТ,DC/DC,,ET-H24H-28VP200R23,,,,,,,,,,,,proizvodstvo-preobrazovatelej-napryazheniya_352,Модульный преобразователь DC/DC Иртыш ET-H24H-28VP200R23,Модульный преобразователь DC/DC Иртыш ET-H24H-28VP200R23⚡Серия «ИРТЫШ»®⚡DC/DC модульные преобразователи ✔ полная «PIN-TO-PIN» совместимость с продукцией VICOR⚡Производство преобразователей напряжения ЭКБ ТЕСТ,ЭКБ ТЕСТ — надёжный партнёр для вашего бизнеса. Комплексные решения в микроэлектронике. Адекватные цены на производство преобразователей. Разумные сроки. Индивидуальный подход.,Модульные преобразователи ИРТЫШ,modulnye-preobrazovateli-irtysh,proizvodstvo-preobrazovatelej-napryazheniya_section_2
proizvodstvo-preobrazovatelej-napryazheniya_506,Модульный преобразователь DC/DC Иртыш ET-H24H-36VP200R23,Y,modulnyj-preobrazovatel-dc-dc-irtysh-et-h24h-36vp200r23,50700,,,,,,,ЭКБ ТЕСТ,DC/DC,,ET-H24H-36VP200R23,,,,,,,,,,,,proizvodstvo-preobrazovatelej-napryazheniya_353,Модульный преобразователь DC/DC Иртыш ET-H24H-36VP200R23,Модульный преобразователь DC/DC Иртыш ET-H24H-36VP200R23⚡Серия «ИРТЫШ»®⚡DC/DC модульные преобразователи ✔ полная «PIN-TO-PIN» совместимость с продукцией VICOR⚡Производство преобразователей напряжения ЭКБ ТЕСТ,ЭКБ ТЕСТ — надёжный партнёр для вашего бизнеса. Комплексные решения в микроэлектронике. Адекватные цены на производство преобразователей. Разумные сроки. Индивидуальный подход.,Модульные преобразователи ИРТЫШ,modulnye-preobrazovateli-irtysh,proizvodstvo-preobrazovatelej-napryazheniya_section_2
proizvodstvo-preobrazovatelej-napryazheniya_507,Модульный преобразователь DC/DC Иртыш ET-H24H-3V3P100R23,Y,modulnyj-preobrazovatel-dc-dc-irtysh-et-h24h-3v3p100r23,50800,,,,,,,ЭКБ ТЕСТ,DC/DC,,ET-H24H-3V3P100R23,,,,,,,,,,,,proizvodstvo-preobrazovatelej-napryazheniya_346,Модульный преобразователь DC/DC Иртыш ET-H24H-3V3P100R23,Модульный преобразователь DC/DC Иртыш ET-H24H-3V3P100R23⚡Серия «ИРТЫШ»®⚡DC/DC модульные преобразователи ✔ полная «PIN-TO-PIN» совместимость с продукцией VICOR⚡Производство преобразователей напряжения ЭКБ ТЕСТ,ЭКБ ТЕСТ — надёжный партнёр для вашего бизнеса. Комплексные решения в микроэлектронике. Адекватные цены на производство преобразователей. Разумные сроки. Индивидуальный подход.,Модульные преобразователи ИРТЫШ,modulnye-preobrazovateli-irtysh,proizvodstvo-preobrazovatelej-napryazheniya_section_2
proizvodstvo-preobrazovatelej-napryazheniya_508,Модульный преобразователь DC/DC Иртыш ET-H24H-48VP200R23,Y,modulnyj-preobrazovatel-dc-dc-irtysh-et-h24h-48vp200r23,50900,,,,,,,ЭКБ ТЕСТ,DC/DC,,ET-H24H-48VP200R23,,,,,,,,,,,,proizvodstvo-preobrazovatelej-napryazheniya_354,Модульный преобразователь DC/DC Иртыш ET-H24H-48VP200R23,Модульный преобразователь DC/DC Иртыш ET-H24H-48VP200R23⚡Серия «ИРТЫШ»®⚡DC/DC модульные преобразователи ✔ полная «PIN-TO-PIN» совместимость с продукцией VICOR⚡Производство преобразователей напряжения ЭКБ ТЕСТ,ЭКБ ТЕСТ — надёжный партнёр для вашего бизнеса. Комплексные решения в микроэлектронике. Адекватные цены на производство преобразователей. Разумные сроки. Индивидуальный подход.,Модульные преобразователи ИРТЫШ,modulnye-preobrazovateli-irtysh,proizvodstvo-preobrazovatelej-napryazheniya_section_2
proizvodstvo-preobrazovatelej-napryazheniya_509,Модульный преобразователь DC/DC Иртыш ET-H24M-05VP150R23,Y,modulnyj-preobrazovatel-dc-dc-irtysh-et-h24m-05vp150r23,51000,,,,,,,ЭКБ ТЕСТ,DC/DC,,ET-H24M-05VP150R23,,,,,,,,,,,,proizvodstvo-preobrazovatelej-napryazheniya_356,Модульный преобразователь DC/DC Иртыш ET-H24M-05VP150R23,Модульный преобразователь DC/DC Иртыш ET-H24M-05VP150R23⚡Серия «ИРТЫШ»®⚡DC/DC модульные преобразователи ✔ полная «PIN-TO-PIN» совместимость с продукцией VICOR⚡Производство преобразователей напряжения ЭКБ ТЕСТ,ЭКБ ТЕСТ — надёжный партнёр для вашего бизнеса. Комплексные решения в микроэлектронике. Адекватные цены на производство преобразователей. Разумные сроки. Индивидуальный подход.,Модульные преобразователи ИРТЫШ,modulnye-preobrazovateli-irtysh,proizvodstvo-preobrazovatelej-napryazheniya_section_2
proizvodstvo-preobrazovatelej-napryazheniya_510,Модульный преобразователь DC/DC Иртыш ET-H24M-12VP200R23,Y,modulnyj-preobrazovatel-dc-dc-irtysh-et-h24m-12vp200r23,51100,,,,,,,ЭКБ ТЕСТ,DC/DC,,ET-H24M-12VP200R23,,,,,,,,,,,,proizvodstvo-preobrazovatelej-napryazheniya_358,Модульный преобразователь DC/DC Иртыш ET-H24M-12VP200R23,Модульный преобразователь DC/DC Иртыш ET-H24M-12VP200R23⚡Серия «ИРТЫШ»®⚡DC/DC модульные преобразователи ✔ полная «PIN-TO-PIN» совместимость с продукцией VICOR⚡Производство преобразователей напряжения ЭКБ ТЕСТ,ЭКБ ТЕСТ — надёжный партнёр для вашего бизнеса. Комплексные решения в микроэлектронике. Адекватные цены на производство преобразователей. Разумные сроки. Индивидуальный подход.,Модульные преобразователи ИРТЫШ,modulnye-preobrazovateli-irtysh,proizvodstvo-preobrazovatelej-napryazheniya_section_2
proizvodstvo-preobrazovatelej-napryazheniya_511,Модульный преобразователь DC/DC Иртыш ET-H24M-15VP200R23,Y,modulnyj-preobrazovatel-dc-dc-irtysh-et-h24m-15vp200r23,51200,,,,,,,ЭКБ ТЕСТ,DC/DC,,ET-H24M-15VP200R23,,,,,,,,,,,,proizvodstvo-preobrazovatelej-napryazheniya_359,Модульный преобразователь DC/DC Иртыш ET-H24M-15VP200R23,Модульный преобразователь DC/DC Иртыш ET-H24M-15VP200R23⚡Серия «ИРТЫШ»®⚡DC/DC модульные преобразователи ✔ полная «PIN-TO-PIN» совместимость с продукцией VICOR⚡Производство преобразователей напряжения ЭКБ ТЕСТ,ЭКБ ТЕСТ — надёжный партнёр для вашего бизнеса. Комплексные решения в микроэлектронике. Адекватные цены на производство преобразователей. Разумные сроки. Индивидуальный подход.,Модульные преобразователи ИРТЫШ,modulnye-preobrazovateli-irtysh,proizvodstvo-preobrazovatelej-napryazheniya_section_2
proizvodstvo-preobrazovatelej-napryazheniya_512,Модульный преобразователь DC/DC Иртыш ET-H24M-24VP200R23,Y,modulnyj-preobrazovatel-dc-dc-irtysh-et-h24m-24vp200r23,51300,,,,,,,ЭКБ ТЕСТ,DC/DC,,ET-H24M-24VP200R23,,,,,,,,,,,,proizvodstvo-preobrazovatelej-napryazheniya_360,Модульный преобразователь DC/DC Иртыш ET-H24M-24VP200R23,Модульный преобразователь DC/DC Иртыш ET-H24M-24VP200R23⚡Серия «ИРТЫШ»®⚡DC/DC модульные преобразователи ✔ полная «PIN-TO-PIN» совместимость с продукцией VICOR⚡Производство преобразователей напряжения ЭКБ ТЕСТ,ЭКБ ТЕСТ — надёжный партнёр для вашего бизнеса. Комплексные решения в микроэлектронике. Адекватные цены на производство преобразователей. Разумные сроки. Индивидуальный подход.,Модульные преобразователи ИРТЫШ,modulnye-preobrazovateli-irtysh,proizvodstvo-preobrazovatelej-napryazheniya_section_2
proizvodstvo-preobrazovatelej-napryazheniya_513,Модульный преобразователь DC/DC Иртыш ET-H24M-28VP200R23,Y,modulnyj-preobrazovatel-dc-dc-irtysh-et-h24m-28vp200r23,51400,,,,,,,ЭКБ ТЕСТ,DC/DC,,ET-H24M-28VP200R23,,,,,,,,,,,,proizvodstvo-preobrazovatelej-napryazheniya_361,Модульный преобразователь DC/DC Иртыш ET-H24M-28VP200R23,Модульный преобразователь DC/DC Иртыш ET-H24M-28VP200R23⚡Серия «ИРТЫШ»®⚡DC/DC модульные преобразователи ✔ полная «PIN-TO-PIN» совместимость с продукцией VICOR⚡Производство преобразователей напряжения ЭКБ ТЕСТ,ЭКБ ТЕСТ — надёжный партнёр для вашего бизнеса. Комплексные решения в микроэлектронике. Адекватные цены на производство преобразователей. Разумные сроки. Индивидуальный подход.,Модульные преобразователи ИРТЫШ,modulnye-preobrazovateli-irtysh,proizvodstvo-preobrazovatelej-napryazheniya_section_2
proizvodstvo-preobrazovatelej-napryazheniya_514,Модульный преобразователь DC/DC Иртыш ET-H24M-36VP200R23,Y,modulnyj-preobrazovatel-dc-dc-irtysh-et-h24m-36vp200r23,51500,,,,,,,ЭКБ ТЕСТ,DC/DC,,ET-H24M-36VP200R23,,,,,,,,,,,,proizvodstvo-preobrazovatelej-napryazheniya_362,Модульный преобразователь DC/DC Иртыш ET-H24M-36VP200R23,Модульный преобразователь DC/DC Иртыш ET-H24M-36VP200R23⚡Серия «ИРТЫШ»®⚡DC/DC модульные преобразователи ✔ полная «PIN-TO-PIN» совместимость с продукцией VICOR⚡Производство преобразователей напряжения ЭКБ ТЕСТ,ЭКБ ТЕСТ — надёжный партнёр для вашего бизнеса. Комплексные решения в микроэлектронике. Адекватные цены на производство преобразователей. Разумные сроки. Индивидуальный подход.,Модульные преобразователи ИРТЫШ,modulnye-preobrazovateli-irtysh,proizvodstvo-preobrazovatelej-napryazheniya_section_2
proizvodstvo-preobrazovatelej-napryazheniya_515,Модульный преобразователь DC/DC Иртыш ET-H24M-3V3P100R23,Y,modulnyj-preobrazovatel-dc-dc-irtysh-et-h24m-3v3p100r23,51600,,,,,,,ЭКБ ТЕСТ,DC/DC,,ET-H24M-3V3P100R23,,,,,,,,,,,,proizvodstvo-preobrazovatelej-napryazheniya_355,Модульный преобразователь DC/DC Иртыш ET-H24M-3V3P100R23,Модульный преобразователь DC/DC Иртыш ET-H24M-3V3P100R23⚡Серия «ИРТЫШ»®⚡DC/DC модульные преобразователи ✔ полная «PIN-TO-PIN» совместимость с продукцией VICOR⚡Производство преобразователей напряжения ЭКБ ТЕСТ,ЭКБ ТЕСТ — надёжный партнёр для вашего бизнеса. Комплексные решения в микроэлектронике. Адекватные цены на производство преобразователей. Разумные сроки. Индивидуальный подход.,Модульные преобразователи ИРТЫШ,modulnye-preobrazovateli-irtysh,proizvodstvo-preobrazovatelej-napryazheniya_section_2
proizvodstvo-preobrazovatelej-napryazheniya_516,Модульный преобразователь DC/DC Иртыш ET-H24M-48VP200R23,Y,modulnyj-preobrazovatel-dc-dc-irtysh-et-h24m-48vp200r23,51700,,,,,,,ЭКБ ТЕСТ,DC/DC,,ET-H24M-48VP200R23,,,,,,,,,,,,proizvodstvo-preobrazovatelej-napryazheniya_363,Модульный преобразователь DC/DC Иртыш ET-H24M-48VP200R23,Модульный преобразователь DC/DC Иртыш ET-H24M-48VP200R23⚡Серия «ИРТЫШ»®⚡DC/DC модульные преобразователи ✔ полная «PIN-TO-PIN» совместимость с продукцией VICOR⚡Производство преобразователей напряжения ЭКБ ТЕСТ,ЭКБ ТЕСТ — надёжный партнёр для вашего бизнеса. Комплексные решения в микроэлектронике. Адекватные цены на производство преобразователей. Разумные сроки. Индивидуальный подход.,Модульные преобразователи ИРТЫШ,modulnye-preobrazovateli-irtysh,proizvodstvo-preobrazovatelej-napryazheniya_section_2
proizvodstvo-preobrazovatelej-napryazheniya_517,Модульный преобразователь DC/DC Иртыш ET-H28H-05VP75R23,Y,modulnyj-preobrazovatel-dc-dc-irtysh-et-h28h-05vp75r23,51800,,,,,,,ЭКБ ТЕСТ,DC/DC,,ET-H28H-05VP75R23,,,,,,,,,,,,proizvodstvo-preobrazovatelej-napryazheniya_453,Модульный преобразователь DC/DC Иртыш ET-H28H-05VP75R23,Модульный преобразователь DC/DC Иртыш ET-H28H-05VP75R23⚡Серия «ИРТЫШ»®⚡DC/DC модульные преобразователи ✔ полная «PIN-TO-PIN» совместимость с продукцией VICOR⚡Производство преобразователей напряжения ЭКБ ТЕСТ,ЭКБ ТЕСТ — надёжный партнёр для вашего бизнеса. Комплексные решения в микроэлектронике. Адекватные цены на производство преобразователей. Разумные сроки. Индивидуальный подход.,Модульные преобразователи ИРТЫШ,modulnye-preobrazovateli-irtysh,proizvodstvo-preobrazovatelej-napryazheniya_section_2
proizvodstvo-preobrazovatelej-napryazheniya_518,Модульный преобразователь DC/DC Иртыш ET-H28H-12VP125R23,Y,modulnyj-preobrazovatel-dc-dc-irtysh-et-h28h-12vp125r23,51900,,,,,,,ЭКБ ТЕСТ,DC/DC,,ET-H28H-12VP125R23,,,,,,,,,,,,proizvodstvo-preobrazovatelej-napryazheniya_454,Модульный преобразователь DC/DC Иртыш ET-H28H-12VP125R23,Модульный преобразователь DC/DC Иртыш ET-H28H-12VP125R23⚡Серия «ИРТЫШ»®⚡DC/DC модульные преобразователи ✔ полная «PIN-TO-PIN» совместимость с продукцией VICOR⚡Производство преобразователей напряжения ЭКБ ТЕСТ,ЭКБ ТЕСТ — надёжный партнёр для вашего бизнеса. Комплексные решения в микроэлектронике. Адекватные цены на производство преобразователей. Разумные сроки. Индивидуальный подход.,Модульные преобразователи ИРТЫШ,modulnye-preobrazovateli-irtysh,proizvodstvo-preobrazovatelej-napryazheniya_section_2
proizvodstvo-preobrazovatelej-napryazheniya_519,Модульный преобразователь DC/DC Иртыш ET-H28H-3V3P75R23,Y,modulnyj-preobrazovatel-dc-dc-irtysh-et-h28h-3v3p75r23,52000,,,,,,,ЭКБ ТЕСТ,DC/DC,,ET-H28H-3V3P75R23,,,,,,,,,,,,proizvodstvo-preobrazovatelej-napryazheniya_452,Модульный преобразователь DC/DC Иртыш ET-H28H-3V3P75R23,Модульный преобразователь DC/DC Иртыш ET-H28H-3V3P75R23⚡Серия «ИРТЫШ»®⚡DC/DC модульные преобразователи ✔ полная «PIN-TO-PIN» совместимость с продукцией VICOR⚡Производство преобразователей напряжения ЭКБ ТЕСТ,ЭКБ ТЕСТ — надёжный партнёр для вашего бизнеса. Комплексные решения в микроэлектронике. Адекватные цены на производство преобразователей. Разумные сроки. Индивидуальный подход.,Модульные преобразователи ИРТЫШ,modulnye-preobrazovateli-irtysh,proizvodstvo-preobrazovatelej-napryazheniya_section_2
proizvodstvo-preobrazovatelej-napryazheniya_520,Модульный преобразователь DC/DC Иртыш ET-H28M-05VP75R23,Y,modulnyj-preobrazovatel-dc-dc-irtysh-et-h28m-05vp75r23,52100,,,,,,,ЭКБ ТЕСТ,DC/DC,,ET-H28M-05VP75R23,,,,,,,,,,,,proizvodstvo-preobrazovatelej-napryazheniya_461,Модульный преобразователь DC/DC Иртыш ET-H28M-05VP75R23,Модульный преобразователь DC/DC Иртыш ET-H28M-05VP75R23⚡Серия «ИРТЫШ»®⚡DC/DC модульные преобразователи ✔ полная «PIN-TO-PIN» совместимость с продукцией VICOR⚡Производство преобразователей напряжения ЭКБ ТЕСТ,ЭКБ ТЕСТ — надёжный партнёр для вашего бизнеса. Комплексные решения в микроэлектронике. Адекватные цены на производство преобразователей. Разумные сроки. Индивидуальный подход.,Модульные преобразователи ИРТЫШ,modulnye-preobrazovateli-irtysh,proizvodstvo-preobrazovatelej-napryazheniya_section_2
proizvodstvo-preobrazovatelej-napryazheniya_521,Модульный преобразователь DC/DC Иртыш ET-H28M-12VP125R23,Y,modulnyj-preobrazovatel-dc-dc-irtysh-et-h28m-12vp125r23,52200,,,,,,,ЭКБ ТЕСТ,DC/DC,,ET-H28M-12VP125R23,,,,,,,,,,,,proizvodstvo-preobrazovatelej-napryazheniya_462,Модульный преобразователь DC/DC Иртыш ET-H28M-12VP125R23,Модульный преобразователь DC/DC Иртыш ET-H28M-12VP125R23⚡Серия «ИРТЫШ»®⚡DC/DC модульные преобразователи ✔ полная «PIN-TO-PIN» совместимость с продукцией VICOR⚡Производство преобразователей напряжения ЭКБ ТЕСТ,ЭКБ ТЕСТ — надёжный партнёр для вашего бизнеса. Комплексные решения в микроэлектронике. Адекватные цены на производство преобразователей. Разумные сроки. Индивидуальный подход.,Модульные преобразователи ИРТЫШ,modulnye-preobrazovateli-irtysh,proizvodstvo-preobrazovatelej-napryazheniya_section_2
proizvodstvo-preobrazovatelej-napryazheniya_522,Модульный преобразователь DC/DC Иртыш ET-H28M-3V3P75R23,Y,modulnyj-preobrazovatel-dc-dc-irtysh-et-h28m-3v3p75r23,52300,,,,,,,ЭКБ ТЕСТ,DC/DC,,ET-H28M-3V3P75R23,,,,,,,,,,,,proizvodstvo-preobrazovatelej-napryazheniya_460,Модульный преобразователь DC/DC Иртыш ET-H28M-3V3P75R23,Модульный преобразователь DC/DC Иртыш ET-H28M-3V3P75R23⚡Серия «ИРТЫШ»®⚡DC/DC модульные преобразователи ✔ полная «PIN-TO-PIN» совместимость с продукцией VICOR⚡Производство преобразователей напряжения ЭКБ ТЕСТ,ЭКБ ТЕСТ — надёжный партнёр для вашего бизнеса. Комплексные решения в микроэлектронике. Адекватные цены на производство преобразователей. Разумные сроки. Индивидуальный подход.,Модульные преобразователи ИРТЫШ,modulnye-preobrazovateli-irtysh,proizvodstvo-preobrazovatelej-napryazheniya_section_2
proizvodstvo-preobrazovatelej-napryazheniya_523,Модульный преобразователь DC/DC Иртыш ET-Q24H-12VP100R23,Y,modulnyj-preobrazovatel-dc-dc-irtysh-et-q24h-12vp100r23,52400,,,,,,,ЭКБ ТЕСТ,DC/DC,,ET-Q24H-12VP100R23,,,,,,,,,,,,proizvodstvo-preobrazovatelej-napryazheniya_367,Модульный преобразователь DC/DC Иртыш ET-Q24H-12VP100R23,Модульный преобразователь DC/DC Иртыш ET-Q24H-12VP100R23⚡Серия «ИРТЫШ»®⚡DC/DC модульные преобразователи ✔ полная «PIN-TO-PIN» совместимость с продукцией VICOR⚡Производство преобразователей напряжения ЭКБ ТЕСТ,ЭКБ ТЕСТ — надёжный партнёр для вашего бизнеса. Комплексные решения в микроэлектронике. Адекватные цены на производство преобразователей. Разумные сроки. Индивидуальный подход.,Модульные преобразователи ИРТЫШ,modulnye-preobrazovateli-irtysh,proizvodstvo-preobrazovatelej-napryazheniya_section_2
proizvodstvo-preobrazovatelej-napryazheniya_524,Модульный преобразователь DC/DC Иртыш ET-Q24H-15VP100R23,Y,modulnyj-preobrazovatel-dc-dc-irtysh-et-q24h-15vp100r23,52500,,,,,,,ЭКБ ТЕСТ,DC/DC,,ET-Q24H-15VP100R23,,,,,,,,,,,,proizvodstvo-preobrazovatelej-napryazheniya_368,Модульный преобразователь DC/DC Иртыш ET-Q24H-15VP100R23,Модульный преобразователь DC/DC Иртыш ET-Q24H-15VP100R23⚡Серия «ИРТЫШ»®⚡DC/DC модульные преобразователи ✔ полная «PIN-TO-PIN» совместимость с продукцией VICOR⚡Производство преобразователей напряжения ЭКБ ТЕСТ,ЭКБ ТЕСТ — надёжный партнёр для вашего бизнеса. Комплексные решения в микроэлектронике. Адекватные цены на производство преобразователей. Разумные сроки. Индивидуальный подход.,Модульные преобразователи ИРТЫШ,modulnye-preobrazovateli-irtysh,proizvodstvo-preobrazovatelej-napryazheniya_section_2
proizvodstvo-preobrazovatelej-napryazheniya_525,Модульный преобразователь DC/DC Иртыш ET-Q24H-24VP100R23,Y,modulnyj-preobrazovatel-dc-dc-irtysh-et-q24h-24vp100r23,52600,,,,,,,ЭКБ ТЕСТ,DC/DC,,ET-Q24H-24VP100R23,,,,,,,,,,,,proizvodstvo-preobrazovatelej-napryazheniya_369,Модульный преобразователь DC/DC Иртыш ET-Q24H-24VP100R23,Модульный преобразователь DC/DC Иртыш ET-Q24H-24VP100R23⚡Серия «ИРТЫШ»®⚡DC/DC модульные преобразователи ✔ полная «PIN-TO-PIN» совместимость с продукцией VICOR⚡Производство преобразователей напряжения ЭКБ ТЕСТ,ЭКБ ТЕСТ — надёжный партнёр для вашего бизнеса. Комплексные решения в микроэлектронике. Адекватные цены на производство преобразователей. Разумные сроки. Индивидуальный подход.,Модульные преобразователи ИРТЫШ,modulnye-preobrazovateli-irtysh,proizvodstvo-preobrazovatelej-napryazheniya_section_2
proizvodstvo-preobrazovatelej-napryazheniya_526,Модульный преобразователь DC/DC Иртыш ET-Q24H-28VP100R23,Y,modulnyj-preobrazovatel-dc-dc-irtysh-et-q24h-28vp100r23,52700,,,,,,,ЭКБ ТЕСТ,DC/DC,,ET-Q24H-28VP100R23,,,,,,,,,,,,proizvodstvo-preobrazovatelej-napryazheniya_370,Модульный преобразователь DC/DC Иртыш ET-Q24H-28VP100R23,Модульный преобразователь DC/DC Иртыш ET-Q24H-28VP100R23⚡Серия «ИРТЫШ»®⚡DC/DC модульные преобразователи ✔ полная «PIN-TO-PIN» совместимость с продукцией VICOR⚡Производство преобразователей напряжения ЭКБ ТЕСТ,ЭКБ ТЕСТ — надёжный партнёр для вашего бизнеса. Комплексные решения в микроэлектронике. Адекватные цены на производство преобразователей. Разумные сроки. Индивидуальный подход.,Модульные преобразователи ИРТЫШ,modulnye-preobrazovateli-irtysh,proizvodstvo-preobrazovatelej-napryazheniya_section_2
proizvodstvo-preobrazovatelej-napryazheniya_527,Модульный преобразователь DC/DC Иртыш ET-Q24H-36VP100R23,Y,modulnyj-preobrazovatel-dc-dc-irtysh-et-q24h-36vp100r23,52800,,,,,,,ЭКБ ТЕСТ,DC/DC,,ET-Q24H-36VP100R23,,,,,,,,,,,,proizvodstvo-preobrazovatelej-napryazheniya_371,Модульный преобразователь DC/DC Иртыш ET-Q24H-36VP100R23,Модульный преобразователь DC/DC Иртыш ET-Q24H-36VP100R23⚡Серия «ИРТЫШ»®⚡DC/DC модульные преобразователи ✔ полная «PIN-TO-PIN» совместимость с продукцией VICOR⚡Производство преобразователей напряжения ЭКБ ТЕСТ,ЭКБ ТЕСТ — надёжный партнёр для вашего бизнеса. Комплексные решения в микроэлектронике. Адекватные цены на производство преобразователей. Разумные сроки. Индивидуальный подход.,Модульные преобразователи ИРТЫШ,modulnye-preobrazovateli-irtysh,proizvodstvo-preobrazovatelej-napryazheniya_section_2
proizvodstvo-preobrazovatelej-napryazheniya_528,Модульный преобразователь DC/DC Иртыш ET-Q24H-48VP100R23,Y,modulnyj-preobrazovatel-dc-dc-irtysh-et-q24h-48vp100r23,52900,,,,,,,ЭКБ ТЕСТ,DC/DC,,ET-Q24H-48VP100R23,,,,,,,,,,,,proizvodstvo-preobrazovatelej-napryazheniya_372,Модульный преобразователь DC/DC Иртыш ET-Q24H-48VP100R23,Модульный преобразователь DC/DC Иртыш ET-Q24H-48VP100R23⚡Серия «ИРТЫШ»®⚡DC/DC модульные преобразователи ✔ полная «PIN-TO-PIN» совместимость с продукцией VICOR⚡Производство преобразователей напряжения ЭКБ ТЕСТ,ЭКБ ТЕСТ — надёжный партнёр для вашего бизнеса. Комплексные решения в микроэлектронике. Адекватные цены на производство преобразователей. Разумные сроки. Индивидуальный подход.,Модульные преобразователи ИРТЫШ,modulnye-preobrazovateli-irtysh,proizvodstvo-preobrazovatelej-napryazheniya_section_2
proizvodstvo-preobrazovatelej-napryazheniya_529,Модульный преобразователь DC/DC Иртыш ET-Q24M-12VP100R23,Y,modulnyj-preobrazovatel-dc-dc-irtysh-et-q24m-12vp100r23,53000,,,,,,,ЭКБ ТЕСТ,DC/DC,,ET-Q24M-12VP100R23,,,,,,,,,,,,proizvodstvo-preobrazovatelej-napryazheniya_376,Модульный преобразователь DC/DC Иртыш ET-Q24M-12VP100R23,Модульный преобразователь DC/DC Иртыш ET-Q24M-12VP100R23⚡Серия «ИРТЫШ»®⚡DC/DC модульные преобразователи ✔ полная «PIN-TO-PIN» совместимость с продукцией VICOR⚡Производство преобразователей напряжения ЭКБ ТЕСТ,ЭКБ ТЕСТ — надёжный партнёр для вашего бизнеса. Комплексные решения в микроэлектронике. Адекватные цены на производство преобразователей. Разумные сроки. Индивидуальный подход.,Модульные преобразователи ИРТЫШ,modulnye-preobrazovateli-irtysh,proizvodstvo-preobrazovatelej-napryazheniya_section_2
proizvodstvo-preobrazovatelej-napryazheniya_530,Модульный преобразователь DC/DC Иртыш ET-Q24M-15VP100R23,Y,modulnyj-preobrazovatel-dc-dc-irtysh-et-q24m-15vp100r23,53100,,,,,,,ЭКБ ТЕСТ,DC/DC,,ET-Q24M-15VP100R23,,,,,,,,,,,,proizvodstvo-preobrazovatelej-napryazheniya_377,Модульный преобразователь DC/DC Иртыш ET-Q24M-15VP100R23,Модульный преобразователь DC/DC Иртыш ET-Q24M-15VP100R23⚡Серия «ИРТЫШ»®⚡DC/DC модульные преобразователи ✔ полная «PIN-TO-PIN» совместимость с продукцией VICOR⚡Производство преобразователей напряжения ЭКБ ТЕСТ,ЭКБ ТЕСТ — надёжный партнёр для вашего бизнеса. Комплексные решения в микроэлектронике. Адекватные цены на производство преобразователей. Разумные сроки. Индивидуальный подход.,Модульные преобразователи ИРТЫШ,modulnye-preobrazovateli-irtysh,proizvodstvo-preobrazovatelej-napryazheniya_section_2
proizvodstvo-preobrazovatelej-napryazheniya_531,Модульный преобразователь DC/DC Иртыш ET-Q24M-24VP100R23,Y,modulnyj-preobrazovatel-dc-dc-irtysh-et-q24m-24vp100r23,53200,,,,,,,ЭКБ ТЕСТ,DC/DC,,ET-Q24M-24VP100R23,,,,,,,,,,,,proizvodstvo-preobrazovatelej-napryazheniya_378,Модульный преобразователь DC/DC Иртыш ET-Q24M-24VP100R23,Модульный преобразователь DC/DC Иртыш ET-Q24M-24VP100R23⚡Серия «ИРТЫШ»®⚡DC/DC модульные преобразователи ✔ полная «PIN-TO-PIN» совместимость с продукцией VICOR⚡Производство преобразователей напряжения ЭКБ ТЕСТ,ЭКБ ТЕСТ — надёжный партнёр для вашего бизнеса. Комплексные решения в микроэлектронике. Адекватные цены на производство преобразователей. Разумные сроки. Индивидуальный подход.,Модульные преобразователи ИРТЫШ,modulnye-preobrazovateli-irtysh,proizvodstvo-preobrazovatelej-napryazheniya_section_2
proizvodstvo-preobrazovatelej-napryazheniya_532,Модульный преобразователь DC/DC Иртыш ET-Q24M-28VP100R23,Y,modulnyj-preobrazovatel-dc-dc-irtysh-et-q24m-28vp100r23,53300,,,,,,,ЭКБ ТЕСТ,DC/DC,,ET-Q24M-28VP100R23,,,,,,,,,,,,proizvodstvo-preobrazovatelej-napryazheniya_379,Модульный преобразователь DC/DC Иртыш ET-Q24M-28VP100R23,Модульный преобразователь DC/DC Иртыш ET-Q24M-28VP100R23⚡Серия «ИРТЫШ»®⚡DC/DC модульные преобразователи ✔ полная «PIN-TO-PIN» совместимость с продукцией VICOR⚡Производство преобразователей напряжения ЭКБ ТЕСТ,ЭКБ ТЕСТ — надёжный партнёр для вашего бизнеса. Комплексные решения в микроэлектронике. Адекватные цены на производство преобразователей. Разумные сроки. Индивидуальный подход.,Модульные преобразователи ИРТЫШ,modulnye-preobrazovateli-irtysh,proizvodstvo-preobrazovatelej-napryazheniya_section_2
proizvodstvo-preobrazovatelej-napryazheniya_533,Модульный преобразователь DC/DC Иртыш ET-Q24M-36VP100R23,Y,modulnyj-preobrazovatel-dc-dc-irtysh-et-q24m-36vp100r23,53400,,,,,,,ЭКБ ТЕСТ,DC/DC,,ET-Q24M-36VP100R23,,,,,,,,,,,,proizvodstvo-preobrazovatelej-napryazheniya_380,Модульный преобразователь DC/DC Иртыш ET-Q24M-36VP100R23,Модульный преобразователь DC/DC Иртыш ET-Q24M-36VP100R23⚡Серия «ИРТЫШ»®⚡DC/DC модульные преобразователи ✔ полная «PIN-TO-PIN» совместимость с продукцией VICOR⚡Производство преобразователей напряжения ЭКБ ТЕСТ,ЭКБ ТЕСТ — надёжный партнёр для вашего бизнеса. Комплексные решения в микроэлектронике. Адекватные цены на производство преобразователей. Разумные сроки. Индивидуальный подход.,Модульные преобразователи ИРТЫШ,modulnye-preobrazovateli-irtysh,proizvodstvo-preobrazovatelej-napryazheniya_section_2
proizvodstvo-preobrazovatelej-napryazheniya_534,Модульный преобразователь DC/DC Иртыш ET-Q24M-48VP100R23,Y,modulnyj-preobrazovatel-dc-dc-irtysh-et-q24m-48vp100r23,53500,,,,,,,ЭКБ ТЕСТ,DC/DC,,ET-Q24M-48VP100R23,,,,,,,,,,,,proizvodstvo-preobrazovatelej-napryazheniya_381,Модульный преобразователь DC/DC Иртыш ET-Q24M-48VP100R23,Модульный преобразователь DC/DC Иртыш ET-Q24M-48VP100R23⚡Серия «ИРТЫШ»®⚡DC/DC модульные преобразователи ✔ полная «PIN-TO-PIN» совместимость с продукцией VICOR⚡Производство преобразователей напряжения ЭКБ ТЕСТ,ЭКБ ТЕСТ — надёжный партнёр для вашего бизнеса. Комплексные решения в микроэлектронике. Адекватные цены на производство преобразователей. Разумные сроки. Индивидуальный подход.,Модульные преобразователи ИРТЫШ,modulnye-preobrazovateli-irtysh,proizvodstvo-preobrazovatelej-napryazheniya_section_2
proizvodstvo-preobrazovatelej-napryazheniya_535,Модульный преобразователь DC/DC Иртыш ET-Q28H-05VP50R23,Y,modulnyj-preobrazovatel-dc-dc-irtysh-et-q28h-05vp50r23,53600,,,,,,,ЭКБ ТЕСТ,DC/DC,,ET-Q28H-05VP50R23,,,,,,,,,,,,proizvodstvo-preobrazovatelej-napryazheniya_469,Модульный преобразователь DC/DC Иртыш ET-Q28H-05VP50R23,Модульный преобразователь DC/DC Иртыш ET-Q28H-05VP50R23⚡Серия «ИРТЫШ»®⚡DC/DC модульные преобразователи ✔ полная «PIN-TO-PIN» совместимость с продукцией VICOR⚡Производство преобразователей напряжения ЭКБ ТЕСТ,ЭКБ ТЕСТ — надёжный партнёр для вашего бизнеса. Комплексные решения в микроэлектронике. Адекватные цены на производство преобразователей. Разумные сроки. Индивидуальный подход.,Модульные преобразователи ИРТЫШ,modulnye-preobrazovateli-irtysh,proizvodstvo-preobrazovatelej-napryazheniya_section_2
proizvodstvo-preobrazovatelej-napryazheniya_536,Модульный преобразователь DC/DC Иртыш ET-Q28M-05VP50R23,Y,modulnyj-preobrazovatel-dc-dc-irtysh-et-q28m-05vp50r23,53700,,,,,,,ЭКБ ТЕСТ,DC/DC,,ET-Q28M-05VP50R23,,,,,,,,,,,,proizvodstvo-preobrazovatelej-napryazheniya_477,Модульный преобразователь DC/DC Иртыш ET-Q28M-05VP50R23,Модульный преобразователь DC/DC Иртыш ET-Q28M-05VP50R23⚡Серия «ИРТЫШ»®⚡DC/DC модульные преобразователи ✔ полная «PIN-TO-PIN» совместимость с продукцией VICOR⚡Производство преобразователей напряжения ЭКБ ТЕСТ,ЭКБ ТЕСТ — надёжный партнёр для вашего бизнеса. Комплексные решения в микроэлектронике. Адекватные цены на производство преобразователей. Разумные сроки. Индивидуальный подход.,Модульные преобразователи ИРТЫШ,modulnye-preobrazovateli-irtysh,proizvodstvo-preobrazovatelej-napryazheniya_section_2
proizvodstvo-preobrazovatelej-napryazheniya_537,Модульный преобразователь DC/DC Иртыш ET-Q300H-3V3P050R23,Y,modulnyj-preobrazovatel-dc-dc-irtysh-et-q300h-3v3p050r23,53800,,,,,,,ЭКБ ТЕСТ,DC/DC,,ET-Q300H-3V3P050R23,,,,,,,,,,,,proizvodstvo-preobrazovatelej-napryazheniya_418,Модульный преобразователь DC/DC Иртыш ET-Q300H-3V3P050R23,Модульный преобразователь DC/DC Иртыш ET-Q300H-3V3P050R23⚡Серия «ИРТЫШ»®⚡DC/DC модульные преобразователи ✔ полная «PIN-TO-PIN» совместимость с продукцией VICOR⚡Производство преобразователей напряжения ЭКБ ТЕСТ,ЭКБ ТЕСТ — надёжный партнёр для вашего бизнеса. Комплексные решения в микроэлектронике. Адекватные цены на производство преобразователей. Разумные сроки. Индивидуальный подход.,Модульные преобразователи ИРТЫШ,modulnye-preobrazovateli-irtysh,proizvodstvo-preobrazovatelej-napryazheniya_section_2
proizvodstvo-preobrazovatelej-napryazheniya_538,Модульный преобразователь DC/DC Иртыш ET-Q300M-3V3P050R23,Y,modulnyj-preobrazovatel-dc-dc-irtysh-et-q300m-3v3p050r23,53900,,,,,,,ЭКБ ТЕСТ,DC/DC,,ET-Q300M-3V3P050R23,,,,,,,,,,,,proizvodstvo-preobrazovatelej-napryazheniya_427,Модульный преобразователь DC/DC Иртыш ET-Q300M-3V3P050R23,Модульный преобразователь DC/DC Иртыш ET-Q300M-3V3P050R23⚡Серия «ИРТЫШ»®⚡DC/DC модульные преобразователи ✔ полная «PIN-TO-PIN» совместимость с продукцией VICOR⚡Производство преобразователей напряжения ЭКБ ТЕСТ,ЭКБ ТЕСТ — надёжный партнёр для вашего бизнеса. Комплексные решения в микроэлектронике. Адекватные цены на производство преобразователей. Разумные сроки. Индивидуальный подход.,Модульные преобразователи ИРТЫШ,modulnye-preobrazovateli-irtysh,proizvodstvo-preobrazovatelej-napryazheniya_section_2